type,circuit,level,name,comment,qq,zz,pbsb,id,*name,part,type,divisor/values,unit,comment
*r,
*w,
*[parameter_level_status],,,parameter_level,,status
r,15,,Parameter_level,Ebene Einsteller 04-043,,,0621,04ab004a,tem_p,,TEM_P,,,,type,,UCH,0=none;2=on_off;4=Zeit;9=selection;13=Temperatur;64=Dauer;77=TemperaturSchwelle;141=TemperaturSoll;192=range,,Datentyp,unit,,UCH,0=none;2=_C;4=K;8=__0;10=h;12=min;16=kW;42=hh_mm,,Einheit,max,,SIN,,,Maximum,min,,SIN,,,Minimum,status,,UIN,0=User_Level;2=Expert_Level,,Abfrage des aktuellen Zugangslevels für die Einsteller
w,15,,Set_Global_passwort,Globales Passwort setzen (256) 04-042,,10,0623,04aa0040,password,,UIN,,,256
r,15,,WE_Vl_temp_ist_ping,Vorlauftemperatur Wärmeerzeuger 00-007,,,0621,00870042,tem_p,,TEM_P,,,,type,,UCH,0=none;2=on_off;4=Zeit;9=selection;13=Temperatur;64=Dauer;77=TemperaturSchwelle;141=TemperaturSoll;192=range,,Datentyp,unit,,UCH,0=none;2=_C;4=K;8=__0;10=h;12=min;16=kW;42=hh_mm,,Einheit,max,,SIN,10,°C,Maximum,min,,SIN,10,°C,Minimum,temp,,SIN,10,°C,Wärmeerzeuger Vorlauftemperatur
r,15,,WE_Rl_temp_ist_ping,Rücklauftemperatur Wärmeerzeuger 00-008,,,0621,00880042,tem_p,,TEM_P,,,,type,,UCH,0=none;2=on_off;4=Zeit;9=selection;13=Temperatur;64=Dauer;77=TemperaturSchwelle;141=TemperaturSoll;192=range,,Datentyp,unit,,UCH,0=none;2=_C;4=K;8=__0;10=h;12=min;16=kW;42=hh_mm,,Einheit,max,,SIN,10,°C,Maximum,min,,SIN,10,°C,Minimum,temp,,SIN,10,°C,Wärmeerzeuger Rücklauftemperatur
r,15,,WE_Wq_temp_out_ping,Wärmequelle Austrittstemperatur 00-070,,,0621,00c60042,tem_p,,TEM_P,,,,type,,UCH,0=none;2=on_off;4=Zeit;9=selection;13=Temperatur;64=Dauer;77=TemperaturSchwelle;141=TemperaturSoll;192=range,,Datentyp,unit,,UCH,0=none;2=_C;4=K;8=__0;10=h;12=min;16=kW;42=hh_mm,,Einheit,max,,SIN,10,°C,Maximum,min,,SIN,10,°C,Minimum,temp,,SIN,10,°C,Wärmequellen Austrittstemperatur vom Verdampfer
r,15,,WE_Wq_temp_in_ping,Wärmequelle Eintrittstemperatur 00-071,,,0621,00c70042,tem_p,,TEM_P,,,,type,,UCH,0=none;2=on_off;4=Zeit;9=selection;13=Temperatur;64=Dauer;77=TemperaturSchwelle;141=TemperaturSoll;192=range,,Datentyp,unit,,UCH,0=none;2=_C;4=K;8=__0;10=h;12=min;16=kW;42=hh_mm,,Einheit,max,,SIN,10,°C,Maximum,min,,SIN,10,°C,Minimum,temp,,SIN,10,°C,Wärmequellen Eintrittstemperatur zum Verdampfer
r,15,,WE_Status_ping,Status 02-053,,,0621,02b50042,tem_p,,TEM_P,,,,type,,UCH,0=none;2=on_off;4=Zeit;9=selection;13=Temperatur;64=Dauer;77=TemperaturSchwelle;141=TemperaturSoll;192=range,,Datentyp,unit,,UCH,0=none;2=_C;4=K;8=__0;10=h;12=min;16=kW;42=hh_mm,,Einheit,max,,SIN,,,Maximum,min,,SIN,,,Minimum,status,,UIN,0=Abgeschaltet;1=Heizbetrieb;2=Vorlauf_Heizbetrieb;3=Extern_gesperrt;4=Kuehlbetrieb;5=Vorlaufzeit_Kuehlbetrieb;6=Vorlaufzeit_Abtaubetrieb;7=Abtaubetrieb;8=Stoerung;9=Abtropfen;10=DT_UEberwachung;11=Abtau_Vorheizung;12=Abtauen_1,,WP Status
r,15,,WE_Betriebswahl_ping,Betriebswahl Wärmeerzeuger 09-075,,,0621,09cb0042,tem_p,,TEM_P,,,,type,,UCH,0=none;2=on_off;4=Zeit;9=selection;13=Temperatur;64=Dauer;77=TemperaturSchwelle;141=TemperaturSoll;192=range,,Datentyp,unit,,UCH,0=none;2=_C;4=K;8=__0;10=h;12=min;16=kW;42=hh_mm,,Einheit,max,,SIN,,,Maximum,min,,SIN,,,Minimum,status,,UIN,0=Aus;1=Automatik;2=Handbetrieb_Heizen;3=Handbetrieb_Kuehlen;6=Waermequellenpumpe,,Betriebswahl Wärmeerzeuger
r,15,,WE_Time,Uhrzeit 02-072,,,0621,02c80042,tem_p,,TEM_P,,,,type,,UCH,0=none;2=on_off;4=Zeit;9=selection;13=Temperatur;64=Dauer;77=TemperaturSchwelle;141=TemperaturSoll;192=range,,Datentyp,unit,,UCH,0=none;2=_C;4=K;8=__0;10=h;12=min;16=kW;42=hh_mm,,Einheit,max,,MIN,,,Maximum,min,,MIN,,,Minimum,time,,MIN,,,Uhrzeit
r,15,,WE_At,Aussentemperatur 00-000,,,0621,00800042,tem_p,,TEM_P,,,,type,,UCH,0=none;2=on_off;4=Zeit;9=selection;13=Temperatur;64=Dauer;77=TemperaturSchwelle;141=TemperaturSoll;192=range,,Datentyp,unit,,UCH,0=none;2=_C;4=K;8=__0;10=h;12=min;16=kW;42=hh_mm,,Einheit,max,,SIN,10,°C,Maximum,min,,SIN,10,°C,Minimum,temp,,SIN,10,°C,Aussentemperatur
r,15,,WE_Wd,Wochentag 02-073,,,0621,02c90042,tem_p,,TEM_P,,,,type,,UCH,0=none;2=on_off;4=Zeit;9=selection;13=Temperatur;64=Dauer;77=TemperaturSchwelle;141=TemperaturSoll;192=range,,Datentyp,unit,,UCH,0=none;2=_C;4=K;8=__0;10=h;12=min;16=kW;42=hh_mm,,Einheit,wd,,BDY,,,Weekday,ign,,IGN:1,,,,wd,,BDY,,,Weekday,ign,,IGN:1,,,,day,,BDY,,,Wochentag
r,15,,WE_Vl_temp_ist,Vorlauftemperatur Wärmeerzeuger 00-007,,,0621,7d800002,tem_p,,TEM_P,,,,type,,UCH,0=none;2=on_off;4=Zeit;9=selection;13=Temperatur;64=Dauer;77=TemperaturSchwelle;141=TemperaturSoll;192=range,,Datentyp,unit,,UCH,0=none;2=_C;4=K;8=__0;10=h;12=min;16=kW;42=hh_mm,,Einheit,max,,SIN,10,°C,Maximum,min,,SIN,10,°C,Minimum,temp,,SIN,10,°C,Wärmeerzeuger Vorlauftemperatur
r,15,,WE_Vl_temp_soll,Vorlauftemperatur Sollwert Anforderung Wärmeerzeuger 01-007,,,0621,7d810002,tem_p,,TEM_P,,,,type,,UCH,0=none;2=on_off;4=Zeit;9=selection;13=Temperatur;64=Dauer;77=TemperaturSchwelle;141=TemperaturSoll;192=range,,Datentyp,unit,,UCH,0=none;2=_C;4=K;8=__0;10=h;12=min;16=kW;42=hh_mm,,Einheit,max,,SIN,10,°C,Maximum,min,,SIN,10,°C,Minimum,temp,,SIN,10,°C,Berechneter Sollwert für die Wärmeerzeuger Vorlauftemperatur
r,15,,WE_Rl_temp_ist,Rücklauftemperatur Wärmeerzeuger 00-008,,,0621,7d820002,tem_p,,TEM_P,,,,type,,UCH,0=none;2=on_off;4=Zeit;9=selection;13=Temperatur;64=Dauer;77=TemperaturSchwelle;141=TemperaturSoll;192=range,,Datentyp,unit,,UCH,0=none;2=_C;4=K;8=__0;10=h;12=min;16=kW;42=hh_mm,,Einheit,max,,SIN,10,°C,Maximum,min,,SIN,10,°C,Minimum,temp,,SIN,10,°C,Wärmeerzeuger Rücklauftemperatur
r,15,,WE_Wq_temp_out,Wärmequelle Austrittstemperatur 00-070,,,0621,7d830002,tem_p,,TEM_P,,,,type,,UCH,0=none;2=on_off;4=Zeit;9=selection;13=Temperatur;64=Dauer;77=TemperaturSchwelle;141=TemperaturSoll;192=range,,Datentyp,unit,,UCH,0=none;2=_C;4=K;8=__0;10=h;12=min;16=kW;42=hh_mm,,Einheit,max,,SIN,10,°C,Maximum,min,,SIN,10,°C,Minimum,temp,,SIN,10,°C,Wärmequellen Austrittstemperatur vom Verdampfer
r,15,,WE_Wq_temp_in,Wärmequelle Eintrittstemperatur 00-071,,,0621,7d840002,tem_p,,TEM_P,,,,type,,UCH,0=none;2=on_off;4=Zeit;9=selection;13=Temperatur;64=Dauer;77=TemperaturSchwelle;141=TemperaturSoll;192=range,,Datentyp,unit,,UCH,0=none;2=_C;4=K;8=__0;10=h;12=min;16=kW;42=hh_mm,,Einheit,max,,SIN,10,°C,Maximum,min,,SIN,10,°C,Minimum,temp,,SIN,10,°C,Wärmequellen Eintrittstemperatur zum Verdampfer
r,15,,WE_Temp_hg,Heissgastemperatur 00-072,,,0621,7d850002,tem_p,,TEM_P,,,,type,,UCH,0=none;2=on_off;4=Zeit;9=selection;13=Temperatur;64=Dauer;77=TemperaturSchwelle;141=TemperaturSoll;192=range,,Datentyp,unit,,UCH,0=none;2=_C;4=K;8=__0;10=h;12=min;16=kW;42=hh_mm,,Einheit,max,,SIN,10,°C,Maximum,min,,SIN,10,°C,Minimum,temp,,SIN,10,°C,Heissgastemperatur im Kältekreis
r,15,,WE_Status,Status 02-053,,,0621,7d860002,tem_p,,TEM_P,,,,type,,UCH,0=none;2=on_off;4=Zeit;9=selection;13=Temperatur;64=Dauer;77=TemperaturSchwelle;141=TemperaturSoll;192=range,,Datentyp,unit,,UCH,0=none;2=_C;4=K;8=__0;10=h;12=min;16=kW;42=hh_mm,,Einheit,max,,SIN,,,Maximum,min,,SIN,,,Minimum,status,,UIN,0=Abgeschaltet;1=Heizbetrieb;2=Vorlauf_Heizbetrieb;3=Extern_gesperrt;4=Kuehlbetrieb;5=Vorlaufzeit_Kuehlbetrieb;6=Vorlaufzeit_Abtaubetrieb;7=Abtaubetrieb;8=Stoerung;9=Abtropfen;10=DT_UEberwachung;11=Abtau_Vorheizung;12=Abtauen_1,,WP Status
r,15,,Sz_1,Schaltzyklen 02-080,,,0621,7d870002,tem_p,,TEM_P,,,,type,,UCH,0=none;2=on_off;4=Zeit;9=selection;13=Temperatur;64=Dauer;77=TemperaturSchwelle;141=TemperaturSoll;192=range,,Datentyp,unit,,UCH,0=none;2=_C;4=K;8=__0;10=h;12=min;16=kW;42=hh_mm,,Einheit,uch,,UCH,,,,uch_1,,UCH,,,,count,,HCD,,,Einschaltzyklen des Kompressors
r,15,,Bs_1,Betriebsstunden 02-081,,,0621,7d880002,tem_p,,TEM_P,,,,type,,UCH,0=none;2=on_off;4=Zeit;9=selection;13=Temperatur;64=Dauer;77=TemperaturSchwelle;141=TemperaturSoll;192=range,,Datentyp,unit,,UCH,0=none;2=_C;4=K;8=__0;10=h;12=min;16=kW;42=hh_mm,,Einheit,uch,,UCH,,,,uch_1,,UCH,,,,hours,,HCD,100,h,Betriebsstunden des Kompressors
r,15,,Bs_2,Betriebsstunden 2. Stufe 02-082,,,0621,7d890002,tem_p,,TEM_P,,,,type,,UCH,0=none;2=on_off;4=Zeit;9=selection;13=Temperatur;64=Dauer;77=TemperaturSchwelle;141=TemperaturSoll;192=range,,Datentyp,unit,,UCH,0=none;2=_C;4=K;8=__0;10=h;12=min;16=kW;42=hh_mm,,Einheit,uch,,UCH,,,,uch_1,,UCH,,,,hours,,HCD,100,h,Betriebsstunden des Kompressors 2te Stufe
r,15,,Sz_2,Schaltzyklen 2. Stufe 02-083,,,0621,7d8a0002,tem_p,,TEM_P,,,,type,,UCH,0=none;2=on_off;4=Zeit;9=selection;13=Temperatur;64=Dauer;77=TemperaturSchwelle;141=TemperaturSoll;192=range,,Datentyp,unit,,UCH,0=none;2=_C;4=K;8=__0;10=h;12=min;16=kW;42=hh_mm,,Einheit,uch,,UCH,,,,uch_1,,UCH,,,,count,,HCD,,,Einschaltzyklen des Kompressors 2te Stufe
r,15,,Vl_temp_ww,Vorlauftemperatur separate WW Energiemessung 21-004,,,0621,7d8b0002,tem_p,,TEM_P,,,,type,,UCH,0=none;2=on_off;4=Zeit;9=selection;13=Temperatur;64=Dauer;77=TemperaturSchwelle;141=TemperaturSoll;192=range,,Datentyp,unit,,UCH,0=none;2=_C;4=K;8=__0;10=h;12=min;16=kW;42=hh_mm,,Einheit,max,,SIN,10,°C,Maximum,min,,SIN,10,°C,Minimum,temp,,SIN,10,°C,Vorlauftemperatur für die separate Warmwasser Ladeenergiemessung
[parameter_level_status='User_Level']r,15,,Typ,Wärmeerzeuger Typ 09-007,,,0621,69800002,tem_p,,TEM_P,,,,type,,UCH,0=none;2=on_off;4=Zeit;9=selection;13=Temperatur;64=Dauer;77=TemperaturSchwelle;141=TemperaturSoll;192=range,,Datentyp,unit,,UCH,0=none;2=_C;4=K;8=__0;10=h;12=min;16=kW;42=hh_mm,,Einheit,max,,SIN,,,Maximum,min,,SIN,,,Minimum,status,,UIN,0=kein_Waermeerzeuger_aktiv;1=Steuerbarer_Waermeerzeuger_ohne_Schutzfunktion,,Wärmeerzeuger Typ
[parameter_level_status='User_Level']w,15,,Set_Typ,Wärmeerzeuger Typ 09-007,,10,0623,69800002,status,,UIN,0=kein_Waermeerzeuger_aktiv;1=Steuerbarer_Waermeerzeuger_ohne_Schutzfunktion,,Wärmeerzeuger Typ
[parameter_level_status='User_Level']r,15,,WE_Betriebswahl,Betriebswahl Wärmeerzeuger 09-075,,,0621,69810002,tem_p,,TEM_P,,,,type,,UCH,0=none;2=on_off;4=Zeit;9=selection;13=Temperatur;64=Dauer;77=TemperaturSchwelle;141=TemperaturSoll;192=range,,Datentyp,unit,,UCH,0=none;2=_C;4=K;8=__0;10=h;12=min;16=kW;42=hh_mm,,Einheit,max,,SIN,,,Maximum,min,,SIN,,,Minimum,status,,UIN,0=Aus;1=Automatik;2=Handbetrieb_Heizen;3=Handbetrieb_Kuehlen;6=Waermequellenpumpe,,Betriebswahl Wärmeerzeuger
[parameter_level_status='User_Level']w,15,,Set_WE_Betriebswahl,Betriebswahl Wärmeerzeuger 09-075,,10,0623,69810002,status,,UIN,0=Aus;1=Automatik;2=Handbetrieb_Heizen;3=Handbetrieb_Kuehlen;6=Waermequellenpumpe,,Betriebswahl Wärmeerzeuger
[parameter_level_status='User_Level']r,15,,WE_Applikationstyp,Applikationstyp Wärmepumpe 15-006,,,0621,69820002,tem_p,,TEM_P,,,,type,,UCH,0=none;2=on_off;4=Zeit;9=selection;13=Temperatur;64=Dauer;77=TemperaturSchwelle;141=TemperaturSoll;192=range,,Datentyp,unit,,UCH,0=none;2=_C;4=K;8=__0;10=h;12=min;16=kW;42=hh_mm,,Einheit,max,,SIN,,,Maximum,min,,SIN,,,Minimum,status,,UIN,0=nicht_aktiv;1=Sole_oder_Wasser_WP;2=Sole_oder_Wasser_WP_Hochtemperatur;3=Sole_oder_Wasser_WP_Tandem;4=Sole_oder_Wasser_WP_Tandem_mit_modulierender_zweiter_Stufe;5=Sole_oder_Wasser_WP_Reversible;6=Sole_oder_Wasser_WP_Reversible_Tandem;7=Sole_oder_Wasser_WP_Reversible_Tandem_mit_modulierender_zweiter_Stufe;8=Luft_WP;9=Luft_WP_Hochtemperatur;10=Luft_WP_Tandem;11=Luft_WP_Tandem_mit_modulierender_zweiter_Stufe;12=Luft_WP_Reversible;13=Luft_WP_Reversible_Tandem;14=Luft_WP_Reversible_Tandem_mit_modulierender_zweiter_Stufe,,Damit kann ein vordefinierter Parametersatz für die Wärmepumpenfunktion geladen werden
[parameter_level_status='User_Level']w,15,,Set_WE_Applikationstyp,Applikationstyp Wärmepumpe 15-006,,10,0623,69820002,status,,UIN,0=nicht_aktiv;1=Sole_oder_Wasser_WP;2=Sole_oder_Wasser_WP_Hochtemperatur;3=Sole_oder_Wasser_WP_Tandem;4=Sole_oder_Wasser_WP_Tandem_mit_modulierender_zweiter_Stufe;5=Sole_oder_Wasser_WP_Reversible;6=Sole_oder_Wasser_WP_Reversible_Tandem;7=Sole_oder_Wasser_WP_Reversible_Tandem_mit_modulierender_zweiter_Stufe;8=Luft_WP;9=Luft_WP_Hochtemperatur;10=Luft_WP_Tandem;11=Luft_WP_Tandem_mit_modulierender_zweiter_Stufe;12=Luft_WP_Reversible;13=Luft_WP_Reversible_Tandem;14=Luft_WP_Reversible_Tandem_mit_modulierender_zweiter_Stufe,,Damit kann ein vordefinierter Parametersatz für die Wärmepumpenfunktion geladen werden
[parameter_level_status='Expert_Level']r,15,,Ebus_adresse,eBUS Wärmeerzeuger Adresse 04-027,,,0621,69800002,tem_p,,TEM_P,,,,type,,UCH,0=none;2=on_off;4=Zeit;9=selection;13=Temperatur;64=Dauer;77=TemperaturSchwelle;141=TemperaturSoll;192=range,,Datentyp,unit,,UCH,0=none;2=_C;4=K;8=__0;10=h;12=min;16=kW;42=hh_mm,,Einheit,max,,SIN,,,Maximum,min,,SIN,,,Minimum,status,,UIN,0=kein;11=WE1;12=WE2;13=WE3;14=WE4;15=WE5;22=WE6;23=WE7;24=WE8,,Mit diesem Einsteller kann eine Feuerungsautomat in die Wäremerzeugerfunktion eingebunden werden.
[parameter_level_status='Expert_Level']w,15,,Set_Ebus_adresse,eBUS Wärmeerzeuger Adresse 04-027,,10,0623,69800002,status,,UIN,0=kein;11=WE1;12=WE2;13=WE3;14=WE4;15=WE5;22=WE6;23=WE7;24=WE8,,Mit diesem Einsteller kann eine Feuerungsautomat in die Wäremerzeugerfunktion eingebunden werden.
[parameter_level_status='Expert_Level']r,15,,WE_Nachlauf_pumpe,Nachlaufzeit Wärmeerzeuger Pumpe 09-000,,,0621,69810002,tem_p,,TEM_P,,,,type,,UCH,0=none;2=on_off;4=Zeit;9=selection;13=Temperatur;64=Dauer;77=TemperaturSchwelle;141=TemperaturSoll;192=range,,Datentyp,unit,,UCH,0=none;2=_C;4=K;8=__0;10=h;12=min;16=kW;42=hh_mm,,Einheit,max,,SIN,,,Maximum,min,,SIN,,,Minimum,value,,SIN,10,min,Die Wärmeerzeugerpumpe lbiebt nach Abschalten der Wärmeerzeugeranforderung für die hier eingestellte Nachlaufzeit in Betrieb.
[parameter_level_status='Expert_Level']w,15,,Set_WE_Nachlauf_pumpe,Nachlaufzeit Wärmeerzeuger Pumpe 09-000,,10,0623,69810002,value,,SIN,10,min,Die Wärmeerzeugerpumpe lbiebt nach Abschalten der Wärmeerzeugeranforderung für die hier eingestellte Nachlaufzeit in Betrieb.
[parameter_level_status='Expert_Level']r,15,,Einschaltverzoegerung,Einschaltverzögerung Wärmeerzeuger 09-004,,,0621,69820002,tem_p,,TEM_P,,,,type,,UCH,0=none;2=on_off;4=Zeit;9=selection;13=Temperatur;64=Dauer;77=TemperaturSchwelle;141=TemperaturSoll;192=range,,Datentyp,unit,,UCH,0=none;2=_C;4=K;8=__0;10=h;12=min;16=kW;42=hh_mm,,Einheit,max,,SIN,,,Maximum,min,,SIN,,,Minimum,value,,SIN,10,min,Einschaltverzögerung des Wärmeerzeugers nach einer Wärmeanforderung.
[parameter_level_status='Expert_Level']w,15,,Set_Einschaltverzoegerung,Einschaltverzögerung Wärmeerzeuger 09-004,,10,0623,69820002,value,,SIN,10,min,Einschaltverzögerung des Wärmeerzeugers nach einer Wärmeanforderung.
[parameter_level_status='Expert_Level']r,15,,Typ,Wärmeerzeuger Typ 09-007,,,0621,69830002,tem_p,,TEM_P,,,,type,,UCH,0=none;2=on_off;4=Zeit;9=selection;13=Temperatur;64=Dauer;77=TemperaturSchwelle;141=TemperaturSoll;192=range,,Datentyp,unit,,UCH,0=none;2=_C;4=K;8=__0;10=h;12=min;16=kW;42=hh_mm,,Einheit,max,,SIN,,,Maximum,min,,SIN,,,Minimum,status,,UIN,0=kein_Waermeerzeuger_aktiv;1=Steuerbarer_Waermeerzeuger_ohne_Schutzfunktion,,Wärmeerzeuger Typ
[parameter_level_status='Expert_Level']w,15,,Set_Typ,Wärmeerzeuger Typ 09-007,,10,0623,69830002,status,,UIN,0=kein_Waermeerzeuger_aktiv;1=Steuerbarer_Waermeerzeuger_ohne_Schutzfunktion,,Wärmeerzeuger Typ
[parameter_level_status='Expert_Level']r,15,,Bedingte_freigabe,Bedingte Freigabe Wärmeerzeuger 09-011,,,0621,69840002,tem_p,,TEM_P,,,,type,,UCH,0=none;2=on_off;4=Zeit;9=selection;13=Temperatur;64=Dauer;77=TemperaturSchwelle;141=TemperaturSoll;192=range,,Datentyp,unit,,UCH,0=none;2=_C;4=K;8=__0;10=h;12=min;16=kW;42=hh_mm,,Einheit,max,,SIN,,,Maximum,min,,SIN,,,Minimum,status,,UIN,0=Frei;1=Gesperrt;2=TA_BiP;3=TA_BiP_1,,Mit dieser Einstellung kann eine bedingte Freigabe für den Wärmeerzeuger eingestellt werden.
[parameter_level_status='Expert_Level']w,15,,Set_Bedingte_freigabe,Bedingte Freigabe Wärmeerzeuger 09-011,,10,0623,69840002,status,,UIN,0=Frei;1=Gesperrt;2=TA_BiP;3=TA_BiP_1,,Mit dieser Einstellung kann eine bedingte Freigabe für den Wärmeerzeuger eingestellt werden.
[parameter_level_status='Expert_Level']r,15,,Atemp_freigabe,Aussentemperatur Freigabe 09-012,,,0621,69850002,tem_p,,TEM_P,,,,type,,UCH,0=none;2=on_off;4=Zeit;9=selection;13=Temperatur;64=Dauer;77=TemperaturSchwelle;141=TemperaturSoll;192=range,,Datentyp,unit,,UCH,0=none;2=_C;4=K;8=__0;10=h;12=min;16=kW;42=hh_mm,,Einheit,max,,SIN,2,°C,Maximum,min,,SIN,2,°C,Minimum,temp,,SIN,2,°C,Mit der Einstellung wird die Aussentemperatur bei der die bedingte Freigabe des Wärmeerzeugers erfolgt bestimmt.
[parameter_level_status='Expert_Level']w,15,,Set_Atemp_freigabe,Aussentemperatur Freigabe 09-012,,10,0623,69850002,temp,,SIN,2,°C,Mit der Einstellung wird die Aussentemperatur bei der die bedingte Freigabe des Wärmeerzeugers erfolgt bestimmt.
[parameter_level_status='Expert_Level']r,15,,WE_Hand_temp_soll,Solltemperatur Handbetrieb 09-020,,,0621,69860002,tem_p,,TEM_P,,,,type,,UCH,0=none;2=on_off;4=Zeit;9=selection;13=Temperatur;64=Dauer;77=TemperaturSchwelle;141=TemperaturSoll;192=range,,Datentyp,unit,,UCH,0=none;2=_C;4=K;8=__0;10=h;12=min;16=kW;42=hh_mm,,Einheit,max,,SIN,,,Maximum,min,,SIN,,,Minimum,temp,,SIN,10,°C,Sollwert für die Wärmeerzeuger Vorlauftemperatur im Handbetrieb.
[parameter_level_status='Expert_Level']w,15,,Set_WE_Hand_temp_soll,Solltemperatur Handbetrieb 09-020,,10,0623,69860002,temp,,SIN,10,°C,Sollwert für die Wärmeerzeuger Vorlauftemperatur im Handbetrieb.
[parameter_level_status='Expert_Level']r,15,,WE_Abschaltdifferenz,Abschaltdifferenz Wärmeerzeuger Regelung 09-021,,,0621,69870002,tem_p,,TEM_P,,,,type,,UCH,0=none;2=on_off;4=Zeit;9=selection;13=Temperatur;64=Dauer;77=TemperaturSchwelle;141=TemperaturSoll;192=range,,Datentyp,unit,,UCH,0=none;2=_C;4=K;8=__0;10=h;12=min;16=kW;42=hh_mm,,Einheit,max,,SIN,10,K,Maximum,min,,SIN,10,K,Minimum,temp,,SIN,10,K,Wird am WE Vorlauffühler die Temperatur TWVSoll+Einstellwert überschritten schaltet der WE aus.
[parameter_level_status='Expert_Level']w,15,,Set_WE_Abschaltdifferenz,Abschaltdifferenz Wärmeerzeuger Regelung 09-021,,10,0623,69870002,temp,,SIN,10,K,Wird am WE Vorlauffühler die Temperatur TWVSoll+Einstellwert überschritten schaltet der WE aus.
[parameter_level_status='Expert_Level']r,15,,Stillstand_min,Stillstandszeit minimal Wärmeerzeuger 09-023,,,0621,69880002,tem_p,,TEM_P,,,,type,,UCH,0=none;2=on_off;4=Zeit;9=selection;13=Temperatur;64=Dauer;77=TemperaturSchwelle;141=TemperaturSoll;192=range,,Datentyp,unit,,UCH,0=none;2=_C;4=K;8=__0;10=h;12=min;16=kW;42=hh_mm,,Einheit,max,,SIN,,,Maximum,min,,SIN,,,Minimum,time,,SIN,10,min,Mit dem Einsteller wird die minimale Stillstandszeit nach einer Abschaltung des Wärmeerzeugers eingestellt.
[parameter_level_status='Expert_Level']w,15,,Set_Stillstand_min,Stillstandszeit minimal Wärmeerzeuger 09-023,,10,0623,69880002,time,,SIN,10,min,Mit dem Einsteller wird die minimale Stillstandszeit nach einer Abschaltung des Wärmeerzeugers eingestellt.
[parameter_level_status='Expert_Level']r,15,,Laufzeit_min,Laufzeit minimal Wärmeerzeuger 09-031,,,0621,69890002,tem_p,,TEM_P,,,,type,,UCH,0=none;2=on_off;4=Zeit;9=selection;13=Temperatur;64=Dauer;77=TemperaturSchwelle;141=TemperaturSoll;192=range,,Datentyp,unit,,UCH,0=none;2=_C;4=K;8=__0;10=h;12=min;16=kW;42=hh_mm,,Einheit,max,,SIN,,,Maximum,min,,SIN,,,Minimum,time,,SIN,10,min,Minimale Laufzeit für den Wärmeerzeuger nach dem Einschalten.
[parameter_level_status='Expert_Level']w,15,,Set_Laufzeit_min,Laufzeit minimal Wärmeerzeuger 09-031,,10,0623,69890002,time,,SIN,10,min,Minimale Laufzeit für den Wärmeerzeuger nach dem Einschalten.
[parameter_level_status='Expert_Level']r,15,,Externe_we_sperre,Externe Wärmeerzeuger Sperre 09-074,,,0621,698a0002,tem_p,,TEM_P,,,,type,,UCH,0=none;2=on_off;4=Zeit;9=selection;13=Temperatur;64=Dauer;77=TemperaturSchwelle;141=TemperaturSoll;192=range,,Datentyp,unit,,UCH,0=none;2=_C;4=K;8=__0;10=h;12=min;16=kW;42=hh_mm,,Einheit,max,,SIN,,,Maximum,min,,SIN,,,Minimum,status,,UIN,0=nicht_gesperrt;1=gesperrt,,todo 0xffff=Funktion invers is out of possible value range
[parameter_level_status='Expert_Level']w,15,,Set_Externe_we_sperre,Externe Wärmeerzeuger Sperre 09-074,,10,0623,698a0002,status,,UIN,0=nicht_gesperrt;1=gesperrt,,todo 0xffff=Funktion invers is out of possible value range
[parameter_level_status='Expert_Level']r,15,,WE_Betriebswahl,Betriebswahl Wärmeerzeuger 09-075,,,0621,698b0002,tem_p,,TEM_P,,,,type,,UCH,0=none;2=on_off;4=Zeit;9=selection;13=Temperatur;64=Dauer;77=TemperaturSchwelle;141=TemperaturSoll;192=range,,Datentyp,unit,,UCH,0=none;2=_C;4=K;8=__0;10=h;12=min;16=kW;42=hh_mm,,Einheit,max,,SIN,,,Maximum,min,,SIN,,,Minimum,status,,UIN,0=Aus;1=Automatik;2=Handbetrieb_Heizen;3=Handbetrieb_Kuehlen;6=Waermequellenpumpe,,Betriebswahl Wärmeerzeuger
[parameter_level_status='Expert_Level']w,15,,Set_WE_Betriebswahl,Betriebswahl Wärmeerzeuger 09-075,,10,0623,698b0002,status,,UIN,0=Aus;1=Automatik;2=Handbetrieb_Heizen;3=Handbetrieb_Kuehlen;6=Waermequellenpumpe,,Betriebswahl Wärmeerzeuger
[parameter_level_status='Expert_Level']r,15,,Messwertanpassung_rl,Messwertanpassung WE Rücklauftemperatur 09-079,,,0621,698c0002,tem_p,,TEM_P,,,,type,,UCH,0=none;2=on_off;4=Zeit;9=selection;13=Temperatur;64=Dauer;77=TemperaturSchwelle;141=TemperaturSoll;192=range,,Datentyp,unit,,UCH,0=none;2=_C;4=K;8=__0;10=h;12=min;16=kW;42=hh_mm,,Einheit,max,,SIN,10,K,Maximum,min,,SIN,10,K,Minimum,temp,,SIN,10,K,Mit der Einstellung kann der Messwert der Wärmeerzeuger Rücklauftemperatur angeglichen werden.
[parameter_level_status='Expert_Level']w,15,,Set_Messwertanpassung_rl,Messwertanpassung WE Rücklauftemperatur 09-079,,10,0623,698c0002,temp,,SIN,10,K,Mit der Einstellung kann der Messwert der Wärmeerzeuger Rücklauftemperatur angeglichen werden.
[parameter_level_status='Expert_Level']r,15,,Betriebsart_pumpe,Betriebsart Wärmeerzeugerpumpe 09-099,,,0621,698d0002,tem_p,,TEM_P,,,,type,,UCH,0=none;2=on_off;4=Zeit;9=selection;13=Temperatur;64=Dauer;77=TemperaturSchwelle;141=TemperaturSoll;192=range,,Datentyp,unit,,UCH,0=none;2=_C;4=K;8=__0;10=h;12=min;16=kW;42=hh_mm,,Einheit,max,,SIN,,,Maximum,min,,SIN,,,Minimum,status,,UIN,0=Ein_mit_Anforderung;1=Ein_mit_Waermeerzeuger,,Freigabe Wärmeerzeugerpumpe mit
[parameter_level_status='Expert_Level']w,15,,Set_Betriebsart_pumpe,Betriebsart Wärmeerzeugerpumpe 09-099,,10,0623,698d0002,status,,UIN,0=Ein_mit_Anforderung;1=Ein_mit_Waermeerzeuger,,Freigabe Wärmeerzeugerpumpe mit
[parameter_level_status='Expert_Level']r,15,,We_vl_temp_max,Maximaltemperatur Wärmeerzeuger Vorlauf 10-031,,,0621,698e0002,tem_p,,TEM_P,,,,type,,UCH,0=none;2=on_off;4=Zeit;9=selection;13=Temperatur;64=Dauer;77=TemperaturSchwelle;141=TemperaturSoll;192=range,,Datentyp,unit,,UCH,0=none;2=_C;4=K;8=__0;10=h;12=min;16=kW;42=hh_mm,,Einheit,max,,SIN,10,°C,Maximum,min,,SIN,10,°C,Minimum,temp,,SIN,10,°C,Wird die maximale WE Temperatur überschritten wird der WE unbedingt abgeschaltet.
[parameter_level_status='Expert_Level']w,15,,Set_We_vl_temp_max,Maximaltemperatur Wärmeerzeuger Vorlauf 10-031,,10,0623,698e0002,temp,,SIN,10,°C,Wird die maximale WE Temperatur überschritten wird der WE unbedingt abgeschaltet.
[parameter_level_status='Expert_Level']r,15,,Einschaltdiff_maxab,Einschaltdifferenz Maximaltemperaturabschaltung 10-037,,,0621,698f0002,tem_p,,TEM_P,,,,type,,UCH,0=none;2=on_off;4=Zeit;9=selection;13=Temperatur;64=Dauer;77=TemperaturSchwelle;141=TemperaturSoll;192=range,,Datentyp,unit,,UCH,0=none;2=_C;4=K;8=__0;10=h;12=min;16=kW;42=hh_mm,,Einheit,max,,SIN,10,°C,Maximum,min,,SIN,10,°C,Minimum,temp,,SIN,10,°C,Bei einer TWVmax Abschaltung ist immer diese eingesteltte Hysterese für die Wiedereinschaltung wirksam.
[parameter_level_status='Expert_Level']w,15,,Set_Einschaltdiff_maxab,Einschaltdifferenz Maximaltemperaturabschaltung 10-037,,10,0623,698f0002,temp,,SIN,10,°C,Bei einer TWVmax Abschaltung ist immer diese eingesteltte Hysterese für die Wiedereinschaltung wirksam.
[parameter_level_status='Expert_Level']r,15,,WE_Applikationstyp,Applikationstyp Wärmepumpe 15-006,,,0621,69900002,tem_p,,TEM_P,,,,type,,UCH,0=none;2=on_off;4=Zeit;9=selection;13=Temperatur;64=Dauer;77=TemperaturSchwelle;141=TemperaturSoll;192=range,,Datentyp,unit,,UCH,0=none;2=_C;4=K;8=__0;10=h;12=min;16=kW;42=hh_mm,,Einheit,max,,SIN,,,Maximum,min,,SIN,,,Minimum,status,,UIN,0=nicht_aktiv;1=Sole_oder_Wasser_WP;2=Sole_oder_Wasser_WP_Hochtemperatur;3=Sole_oder_Wasser_WP_Tandem;4=Sole_oder_Wasser_WP_Tandem_mit_modulierender_zweiter_Stufe;5=Sole_oder_Wasser_WP_Reversible;6=Sole_oder_Wasser_WP_Reversible_Tandem;7=Sole_oder_Wasser_WP_Reversible_Tandem_mit_modulierender_zweiter_Stufe;8=Luft_WP;9=Luft_WP_Hochtemperatur;10=Luft_WP_Tandem;11=Luft_WP_Tandem_mit_modulierender_zweiter_Stufe;12=Luft_WP_Reversible;13=Luft_WP_Reversible_Tandem;14=Luft_WP_Reversible_Tandem_mit_modulierender_zweiter_Stufe,,Damit kann ein vordefinierter Parametersatz für die Wärmepumpenfunktion geladen werden
[parameter_level_status='Expert_Level']w,15,,Set_WE_Applikationstyp,Applikationstyp Wärmepumpe 15-006,,10,0623,69900002,status,,UIN,0=nicht_aktiv;1=Sole_oder_Wasser_WP;2=Sole_oder_Wasser_WP_Hochtemperatur;3=Sole_oder_Wasser_WP_Tandem;4=Sole_oder_Wasser_WP_Tandem_mit_modulierender_zweiter_Stufe;5=Sole_oder_Wasser_WP_Reversible;6=Sole_oder_Wasser_WP_Reversible_Tandem;7=Sole_oder_Wasser_WP_Reversible_Tandem_mit_modulierender_zweiter_Stufe;8=Luft_WP;9=Luft_WP_Hochtemperatur;10=Luft_WP_Tandem;11=Luft_WP_Tandem_mit_modulierender_zweiter_Stufe;12=Luft_WP_Reversible;13=Luft_WP_Reversible_Tandem;14=Luft_WP_Reversible_Tandem_mit_modulierender_zweiter_Stufe,,Damit kann ein vordefinierter Parametersatz für die Wärmepumpenfunktion geladen werden
[parameter_level_status='Expert_Level']r,15,,Heissgas_temp_max,Heissgas Maximaltemperatur 15-010,,,0621,69910002,tem_p,,TEM_P,,,,type,,UCH,0=none;2=on_off;4=Zeit;9=selection;13=Temperatur;64=Dauer;77=TemperaturSchwelle;141=TemperaturSoll;192=range,,Datentyp,unit,,UCH,0=none;2=_C;4=K;8=__0;10=h;12=min;16=kW;42=hh_mm,,Einheit,max,,SIN,10,°C,Maximum,min,,SIN,10,°C,Minimum,temp,,SIN,10,°C,Übersteigt die Heissgastemperatur den Einstellwert wird der Verdichter sofort abgeschaltet und eine Heissgasstörung ausgelöst.
[parameter_level_status='Expert_Level']w,15,,Set_Heissgas_temp_max,Heissgas Maximaltemperatur 15-010,,10,0623,69910002,temp,,SIN,10,°C,Übersteigt die Heissgastemperatur den Einstellwert wird der Verdichter sofort abgeschaltet und eine Heissgasstörung ausgelöst.
[parameter_level_status='Expert_Level']r,15,,Kondensator_fluss_min,Minimaler Kondensator Durchfluss 15-011,,,0621,69920002,tem_p,,TEM_P,,,,type,,UCH,0=none;2=on_off;4=Zeit;9=selection;13=Temperatur;64=Dauer;77=TemperaturSchwelle;141=TemperaturSoll;192=range,,Datentyp,unit,,UCH,0=none;2=_C;4=K;8=__0;10=h;12=min;16=kW;42=hh_mm,,Einheit,max,,SIN,,,Maximum,min,,SIN,,,Minimum,value,,SIN,10,,
[parameter_level_status='Expert_Level']w,15,,Set_Kondensator_fluss_min,Minimaler Kondensator Durchfluss 15-011,,10,0623,69920002,value,,SIN,10,,
[parameter_level_status='Expert_Level']r,15,,Stillstand_quelle,Stillstandszeit Quellenpumpe bei Passivkühlbetrieb 15-020,,,0621,69930002,tem_p,,TEM_P,,,,type,,UCH,0=none;2=on_off;4=Zeit;9=selection;13=Temperatur;64=Dauer;77=TemperaturSchwelle;141=TemperaturSoll;192=range,,Datentyp,unit,,UCH,0=none;2=_C;4=K;8=__0;10=h;12=min;16=kW;42=hh_mm,,Einheit,max,,SIN,,,Maximum,min,,SIN,,,Minimum,time,,UIN,,min,
[parameter_level_status='Expert_Level']w,15,,Set_Stillstand_quelle,Stillstandszeit Quellenpumpe bei Passivkühlbetrieb 15-020,,10,0623,69930002,time,,UIN,,min,
[parameter_level_status='Expert_Level']r,15,,Nachlauf_quelle,Nachlaufzeit Quellenpumpe 15-021,,,0621,69940002,tem_p,,TEM_P,,,,type,,UCH,0=none;2=on_off;4=Zeit;9=selection;13=Temperatur;64=Dauer;77=TemperaturSchwelle;141=TemperaturSoll;192=range,,Datentyp,unit,,UCH,0=none;2=_C;4=K;8=__0;10=h;12=min;16=kW;42=hh_mm,,Einheit,max,,SIN,,,Maximum,min,,SIN,,,Minimum,time,,UIN,10,min,
[parameter_level_status='Expert_Level']w,15,,Set_Nachlauf_quelle,Nachlaufzeit Quellenpumpe 15-021,,10,0623,69940002,time,,UIN,10,min,
[parameter_level_status='Expert_Level']r,15,,Frostschutz_wq_out,Frostschutztemperatur Wärmequelle Austritt 15-022,,,0621,69950002,tem_p,,TEM_P,,,,type,,UCH,0=none;2=on_off;4=Zeit;9=selection;13=Temperatur;64=Dauer;77=TemperaturSchwelle;141=TemperaturSoll;192=range,,Datentyp,unit,,UCH,0=none;2=_C;4=K;8=__0;10=h;12=min;16=kW;42=hh_mm,,Einheit,max,,SIN,10,°C,Maximum,min,,SIN,10,°C,Minimum,temp,,SIN,10,°C,Temperatur (Teiler 10)
[parameter_level_status='Expert_Level']w,15,,Set_Frostschutz_wq_out,Frostschutztemperatur Wärmequelle Austritt 15-022,,10,0623,69950002,temp,,SIN,10,°C,Temperatur (Teiler 10)
[parameter_level_status='Expert_Level']r,15,,Zyklus_taktbetrieb_quelle,Zykluszeit Taktbetrieb Wärmequellenpumpe 15-023,,,0621,69960002,tem_p,,TEM_P,,,,type,,UCH,0=none;2=on_off;4=Zeit;9=selection;13=Temperatur;64=Dauer;77=TemperaturSchwelle;141=TemperaturSoll;192=range,,Datentyp,unit,,UCH,0=none;2=_C;4=K;8=__0;10=h;12=min;16=kW;42=hh_mm,,Einheit,max,,SIN,,,Maximum,min,,SIN,,,Minimum,time,,UIN,,min,
[parameter_level_status='Expert_Level']w,15,,Set_Zyklus_taktbetrieb_quelle,Zykluszeit Taktbetrieb Wärmequellenpumpe 15-023,,10,0623,69960002,time,,UIN,,min,
[parameter_level_status='Expert_Level']r,15,,Offset_ab_quellenfs,Abschaltoffset Quellenfrostschutz 15-025,,,0621,69970002,tem_p,,TEM_P,,,,type,,UCH,0=none;2=on_off;4=Zeit;9=selection;13=Temperatur;64=Dauer;77=TemperaturSchwelle;141=TemperaturSoll;192=range,,Datentyp,unit,,UCH,0=none;2=_C;4=K;8=__0;10=h;12=min;16=kW;42=hh_mm,,Einheit,max,,SIN,,,Maximum,min,,SIN,,,Minimum,temp,,UIN,10,K,
[parameter_level_status='Expert_Level']w,15,,Set_Offset_ab_quellenfs,Abschaltoffset Quellenfrostschutz 15-025,,10,0623,69970002,temp,,UIN,10,K,
[parameter_level_status='Expert_Level']r,15,,Frostschutz_wq_in,Frostschutztemperatur Wärmequellen Eintritt 15-031,,,0621,69980002,tem_p,,TEM_P,,,,type,,UCH,0=none;2=on_off;4=Zeit;9=selection;13=Temperatur;64=Dauer;77=TemperaturSchwelle;141=TemperaturSoll;192=range,,Datentyp,unit,,UCH,0=none;2=_C;4=K;8=__0;10=h;12=min;16=kW;42=hh_mm,,Einheit,max,,SIN,,,Maximum,min,,SIN,,,Minimum,temp,,SIN,10,°C,Temperatur (Teiler 10)
[parameter_level_status='Expert_Level']w,15,,Set_Frostschutz_wq_in,Frostschutztemperatur Wärmequellen Eintritt 15-031,,10,0623,69980002,temp,,SIN,10,°C,Temperatur (Teiler 10)
[parameter_level_status='Expert_Level']r,15,,Verzoegerung_nd_stoerung1,Verzögerung Niederdruckstörung 15-046,,,0621,699a0002,tem_p,,TEM_P,,,,type,,UCH,0=none;2=on_off;4=Zeit;9=selection;13=Temperatur;64=Dauer;77=TemperaturSchwelle;141=TemperaturSoll;192=range,,Datentyp,unit,,UCH,0=none;2=_C;4=K;8=__0;10=h;12=min;16=kW;42=hh_mm,,Einheit,max,,SIN,,,Maximum,min,,SIN,,,Minimum,time,,UIN,2,min,
[parameter_level_status='Expert_Level']w,15,,Set_Verzoegerung_nd_stoerung1,Verzögerung Niederdruckstörung 15-046,,10,0623,699a0002,time,,UIN,2,min,
[parameter_level_status='Expert_Level']r,15,,Frostschwelle_pumpe,Frosttemperaturschwelle Wärmeerzeugerpumpe 15-048,,,0621,699b0002,tem_p,,TEM_P,,,,type,,UCH,0=none;2=on_off;4=Zeit;9=selection;13=Temperatur;64=Dauer;77=TemperaturSchwelle;141=TemperaturSoll;192=range,,Datentyp,unit,,UCH,0=none;2=_C;4=K;8=__0;10=h;12=min;16=kW;42=hh_mm,,Einheit,max,,SIN,,,Maximum,min,,SIN,,,Minimum,temp,,SIN,2,°C,
[parameter_level_status='Expert_Level']w,15,,Set_Frostschwelle_pumpe,Frosttemperaturschwelle Wärmeerzeugerpumpe 15-048,,10,0623,699b0002,temp,,SIN,2,°C,
[parameter_level_status='Expert_Level']r,15,,Messwertanpassung_wq_out,Messwertanpassung Quellenaustrittstemperatur 15-060,,,0621,699c0002,tem_p,,TEM_P,,,,type,,UCH,0=none;2=on_off;4=Zeit;9=selection;13=Temperatur;64=Dauer;77=TemperaturSchwelle;141=TemperaturSoll;192=range,,Datentyp,unit,,UCH,0=none;2=_C;4=K;8=__0;10=h;12=min;16=kW;42=hh_mm,,Einheit,max,,SIN,10,°C,Maximum,min,,SIN,10,°C,Minimum,temp,,SIN,10,K,
[parameter_level_status='Expert_Level']w,15,,Set_Messwertanpassung_wq_out,Messwertanpassung Quellenaustrittstemperatur 15-060,,10,0623,699c0002,temp,,SIN,10,K,
[parameter_level_status='Expert_Level']r,15,,Konfig_wqdruck_stoerung,Konfiguration Quellendruck Störung 15-070,,,0621,699d0002,tem_p,,TEM_P,,,,type,,UCH,0=none;2=on_off;4=Zeit;9=selection;13=Temperatur;64=Dauer;77=TemperaturSchwelle;141=TemperaturSoll;192=range,,Datentyp,unit,,UCH,0=none;2=_C;4=K;8=__0;10=h;12=min;16=kW;42=hh_mm,,Einheit,max,,SIN,,,Maximum,min,,SIN,,,Minimum,status,,SIN,,,
[parameter_level_status='Expert_Level']w,15,,Set_Konfig_wqdruck_stoerung,Konfiguration Quellendruck Störung 15-070,,10,0623,699d0002,status,,SIN,,,
[parameter_level_status='Expert_Level']r,15,,Konfig_wqmotor_stoerung,Konfiguration Motorschutz Quellenpumpe Störung 15-071,,,0621,699e0002,tem_p,,TEM_P,,,,type,,UCH,0=none;2=on_off;4=Zeit;9=selection;13=Temperatur;64=Dauer;77=TemperaturSchwelle;141=TemperaturSoll;192=range,,Datentyp,unit,,UCH,0=none;2=_C;4=K;8=__0;10=h;12=min;16=kW;42=hh_mm,,Einheit,max,,SIN,,,Maximum,min,,SIN,,,Minimum,status,,SIN,,,
[parameter_level_status='Expert_Level']w,15,,Set_Konfig_wqmotor_stoerung,Konfiguration Motorschutz Quellenpumpe Störung 15-071,,10,0623,699e0002,status,,SIN,,,
[parameter_level_status='Expert_Level']r,15,,Konfig_verdmotor_stoerung,Konfiguration Motorschutz Verdichter Störung 15-072,,,0621,699f0002,tem_p,,TEM_P,,,,type,,UCH,0=none;2=on_off;4=Zeit;9=selection;13=Temperatur;64=Dauer;77=TemperaturSchwelle;141=TemperaturSoll;192=range,,Datentyp,unit,,UCH,0=none;2=_C;4=K;8=__0;10=h;12=min;16=kW;42=hh_mm,,Einheit,max,,SIN,,,Maximum,min,,SIN,,,Minimum,status,,SIN,,,
[parameter_level_status='Expert_Level']w,15,,Set_Konfig_verdmotor_stoerung,Konfiguration Motorschutz Verdichter Störung 15-072,,10,0623,699f0002,status,,SIN,,,
[parameter_level_status='Expert_Level']r,15,,Konfig_hd_stoerung,Konfiguration Hochdruck Störung 15-075,,,0621,69a00002,tem_p,,TEM_P,,,,type,,UCH,0=none;2=on_off;4=Zeit;9=selection;13=Temperatur;64=Dauer;77=TemperaturSchwelle;141=TemperaturSoll;192=range,,Datentyp,unit,,UCH,0=none;2=_C;4=K;8=__0;10=h;12=min;16=kW;42=hh_mm,,Einheit,max,,SIN,,,Maximum,min,,SIN,,,Minimum,status,,SIN,,,
[parameter_level_status='Expert_Level']w,15,,Set_Konfig_hd_stoerung,Konfiguration Hochdruck Störung 15-075,,10,0623,69a00002,status,,SIN,,,
[parameter_level_status='Expert_Level']r,15,,Konfig_nd_stoerung,Konfiguration Niederdruck Störung 15-076,,,0621,69a10002,tem_p,,TEM_P,,,,type,,UCH,0=none;2=on_off;4=Zeit;9=selection;13=Temperatur;64=Dauer;77=TemperaturSchwelle;141=TemperaturSoll;192=range,,Datentyp,unit,,UCH,0=none;2=_C;4=K;8=__0;10=h;12=min;16=kW;42=hh_mm,,Einheit,max,,SIN,,,Maximum,min,,SIN,,,Minimum,status,,SIN,,,
[parameter_level_status='Expert_Level']w,15,,Set_Konfig_nd_stoerung,Konfiguration Niederdruck Störung 15-076,,10,0623,69a10002,status,,SIN,,,
[parameter_level_status='Expert_Level']r,15,,Konfig_wq_frostschutz_stoerung,Konfiguration Wärmequellen Frostschutz Störung 15-077,,,0621,69a20002,tem_p,,TEM_P,,,,type,,UCH,0=none;2=on_off;4=Zeit;9=selection;13=Temperatur;64=Dauer;77=TemperaturSchwelle;141=TemperaturSoll;192=range,,Datentyp,unit,,UCH,0=none;2=_C;4=K;8=__0;10=h;12=min;16=kW;42=hh_mm,,Einheit,max,,SIN,,,Maximum,min,,SIN,,,Minimum,status,,UIN,,,
[parameter_level_status='Expert_Level']w,15,,Set_Konfig_wq_frostschutz_stoerung,Konfiguration Wärmequellen Frostschutz Störung 15-077,,10,0623,69a20002,status,,UIN,,,
[parameter_level_status='Expert_Level']r,15,,Konfig_kondens_frostschutz_stoerung,Konfiguration Kondensator Frostschutz Störung 15-079,,,0621,69a30002,tem_p,,TEM_P,,,,type,,UCH,0=none;2=on_off;4=Zeit;9=selection;13=Temperatur;64=Dauer;77=TemperaturSchwelle;141=TemperaturSoll;192=range,,Datentyp,unit,,UCH,0=none;2=_C;4=K;8=__0;10=h;12=min;16=kW;42=hh_mm,,Einheit,max,,SIN,,,Maximum,min,,SIN,,,Minimum,status,,UIN,,,
[parameter_level_status='Expert_Level']w,15,,Set_Konfig_kondens_frostschutz_stoerung,Konfiguration Kondensator Frostschutz Störung 15-079,,10,0623,69a30002,status,,UIN,,,
[parameter_level_status='Expert_Level']r,15,,Konfig_heissgas_abschaltung,Konfiguration Heissgasabschaltung 15-083,,,0621,69a40002,tem_p,,TEM_P,,,,type,,UCH,0=none;2=on_off;4=Zeit;9=selection;13=Temperatur;64=Dauer;77=TemperaturSchwelle;141=TemperaturSoll;192=range,,Datentyp,unit,,UCH,0=none;2=_C;4=K;8=__0;10=h;12=min;16=kW;42=hh_mm,,Einheit,max,,SIN,,,Maximum,min,,SIN,,,Minimum,status,,UIN,,,
[parameter_level_status='Expert_Level']w,15,,Set_Konfig_heissgas_abschaltung,Konfiguration Heissgasabschaltung 15-083,,10,0623,69a40002,status,,UIN,,,
[parameter_level_status='Expert_Level']r,15,,Konfig_kondens_durchfluss_stoerung,Konfiguration Kondensator Durchfluss Störung 15-085,,,0621,69a50002,tem_p,,TEM_P,,,,type,,UCH,0=none;2=on_off;4=Zeit;9=selection;13=Temperatur;64=Dauer;77=TemperaturSchwelle;141=TemperaturSoll;192=range,,Datentyp,unit,,UCH,0=none;2=_C;4=K;8=__0;10=h;12=min;16=kW;42=hh_mm,,Einheit,max,,SIN,,,Maximum,min,,SIN,,,Minimum,status,,UIN,,,
[parameter_level_status='Expert_Level']w,15,,Set_Konfig_kondens_durchfluss_stoerung,Konfiguration Kondensator Durchfluss Störung 15-085,,10,0623,69a50002,status,,UIN,,,
[parameter_level_status='Expert_Level']r,15,,Temp_frostschutz_passivkuehl,Frostschutztemperatur Passiv Kühlbetrieb 15-090,,,0621,69a60002,tem_p,,TEM_P,,,,type,,UCH,0=none;2=on_off;4=Zeit;9=selection;13=Temperatur;64=Dauer;77=TemperaturSchwelle;141=TemperaturSoll;192=range,,Datentyp,unit,,UCH,0=none;2=_C;4=K;8=__0;10=h;12=min;16=kW;42=hh_mm,,Einheit,max,,SIN,10,°C,Maximum,min,,SIN,10,°C,Minimum,temp,,SIN,10,°C,Temperatur (Teiler 10)
[parameter_level_status='Expert_Level']w,15,,Set_Temp_frostschutz_passivkuehl,Frostschutztemperatur Passiv Kühlbetrieb 15-090,,10,0623,69a60002,temp,,SIN,10,°C,Temperatur (Teiler 10)
[parameter_level_status='Expert_Level']r,15,,Konfig_durchflusssensor,Konfiguration Durchflusssensor 17-007,,,0621,69a70002,tem_p,,TEM_P,,,,type,,UCH,0=none;2=on_off;4=Zeit;9=selection;13=Temperatur;64=Dauer;77=TemperaturSchwelle;141=TemperaturSoll;192=range,,Datentyp,unit,,UCH,0=none;2=_C;4=K;8=__0;10=h;12=min;16=kW;42=hh_mm,,Einheit,max,,SIN,,,Maximum,min,,SIN,,,Minimum,status,,UIN,,,Status
[parameter_level_status='Expert_Level']w,15,,Set_Konfig_durchflusssensor,Konfiguration Durchflusssensor 17-007,,10,0623,69a70002,status,,UIN,,,Status
[parameter_level_status='Expert_Level']r,15,,Durchfluss_heizbetrieb,Durchfluss Heizbetrieb 17-008,,,0621,69a80002,tem_p,,TEM_P,,,,type,,UCH,0=none;2=on_off;4=Zeit;9=selection;13=Temperatur;64=Dauer;77=TemperaturSchwelle;141=TemperaturSoll;192=range,,Datentyp,unit,,UCH,0=none;2=_C;4=K;8=__0;10=h;12=min;16=kW;42=hh_mm,,Einheit,max,,SIN,,,Maximum,min,,SIN,,,Minimum,value,,UIN,10,l/min,
[parameter_level_status='Expert_Level']w,15,,Set_Durchfluss_heizbetrieb,Durchfluss Heizbetrieb 17-008,,10,0623,69a80002,value,,UIN,10,l/min,
[parameter_level_status='Expert_Level']r,15,,Durchfluss_ww,Durchfluss Warmwasser Ladung 17-009,,,0621,69a90002,tem_p,,TEM_P,,,,type,,UCH,0=none;2=on_off;4=Zeit;9=selection;13=Temperatur;64=Dauer;77=TemperaturSchwelle;141=TemperaturSoll;192=range,,Datentyp,unit,,UCH,0=none;2=_C;4=K;8=__0;10=h;12=min;16=kW;42=hh_mm,,Einheit,max,,SIN,,,Maximum,min,,SIN,,,Minimum,value,,UIN,10,l/min,
[parameter_level_status='Expert_Level']w,15,,Set_Durchfluss_ww,Durchfluss Warmwasser Ladung 17-009,,10,0623,69a90002,value,,UIN,10,l/min,
[parameter_level_status='Expert_Level']r,15,,Korr_faktor_leistung,Korrekturfaktor Leistung 17-012,,,0621,69aa0002,tem_p,,TEM_P,,,,type,,UCH,0=none;2=on_off;4=Zeit;9=selection;13=Temperatur;64=Dauer;77=TemperaturSchwelle;141=TemperaturSoll;192=range,,Datentyp,unit,,UCH,0=none;2=_C;4=K;8=__0;10=h;12=min;16=kW;42=hh_mm,,Einheit,max,,SIN,,,Maximum,min,,SIN,,,Minimum,value,,UIN,,%,
[parameter_level_status='Expert_Level']w,15,,Set_Korr_faktor_leistung,Korrekturfaktor Leistung 17-012,,10,0623,69aa0002,value,,UIN,,%,
[parameter_level_status='Expert_Level']r,15,,Konfig_durchlusssensor_ww,Konfiguration Durchflusssensor Warmwasserbetrieb 17-014,,,0621,69ab0002,tem_p,,TEM_P,,,,type,,UCH,0=none;2=on_off;4=Zeit;9=selection;13=Temperatur;64=Dauer;77=TemperaturSchwelle;141=TemperaturSoll;192=range,,Datentyp,unit,,UCH,0=none;2=_C;4=K;8=__0;10=h;12=min;16=kW;42=hh_mm,,Einheit,max,,SIN,,,Maximum,min,,SIN,,,Minimum,status,,UIN,,,Status
[parameter_level_status='Expert_Level']w,15,,Set_Konfig_durchlusssensor_ww,Konfiguration Durchflusssensor Warmwasserbetrieb 17-014,,10,0623,69ab0002,status,,UIN,,,Status
[parameter_level_status='Expert_Level']r,15,,Korr_faktor_ww,Korrekturfaktor Leistung Warmwasserbetrieb 17-015,,,0621,69ac0002,tem_p,,TEM_P,,,,type,,UCH,0=none;2=on_off;4=Zeit;9=selection;13=Temperatur;64=Dauer;77=TemperaturSchwelle;141=TemperaturSoll;192=range,,Datentyp,unit,,UCH,0=none;2=_C;4=K;8=__0;10=h;12=min;16=kW;42=hh_mm,,Einheit,max,,SIN,,,Maximum,min,,SIN,,,Minimum,value,,UIN,,%,
[parameter_level_status='Expert_Level']w,15,,Set_Korr_faktor_ww,Korrekturfaktor Leistung Warmwasserbetrieb 17-015,,10,0623,69ac0002,value,,UIN,,%,
[parameter_level_status='Expert_Level']r,15,,Druchfluss_sep_ww,Durchfluss separate Warmwasser Ladung 17-016,,,0621,69ad0002,tem_p,,TEM_P,,,,type,,UCH,0=none;2=on_off;4=Zeit;9=selection;13=Temperatur;64=Dauer;77=TemperaturSchwelle;141=TemperaturSoll;192=range,,Datentyp,unit,,UCH,0=none;2=_C;4=K;8=__0;10=h;12=min;16=kW;42=hh_mm,,Einheit,max,,SIN,,,Maximum,min,,SIN,,,Minimum,value,,UIN,10,l/min,
[parameter_level_status='Expert_Level']w,15,,Set_Druchfluss_sep_ww,Durchfluss separate Warmwasser Ladung 17-016,,10,0623,69ad0002,value,,UIN,10,l/min,
[parameter_level_status='Expert_Level']r,15,,Wep_anteil_cop,WEP Leistungsanteil für COP Bestimmung 17-017,,,0621,69ae0002,tem_p,,TEM_P,,,,type,,UCH,0=none;2=on_off;4=Zeit;9=selection;13=Temperatur;64=Dauer;77=TemperaturSchwelle;141=TemperaturSoll;192=range,,Datentyp,unit,,UCH,0=none;2=_C;4=K;8=__0;10=h;12=min;16=kW;42=hh_mm,,Einheit,max,,SIN,,,Maximum,min,,SIN,,,Minimum,value,,SIN,100,kW,
[parameter_level_status='Expert_Level']w,15,,Set_Wep_anteil_cop,WEP Leistungsanteil für COP Bestimmung 17-017,,10,0623,69ae0002,value,,SIN,100,kW,
[parameter_level_status='Expert_Level']r,15,,Wqp_anteil_cop,WQP Leistungsanteil für COP Bestimmung 17-018,,,0621,69af0002,tem_p,,TEM_P,,,,type,,UCH,0=none;2=on_off;4=Zeit;9=selection;13=Temperatur;64=Dauer;77=TemperaturSchwelle;141=TemperaturSoll;192=range,,Datentyp,unit,,UCH,0=none;2=_C;4=K;8=__0;10=h;12=min;16=kW;42=hh_mm,,Einheit,max,,SIN,,,Maximum,min,,SIN,,,Minimum,value,,SIN,100,kW,
[parameter_level_status='Expert_Level']w,15,,Set_Wqp_anteil_cop,WQP Leistungsanteil für COP Bestimmung 17-018,,10,0623,69af0002,value,,SIN,100,kW,
[parameter_level_status='User_Level']r,15,,Verdichter,Verdichter 01-076,,,0621,7b800002,tem_p,,TEM_P,,,,type,,UCH,0=none;2=on_off;4=Zeit;9=selection;13=Temperatur;64=Dauer;77=TemperaturSchwelle;141=TemperaturSoll;192=range,,Datentyp,unit,,UCH,0=none;2=_C;4=K;8=__0;10=h;12=min;16=kW;42=hh_mm,,Einheit,max,,SIN,,,Maximum,min,,SIN,,,Minimum,status,,UIN,,,Stellgröße für eine Warmwasser Zirkulationspumpe
[parameter_level_status='User_Level']r,15,,Umlenkventil_passivkuehl,Umlenkventil Passiv Kühlung 01-086,,,0621,7b810002,tem_p,,TEM_P,,,,type,,UCH,0=none;2=on_off;4=Zeit;9=selection;13=Temperatur;64=Dauer;77=TemperaturSchwelle;141=TemperaturSoll;192=range,,Datentyp,unit,,UCH,0=none;2=_C;4=K;8=__0;10=h;12=min;16=kW;42=hh_mm,,Einheit,max,,SIN,,,Maximum,min,,SIN,,,Minimum,status,,UIN,,,Stellgröße für eine Warmwasser Ladepumpe oder Umlenkventil
[parameter_level_status='Expert_Level']r,15,,We_pumpe,Pumpe Wärmeerzeuger 01-022,,,0621,7b800002,tem_p,,TEM_P,,,,type,,UCH,0=none;2=on_off;4=Zeit;9=selection;13=Temperatur;64=Dauer;77=TemperaturSchwelle;141=TemperaturSoll;192=range,,Datentyp,unit,,UCH,0=none;2=_C;4=K;8=__0;10=h;12=min;16=kW;42=hh_mm,,Einheit,max,,SIN,,,Maximum,min,,SIN,,,Minimum,status,,UIN,,,Stellgröße für eine Warmwasser-Zusatzheizung
[parameter_level_status='Expert_Level']r,15,,Verdichter,Verdichter 01-076,,,0621,7b810002,tem_p,,TEM_P,,,,type,,UCH,0=none;2=on_off;4=Zeit;9=selection;13=Temperatur;64=Dauer;77=TemperaturSchwelle;141=TemperaturSoll;192=range,,Datentyp,unit,,UCH,0=none;2=_C;4=K;8=__0;10=h;12=min;16=kW;42=hh_mm,,Einheit,max,,SIN,,,Maximum,min,,SIN,,,Minimum,status,,UIN,,,Stellgröße für eine Warmwasser Zirkulationspumpe
[parameter_level_status='Expert_Level']r,15,,Wq_pumpe,Pumpe Wärmequelle 01-077,,,0621,7b820002,tem_p,,TEM_P,,,,type,,UCH,0=none;2=on_off;4=Zeit;9=selection;13=Temperatur;64=Dauer;77=TemperaturSchwelle;141=TemperaturSoll;192=range,,Datentyp,unit,,UCH,0=none;2=_C;4=K;8=__0;10=h;12=min;16=kW;42=hh_mm,,Einheit,max,,SIN,,,Maximum,min,,SIN,,,Minimum,status,,UIN,,,Status
[parameter_level_status='Expert_Level']r,15,,Umlenkventil_passivkuehl,Umlenkventil Passiv Kühlung 01-086,,,0621,7b830002,tem_p,,TEM_P,,,,type,,UCH,0=none;2=on_off;4=Zeit;9=selection;13=Temperatur;64=Dauer;77=TemperaturSchwelle;141=TemperaturSoll;192=range,,Datentyp,unit,,UCH,0=none;2=_C;4=K;8=__0;10=h;12=min;16=kW;42=hh_mm,,Einheit,max,,SIN,,,Maximum,min,,SIN,,,Minimum,status,,UIN,,,Stellgröße für eine Warmwasser Ladepumpe oder Umlenkventil
r,15,,WW_Temp_ist_ping,Warmwassertemperatur 00-004,,,0621,0084004e,tem_p,,TEM_P,,,,type,,UCH,0=none;2=on_off;4=Zeit;9=selection;13=Temperatur;64=Dauer;77=TemperaturSchwelle;141=TemperaturSoll;192=range,,Datentyp,unit,,UCH,0=none;2=_C;4=K;8=__0;10=h;12=min;16=kW;42=hh_mm,,Einheit,max,,SIN,,,Maximum,min,,SIN,,,Minimum,temp,,SIN,10,°C,Obere Warmwasserspeichertemperatur
r,15,,Tp0_ww,Zeitprogramm Warmwasser Teil 1,,,0622,05bd004e,uch,,UCH,,,,uch_1,,UCH,,,,uch_2,,UCH,,,,uch_3,,UCH,,,,uch_4,,UCH,,,,uch_5,,UCH,,,,uch_6,,UCH,,,,uch_7,,UCH,,,,uch_8,,UCH,,,,ign,,IGN:1,,,
r,15,,Tp1_ww,Zeitprogramm Warmwasser Teil 2,,,0622,05bd014e,bi,,BI0,,,,bi_1,,BI1,,,,bi_2,,BI2,,,,bi_3,,BI3,,,,bi_4,,BI4,,,,bi_5,,BI5,,,,bi_6,,BI6,,,,bi_7,,BI7,,,,bi,,BI0,,,,bi_1,,BI1,,,,bi_2,,BI2,,,,bi_3,,BI3,,,,bi_4,,BI4,,,,bi_5,,BI5,,,,bi_6,,BI6,,,,bi_7,,BI7,,,,bi,,BI0,,,,bi_1,,BI1,,,,bi_2,,BI2,,,,bi_3,,BI3,,,,bi_4,,BI4,,,,bi_5,,BI5,,,,bi_6,,BI6,,,,bi_7,,BI7,,,,bi,,BI0,,,,bi_1,,BI1,,,,bi_2,,BI2,,,,bi_3,,BI3,,,,bi_4,,BI4,,,,bi_5,,BI5,,,,bi_6,,BI6,,,,bi_7,,BI7,,,,bi,,BI0,,,,bi_1,,BI1,,,,bi_2,,BI2,,,,bi_3,,BI3,,,,bi_4,,BI4,,,,bi_5,,BI5,,,,bi_6,,BI6,,,,bi_7,,BI7,,,,bi,,BI0,,,,bi_1,,BI1,,,,bi_2,,BI2,,,,bi_3,,BI3,,,,bi_4,,BI4,,,,bi_5,,BI5,,,,bi_6,,BI6,,,,bi_7,,BI7,,,,bi,,BI0,,,,bi_1,,BI1,,,,bi_2,,BI2,,,,bi_3,,BI3,,,,bi_4,,BI4,,,,bi_5,,BI5,,,,bi_6,,BI6,,,,bi_7,,BI7,,,,bi,,BI0,,,,bi_1,,BI1,,,,bi_2,,BI2,,,,bi_3,,BI3,,,,bi_4,,BI4,,,,bi_5,,BI5,,,,bi_6,,BI6,,,,bi_7,,BI7,,,,bi,,BI0,,,,bi_1,,BI1,,,,bi_2,,BI2,,,,bi_3,,BI3,,,,bi_4,,BI4,,,,bi_5,,BI5,,,,bi_6,,BI6,,,,bi_7,,BI7,,,,bi,,BI0,,,,bi_1,,BI1,,,,bi_2,,BI2,,,,bi_3,,BI3,,,,bi_4,,BI4,,,,bi_5,,BI5,,,,bi_6,,BI6,,,,bi_7,,BI7,,,
r,15,,Tp2_ww,Zeitprogramm Warmwasser Teil 3,,,0622,05bd024e,bi,,BI0,,,,bi_1,,BI1,,,,bi_2,,BI2,,,,bi_3,,BI3,,,,bi_4,,BI4,,,,bi_5,,BI5,,,,bi_6,,BI6,,,,bi_7,,BI7,,,,bi,,BI0,,,,bi_1,,BI1,,,,bi_2,,BI2,,,,bi_3,,BI3,,,,bi_4,,BI4,,,,bi_5,,BI5,,,,bi_6,,BI6,,,,bi_7,,BI7,,,,bi,,BI0,,,,bi_1,,BI1,,,,bi_2,,BI2,,,,bi_3,,BI3,,,,bi_4,,BI4,,,,bi_5,,BI5,,,,bi_6,,BI6,,,,bi_7,,BI7,,,,bi,,BI0,,,,bi_1,,BI1,,,,bi_2,,BI2,,,,bi_3,,BI3,,,,bi_4,,BI4,,,,bi_5,,BI5,,,,bi_6,,BI6,,,,bi_7,,BI7,,,,bi,,BI0,,,,bi_1,,BI1,,,,bi_2,,BI2,,,,bi_3,,BI3,,,,bi_4,,BI4,,,,bi_5,,BI5,,,,bi_6,,BI6,,,,bi_7,,BI7,,,,bi,,BI0,,,,bi_1,,BI1,,,,bi_2,,BI2,,,,bi_3,,BI3,,,,bi_4,,BI4,,,,bi_5,,BI5,,,,bi_6,,BI6,,,,bi_7,,BI7,,,,bi,,BI0,,,,bi_1,,BI1,,,,bi_2,,BI2,,,,bi_3,,BI3,,,,bi_4,,BI4,,,,bi_5,,BI5,,,,bi_6,,BI6,,,,bi_7,,BI7,,,,bi,,BI0,,,,bi_1,,BI1,,,,bi_2,,BI2,,,,bi_3,,BI3,,,,bi_4,,BI4,,,,bi_5,,BI5,,,,bi_6,,BI6,,,,bi_7,,BI7,,,,bi,,BI0,,,,bi_1,,BI1,,,,bi_2,,BI2,,,,bi_3,,BI3,,,,bi_4,,BI4,,,,bi_5,,BI5,,,,bi_6,,BI6,,,,bi_7,,BI7,,,,bi,,BI0,,,,bi_1,,BI1,,,,bi_2,,BI2,,,,bi_3,,BI3,,,,bi_4,,BI4,,,,bi_5,,BI5,,,,bi_6,,BI6,,,,bi_7,,BI7,,,
r,15,,Tp3_ww,Zeitprogramm Warmwasser Teil 4,,,0622,05bd034e,bi,,BI0,,,,bi_1,,BI1,,,,bi_2,,BI2,,,,bi_3,,BI3,,,,bi_4,,BI4,,,,bi_5,,BI5,,,,bi_6,,BI6,,,,bi_7,,BI7,,,,bi,,BI0,,,,bi_1,,BI1,,,,bi_2,,BI2,,,,bi_3,,BI3,,,,bi_4,,BI4,,,,bi_5,,BI5,,,,bi_6,,BI6,,,,bi_7,,BI7,,,,bi,,BI0,,,,bi_1,,BI1,,,,bi_2,,BI2,,,,bi_3,,BI3,,,,bi_4,,BI4,,,,bi_5,,BI5,,,,bi_6,,BI6,,,,bi_7,,BI7,,,,bi,,BI0,,,,bi_1,,BI1,,,,bi_2,,BI2,,,,bi_3,,BI3,,,,bi_4,,BI4,,,,bi_5,,BI5,,,,bi_6,,BI6,,,,bi_7,,BI7,,,,bi,,BI0,,,,bi_1,,BI1,,,,bi_2,,BI2,,,,bi_3,,BI3,,,,bi_4,,BI4,,,,bi_5,,BI5,,,,bi_6,,BI6,,,,bi_7,,BI7,,,,bi,,BI0,,,,bi_1,,BI1,,,,bi_2,,BI2,,,,bi_3,,BI3,,,,bi_4,,BI4,,,,bi_5,,BI5,,,,bi_6,,BI6,,,,bi_7,,BI7,,,,bi,,BI0,,,,bi_1,,BI1,,,,bi_2,,BI2,,,,bi_3,,BI3,,,,bi_4,,BI4,,,,bi_5,,BI5,,,,bi_6,,BI6,,,,bi_7,,BI7,,,,bi,,BI0,,,,bi_1,,BI1,,,,bi_2,,BI2,,,,bi_3,,BI3,,,,bi_4,,BI4,,,,bi_5,,BI5,,,,bi_6,,BI6,,,,bi_7,,BI7,,,,bi,,BI0,,,,bi_1,,BI1,,,,bi_2,,BI2,,,,bi_3,,BI3,,,,bi_4,,BI4,,,,bi_5,,BI5,,,,bi_6,,BI6,,,,bi_7,,BI7,,,,bi,,BI0,,,,bi_1,,BI1,,,,bi_2,,BI2,,,,bi_3,,BI3,,,,bi_4,,BI4,,,,bi_5,,BI5,,,,bi_6,,BI6,,,,bi_7,,BI7,,,
r,15,,Tp4_ww,Zeitprogramm Warmwasser Teil 5,,,0622,05bd044e,bi,,BI0,,,,bi_1,,BI1,,,,bi_2,,BI2,,,,bi_3,,BI3,,,,bi_4,,BI4,,,,bi_5,,BI5,,,,bi_6,,BI6,,,,bi_7,,BI7,,,,bi,,BI0,,,,bi_1,,BI1,,,,bi_2,,BI2,,,,bi_3,,BI3,,,,bi_4,,BI4,,,,bi_5,,BI5,,,,bi_6,,BI6,,,,bi_7,,BI7,,,,bi,,BI0,,,,bi_1,,BI1,,,,bi_2,,BI2,,,,bi_3,,BI3,,,,bi_4,,BI4,,,,bi_5,,BI5,,,,bi_6,,BI6,,,,bi_7,,BI7,,,,bi,,BI0,,,,bi_1,,BI1,,,,bi_2,,BI2,,,,bi_3,,BI3,,,,bi_4,,BI4,,,,bi_5,,BI5,,,,bi_6,,BI6,,,,bi_7,,BI7,,,,bi,,BI0,,,,bi_1,,BI1,,,,bi_2,,BI2,,,,bi_3,,BI3,,,,bi_4,,BI4,,,,bi_5,,BI5,,,,bi_6,,BI6,,,,bi_7,,BI7,,,,bi,,BI0,,,,bi_1,,BI1,,,,bi_2,,BI2,,,,bi_3,,BI3,,,,bi_4,,BI4,,,,bi_5,,BI5,,,,bi_6,,BI6,,,,bi_7,,BI7,,,,bi,,BI0,,,,bi_1,,BI1,,,,bi_2,,BI2,,,,bi_3,,BI3,,,,bi_4,,BI4,,,,bi_5,,BI5,,,,bi_6,,BI6,,,,bi_7,,BI7,,,,bi,,BI0,,,,bi_1,,BI1,,,,bi_2,,BI2,,,,bi_3,,BI3,,,,bi_4,,BI4,,,,bi_5,,BI5,,,,bi_6,,BI6,,,,bi_7,,BI7,,,,bi,,BI0,,,,bi_1,,BI1,,,,bi_2,,BI2,,,,bi_3,,BI3,,,,bi_4,,BI4,,,,bi_5,,BI5,,,,bi_6,,BI6,,,,bi_7,,BI7,,,,bi,,BI0,,,,bi_1,,BI1,,,,bi_2,,BI2,,,,bi_3,,BI3,,,,bi_4,,BI4,,,,bi_5,,BI5,,,,bi_6,,BI6,,,,bi_7,,BI7,,,
r,15,,Tp5_ww,Zeitprogramm Warmwasser Teil 6,,,0622,05bd054e,bi,,BI0,,,,bi_1,,BI1,,,,bi_2,,BI2,,,,bi_3,,BI3,,,,bi_4,,BI4,,,,bi_5,,BI5,,,,bi_6,,BI6,,,,bi_7,,BI7,,,,bi,,BI0,,,,bi_1,,BI1,,,,bi_2,,BI2,,,,bi_3,,BI3,,,,bi_4,,BI4,,,,bi_5,,BI5,,,,bi_6,,BI6,,,,bi_7,,BI7,,,,bi,,BI0,,,,bi_1,,BI1,,,,bi_2,,BI2,,,,bi_3,,BI3,,,,bi_4,,BI4,,,,bi_5,,BI5,,,,bi_6,,BI6,,,,bi_7,,BI7,,,,bi,,BI0,,,,bi_1,,BI1,,,,bi_2,,BI2,,,,bi_3,,BI3,,,,bi_4,,BI4,,,,bi_5,,BI5,,,,bi_6,,BI6,,,,bi_7,,BI7,,,,bi,,BI0,,,,bi_1,,BI1,,,,bi_2,,BI2,,,,bi_3,,BI3,,,,bi_4,,BI4,,,,bi_5,,BI5,,,,bi_6,,BI6,,,,bi_7,,BI7,,,,bi,,BI0,,,,bi_1,,BI1,,,,bi_2,,BI2,,,,bi_3,,BI3,,,,bi_4,,BI4,,,,bi_5,,BI5,,,,bi_6,,BI6,,,,bi_7,,BI7,,,,bi,,BI0,,,,bi_1,,BI1,,,,bi_2,,BI2,,,,bi_3,,BI3,,,,bi_4,,BI4,,,,bi_5,,BI5,,,,bi_6,,BI6,,,,bi_7,,BI7,,,,bi,,BI0,,,,bi_1,,BI1,,,,bi_2,,BI2,,,,bi_3,,BI3,,,,bi_4,,BI4,,,,bi_5,,BI5,,,,bi_6,,BI6,,,,bi_7,,BI7,,,,bi,,BI0,,,,bi_1,,BI1,,,,bi_2,,BI2,,,,bi_3,,BI3,,,,bi_4,,BI4,,,,bi_5,,BI5,,,,bi_6,,BI6,,,,bi_7,,BI7,,,,bi,,BI0,,,,bi_1,,BI1,,,,bi_2,,BI2,,,,bi_3,,BI3,,,,bi_4,,BI4,,,,bi_5,,BI5,,,,bi_6,,BI6,,,,bi_7,,BI7,,,
r,15,,Tp6_ww,Zeitprogramm Warmwasser Teil 7,,,0622,05bd064e,bi,,BI0,,,,bi_1,,BI1,,,,bi_2,,BI2,,,,bi_3,,BI3,,,,bi_4,,BI4,,,,bi_5,,BI5,,,,bi_6,,BI6,,,,bi_7,,BI7,,,,bi,,BI0,,,,bi_1,,BI1,,,,bi_2,,BI2,,,,bi_3,,BI3,,,,bi_4,,BI4,,,,bi_5,,BI5,,,,bi_6,,BI6,,,,bi_7,,BI7,,,,bi,,BI0,,,,bi_1,,BI1,,,,bi_2,,BI2,,,,bi_3,,BI3,,,,bi_4,,BI4,,,,bi_5,,BI5,,,,bi_6,,BI6,,,,bi_7,,BI7,,,,bi,,BI0,,,,bi_1,,BI1,,,,bi_2,,BI2,,,,bi_3,,BI3,,,,bi_4,,BI4,,,,bi_5,,BI5,,,,bi_6,,BI6,,,,bi_7,,BI7,,,,bi,,BI0,,,,bi_1,,BI1,,,,bi_2,,BI2,,,,bi_3,,BI3,,,,bi_4,,BI4,,,,bi_5,,BI5,,,,bi_6,,BI6,,,,bi_7,,BI7,,,,bi,,BI0,,,,bi_1,,BI1,,,,bi_2,,BI2,,,,bi_3,,BI3,,,,bi_4,,BI4,,,,bi_5,,BI5,,,,bi_6,,BI6,,,,bi_7,,BI7,,,,bi,,BI0,,,,bi_1,,BI1,,,,bi_2,,BI2,,,,bi_3,,BI3,,,,bi_4,,BI4,,,,bi_5,,BI5,,,,bi_6,,BI6,,,,bi_7,,BI7,,,,bi,,BI0,,,,bi_1,,BI1,,,,bi_2,,BI2,,,,bi_3,,BI3,,,,bi_4,,BI4,,,,bi_5,,BI5,,,,bi_6,,BI6,,,,bi_7,,BI7,,,,bi,,BI0,,,,bi_1,,BI1,,,,bi_2,,BI2,,,,bi_3,,BI3,,,,bi_4,,BI4,,,,bi_5,,BI5,,,,bi_6,,BI6,,,,bi_7,,BI7,,,,bi,,BI0,,,,bi_1,,BI1,,,,bi_2,,BI2,,,,bi_3,,BI3,,,,bi_4,,BI4,,,,bi_5,,BI5,,,,bi_6,,BI6,,,,bi_7,,BI7,,,
r,15,,Tp7_ww,Zeitprogramm Warmwasser Teil 8,,,0622,05bd074e,bi,,BI0,,,,bi_1,,BI1,,,,bi_2,,BI2,,,,bi_3,,BI3,,,,bi_4,,BI4,,,,bi_5,,BI5,,,,bi_6,,BI6,,,,bi_7,,BI7,,,,bi,,BI0,,,,bi_1,,BI1,,,,bi_2,,BI2,,,,bi_3,,BI3,,,,bi_4,,BI4,,,,bi_5,,BI5,,,,bi_6,,BI6,,,,bi_7,,BI7,,,,bi,,BI0,,,,bi_1,,BI1,,,,bi_2,,BI2,,,,bi_3,,BI3,,,,bi_4,,BI4,,,,bi_5,,BI5,,,,bi_6,,BI6,,,,bi_7,,BI7,,,,bi,,BI0,,,,bi_1,,BI1,,,,bi_2,,BI2,,,,bi_3,,BI3,,,,bi_4,,BI4,,,,bi_5,,BI5,,,,bi_6,,BI6,,,,bi_7,,BI7,,,,bi,,BI0,,,,bi_1,,BI1,,,,bi_2,,BI2,,,,bi_3,,BI3,,,,bi_4,,BI4,,,,bi_5,,BI5,,,,bi_6,,BI6,,,,bi_7,,BI7,,,,bi,,BI0,,,,bi_1,,BI1,,,,bi_2,,BI2,,,,bi_3,,BI3,,,,bi_4,,BI4,,,,bi_5,,BI5,,,,bi_6,,BI6,,,,bi_7,,BI7,,,,bi,,BI0,,,,bi_1,,BI1,,,,bi_2,,BI2,,,,bi_3,,BI3,,,,bi_4,,BI4,,,,bi_5,,BI5,,,,bi_6,,BI6,,,,bi_7,,BI7,,,,bi,,BI0,,,,bi_1,,BI1,,,,bi_2,,BI2,,,,bi_3,,BI3,,,,bi_4,,BI4,,,,bi_5,,BI5,,,,bi_6,,BI6,,,,bi_7,,BI7,,,,bi,,BI0,,,,bi_1,,BI1,,,,bi_2,,BI2,,,,bi_3,,BI3,,,,bi_4,,BI4,,,,bi_5,,BI5,,,,bi_6,,BI6,,,,bi_7,,BI7,,,,bi,,BI0,,,,bi_1,,BI1,,,,bi_2,,BI2,,,,bi_3,,BI3,,,,bi_4,,BI4,,,,bi_5,,BI5,,,,bi_6,,BI6,,,,bi_7,,BI7,,,
r,15,,Tp8_ww,Zeitprogramm Warmwasser Teil 9,,,0622,05bd084e,bi,,BI0,,,,bi_1,,BI1,,,,bi_2,,BI2,,,,bi_3,,BI3,,,,bi_4,,BI4,,,,bi_5,,BI5,,,,bi_6,,BI6,,,,bi_7,,BI7,,,,bi,,BI0,,,,bi_1,,BI1,,,,bi_2,,BI2,,,,bi_3,,BI3,,,,bi_4,,BI4,,,,bi_5,,BI5,,,,bi_6,,BI6,,,,bi_7,,BI7,,,,bi,,BI0,,,,bi_1,,BI1,,,,bi_2,,BI2,,,,bi_3,,BI3,,,,bi_4,,BI4,,,,bi_5,,BI5,,,,bi_6,,BI6,,,,bi_7,,BI7,,,,bi,,BI0,,,,bi_1,,BI1,,,,bi_2,,BI2,,,,bi_3,,BI3,,,,bi_4,,BI4,,,,bi_5,,BI5,,,,bi_6,,BI6,,,,bi_7,,BI7,,,,bi,,BI0,,,,bi_1,,BI1,,,,bi_2,,BI2,,,,bi_3,,BI3,,,,bi_4,,BI4,,,,bi_5,,BI5,,,,bi_6,,BI6,,,,bi_7,,BI7,,,,bi,,BI0,,,,bi_1,,BI1,,,,bi_2,,BI2,,,,bi_3,,BI3,,,,bi_4,,BI4,,,,bi_5,,BI5,,,,bi_6,,BI6,,,,bi_7,,BI7,,,,bi,,BI0,,,,bi_1,,BI1,,,,bi_2,,BI2,,,,bi_3,,BI3,,,,bi_4,,BI4,,,,bi_5,,BI5,,,,bi_6,,BI6,,,,bi_7,,BI7,,,,bi,,BI0,,,,bi_1,,BI1,,,,bi_2,,BI2,,,,bi_3,,BI3,,,,bi_4,,BI4,,,,bi_5,,BI5,,,,bi_6,,BI6,,,,bi_7,,BI7,,,,bi,,BI0,,,,bi_1,,BI1,,,,bi_2,,BI2,,,,bi_3,,BI3,,,,bi_4,,BI4,,,,bi_5,,BI5,,,,bi_6,,BI6,,,,bi_7,,BI7,,,,bi,,BI0,,,,bi_1,,BI1,,,,bi_2,,BI2,,,,bi_3,,BI3,,,,bi_4,,BI4,,,,bi_5,,BI5,,,,bi_6,,BI6,,,,bi_7,,BI7,,,
r,15,,Tp9_ww,Zeitprogramm Warmwasser Teil 10,,,0622,05bd094e,bi,,BI0,,,,bi_1,,BI1,,,,bi_2,,BI2,,,,bi_3,,BI3,,,,bi_4,,BI4,,,,bi_5,,BI5,,,,bi_6,,BI6,,,,bi_7,,BI7,,,,bi,,BI0,,,,bi_1,,BI1,,,,bi_2,,BI2,,,,bi_3,,BI3,,,,bi_4,,BI4,,,,bi_5,,BI5,,,,bi_6,,BI6,,,,bi_7,,BI7,,,,bi,,BI0,,,,bi_1,,BI1,,,,bi_2,,BI2,,,,bi_3,,BI3,,,,bi_4,,BI4,,,,bi_5,,BI5,,,,bi_6,,BI6,,,,bi_7,,BI7,,,,bi,,BI0,,,,bi_1,,BI1,,,,bi_2,,BI2,,,,bi_3,,BI3,,,,bi_4,,BI4,,,,bi_5,,BI5,,,,bi_6,,BI6,,,,bi_7,,BI7,,,
r,15,,Tp0_zirk,Zeitprogramm Zirkulation Teil 1,,,0622,05c0004e,uch,,UCH,,,,uch_1,,UCH,,,,uch_2,,UCH,,,,uch_3,,UCH,,,,uch_4,,UCH,,,,uch_5,,UCH,,,,uch_6,,UCH,,,,uch_7,,UCH,,,,uch_8,,UCH,,,,ign,,IGN:1,,,
r,15,,Tp1_zirk,Zeitprogramm Zirkulation Teil 2,,,0622,05c0014e,bi,,BI0,,,,bi_1,,BI1,,,,bi_2,,BI2,,,,bi_3,,BI3,,,,bi_4,,BI4,,,,bi_5,,BI5,,,,bi_6,,BI6,,,,bi_7,,BI7,,,,bi,,BI0,,,,bi_1,,BI1,,,,bi_2,,BI2,,,,bi_3,,BI3,,,,bi_4,,BI4,,,,bi_5,,BI5,,,,bi_6,,BI6,,,,bi_7,,BI7,,,,bi,,BI0,,,,bi_1,,BI1,,,,bi_2,,BI2,,,,bi_3,,BI3,,,,bi_4,,BI4,,,,bi_5,,BI5,,,,bi_6,,BI6,,,,bi_7,,BI7,,,,bi,,BI0,,,,bi_1,,BI1,,,,bi_2,,BI2,,,,bi_3,,BI3,,,,bi_4,,BI4,,,,bi_5,,BI5,,,,bi_6,,BI6,,,,bi_7,,BI7,,,,bi,,BI0,,,,bi_1,,BI1,,,,bi_2,,BI2,,,,bi_3,,BI3,,,,bi_4,,BI4,,,,bi_5,,BI5,,,,bi_6,,BI6,,,,bi_7,,BI7,,,,bi,,BI0,,,,bi_1,,BI1,,,,bi_2,,BI2,,,,bi_3,,BI3,,,,bi_4,,BI4,,,,bi_5,,BI5,,,,bi_6,,BI6,,,,bi_7,,BI7,,,,bi,,BI0,,,,bi_1,,BI1,,,,bi_2,,BI2,,,,bi_3,,BI3,,,,bi_4,,BI4,,,,bi_5,,BI5,,,,bi_6,,BI6,,,,bi_7,,BI7,,,,bi,,BI0,,,,bi_1,,BI1,,,,bi_2,,BI2,,,,bi_3,,BI3,,,,bi_4,,BI4,,,,bi_5,,BI5,,,,bi_6,,BI6,,,,bi_7,,BI7,,,,bi,,BI0,,,,bi_1,,BI1,,,,bi_2,,BI2,,,,bi_3,,BI3,,,,bi_4,,BI4,,,,bi_5,,BI5,,,,bi_6,,BI6,,,,bi_7,,BI7,,,,bi,,BI0,,,,bi_1,,BI1,,,,bi_2,,BI2,,,,bi_3,,BI3,,,,bi_4,,BI4,,,,bi_5,,BI5,,,,bi_6,,BI6,,,,bi_7,,BI7,,,
r,15,,Tp2_zirk,Zeitprogramm Zirkulation Teil 3,,,0622,05c0024e,bi,,BI0,,,,bi_1,,BI1,,,,bi_2,,BI2,,,,bi_3,,BI3,,,,bi_4,,BI4,,,,bi_5,,BI5,,,,bi_6,,BI6,,,,bi_7,,BI7,,,,bi,,BI0,,,,bi_1,,BI1,,,,bi_2,,BI2,,,,bi_3,,BI3,,,,bi_4,,BI4,,,,bi_5,,BI5,,,,bi_6,,BI6,,,,bi_7,,BI7,,,,bi,,BI0,,,,bi_1,,BI1,,,,bi_2,,BI2,,,,bi_3,,BI3,,,,bi_4,,BI4,,,,bi_5,,BI5,,,,bi_6,,BI6,,,,bi_7,,BI7,,,,bi,,BI0,,,,bi_1,,BI1,,,,bi_2,,BI2,,,,bi_3,,BI3,,,,bi_4,,BI4,,,,bi_5,,BI5,,,,bi_6,,BI6,,,,bi_7,,BI7,,,,bi,,BI0,,,,bi_1,,BI1,,,,bi_2,,BI2,,,,bi_3,,BI3,,,,bi_4,,BI4,,,,bi_5,,BI5,,,,bi_6,,BI6,,,,bi_7,,BI7,,,,bi,,BI0,,,,bi_1,,BI1,,,,bi_2,,BI2,,,,bi_3,,BI3,,,,bi_4,,BI4,,,,bi_5,,BI5,,,,bi_6,,BI6,,,,bi_7,,BI7,,,,bi,,BI0,,,,bi_1,,BI1,,,,bi_2,,BI2,,,,bi_3,,BI3,,,,bi_4,,BI4,,,,bi_5,,BI5,,,,bi_6,,BI6,,,,bi_7,,BI7,,,,bi,,BI0,,,,bi_1,,BI1,,,,bi_2,,BI2,,,,bi_3,,BI3,,,,bi_4,,BI4,,,,bi_5,,BI5,,,,bi_6,,BI6,,,,bi_7,,BI7,,,,bi,,BI0,,,,bi_1,,BI1,,,,bi_2,,BI2,,,,bi_3,,BI3,,,,bi_4,,BI4,,,,bi_5,,BI5,,,,bi_6,,BI6,,,,bi_7,,BI7,,,,bi,,BI0,,,,bi_1,,BI1,,,,bi_2,,BI2,,,,bi_3,,BI3,,,,bi_4,,BI4,,,,bi_5,,BI5,,,,bi_6,,BI6,,,,bi_7,,BI7,,,
r,15,,Tp3_zirk,Zeitprogramm Zirkulation Teil 4,,,0622,05c0034e,bi,,BI0,,,,bi_1,,BI1,,,,bi_2,,BI2,,,,bi_3,,BI3,,,,bi_4,,BI4,,,,bi_5,,BI5,,,,bi_6,,BI6,,,,bi_7,,BI7,,,,bi,,BI0,,,,bi_1,,BI1,,,,bi_2,,BI2,,,,bi_3,,BI3,,,,bi_4,,BI4,,,,bi_5,,BI5,,,,bi_6,,BI6,,,,bi_7,,BI7,,,,bi,,BI0,,,,bi_1,,BI1,,,,bi_2,,BI2,,,,bi_3,,BI3,,,,bi_4,,BI4,,,,bi_5,,BI5,,,,bi_6,,BI6,,,,bi_7,,BI7,,,,bi,,BI0,,,,bi_1,,BI1,,,,bi_2,,BI2,,,,bi_3,,BI3,,,,bi_4,,BI4,,,,bi_5,,BI5,,,,bi_6,,BI6,,,,bi_7,,BI7,,,,bi,,BI0,,,,bi_1,,BI1,,,,bi_2,,BI2,,,,bi_3,,BI3,,,,bi_4,,BI4,,,,bi_5,,BI5,,,,bi_6,,BI6,,,,bi_7,,BI7,,,,bi,,BI0,,,,bi_1,,BI1,,,,bi_2,,BI2,,,,bi_3,,BI3,,,,bi_4,,BI4,,,,bi_5,,BI5,,,,bi_6,,BI6,,,,bi_7,,BI7,,,,bi,,BI0,,,,bi_1,,BI1,,,,bi_2,,BI2,,,,bi_3,,BI3,,,,bi_4,,BI4,,,,bi_5,,BI5,,,,bi_6,,BI6,,,,bi_7,,BI7,,,,bi,,BI0,,,,bi_1,,BI1,,,,bi_2,,BI2,,,,bi_3,,BI3,,,,bi_4,,BI4,,,,bi_5,,BI5,,,,bi_6,,BI6,,,,bi_7,,BI7,,,,bi,,BI0,,,,bi_1,,BI1,,,,bi_2,,BI2,,,,bi_3,,BI3,,,,bi_4,,BI4,,,,bi_5,,BI5,,,,bi_6,,BI6,,,,bi_7,,BI7,,,,bi,,BI0,,,,bi_1,,BI1,,,,bi_2,,BI2,,,,bi_3,,BI3,,,,bi_4,,BI4,,,,bi_5,,BI5,,,,bi_6,,BI6,,,,bi_7,,BI7,,,
r,15,,Tp4_zirk,Zeitprogramm Zirkulation Teil 5,,,0622,05c0044e,bi,,BI0,,,,bi_1,,BI1,,,,bi_2,,BI2,,,,bi_3,,BI3,,,,bi_4,,BI4,,,,bi_5,,BI5,,,,bi_6,,BI6,,,,bi_7,,BI7,,,,bi,,BI0,,,,bi_1,,BI1,,,,bi_2,,BI2,,,,bi_3,,BI3,,,,bi_4,,BI4,,,,bi_5,,BI5,,,,bi_6,,BI6,,,,bi_7,,BI7,,,,bi,,BI0,,,,bi_1,,BI1,,,,bi_2,,BI2,,,,bi_3,,BI3,,,,bi_4,,BI4,,,,bi_5,,BI5,,,,bi_6,,BI6,,,,bi_7,,BI7,,,,bi,,BI0,,,,bi_1,,BI1,,,,bi_2,,BI2,,,,bi_3,,BI3,,,,bi_4,,BI4,,,,bi_5,,BI5,,,,bi_6,,BI6,,,,bi_7,,BI7,,,,bi,,BI0,,,,bi_1,,BI1,,,,bi_2,,BI2,,,,bi_3,,BI3,,,,bi_4,,BI4,,,,bi_5,,BI5,,,,bi_6,,BI6,,,,bi_7,,BI7,,,,bi,,BI0,,,,bi_1,,BI1,,,,bi_2,,BI2,,,,bi_3,,BI3,,,,bi_4,,BI4,,,,bi_5,,BI5,,,,bi_6,,BI6,,,,bi_7,,BI7,,,,bi,,BI0,,,,bi_1,,BI1,,,,bi_2,,BI2,,,,bi_3,,BI3,,,,bi_4,,BI4,,,,bi_5,,BI5,,,,bi_6,,BI6,,,,bi_7,,BI7,,,,bi,,BI0,,,,bi_1,,BI1,,,,bi_2,,BI2,,,,bi_3,,BI3,,,,bi_4,,BI4,,,,bi_5,,BI5,,,,bi_6,,BI6,,,,bi_7,,BI7,,,,bi,,BI0,,,,bi_1,,BI1,,,,bi_2,,BI2,,,,bi_3,,BI3,,,,bi_4,,BI4,,,,bi_5,,BI5,,,,bi_6,,BI6,,,,bi_7,,BI7,,,,bi,,BI0,,,,bi_1,,BI1,,,,bi_2,,BI2,,,,bi_3,,BI3,,,,bi_4,,BI4,,,,bi_5,,BI5,,,,bi_6,,BI6,,,,bi_7,,BI7,,,
r,15,,Tp5_zirk,Zeitprogramm Zirkulation Teil 6,,,0622,05c0054e,bi,,BI0,,,,bi_1,,BI1,,,,bi_2,,BI2,,,,bi_3,,BI3,,,,bi_4,,BI4,,,,bi_5,,BI5,,,,bi_6,,BI6,,,,bi_7,,BI7,,,,bi,,BI0,,,,bi_1,,BI1,,,,bi_2,,BI2,,,,bi_3,,BI3,,,,bi_4,,BI4,,,,bi_5,,BI5,,,,bi_6,,BI6,,,,bi_7,,BI7,,,,bi,,BI0,,,,bi_1,,BI1,,,,bi_2,,BI2,,,,bi_3,,BI3,,,,bi_4,,BI4,,,,bi_5,,BI5,,,,bi_6,,BI6,,,,bi_7,,BI7,,,,bi,,BI0,,,,bi_1,,BI1,,,,bi_2,,BI2,,,,bi_3,,BI3,,,,bi_4,,BI4,,,,bi_5,,BI5,,,,bi_6,,BI6,,,,bi_7,,BI7,,,,bi,,BI0,,,,bi_1,,BI1,,,,bi_2,,BI2,,,,bi_3,,BI3,,,,bi_4,,BI4,,,,bi_5,,BI5,,,,bi_6,,BI6,,,,bi_7,,BI7,,,,bi,,BI0,,,,bi_1,,BI1,,,,bi_2,,BI2,,,,bi_3,,BI3,,,,bi_4,,BI4,,,,bi_5,,BI5,,,,bi_6,,BI6,,,,bi_7,,BI7,,,,bi,,BI0,,,,bi_1,,BI1,,,,bi_2,,BI2,,,,bi_3,,BI3,,,,bi_4,,BI4,,,,bi_5,,BI5,,,,bi_6,,BI6,,,,bi_7,,BI7,,,,bi,,BI0,,,,bi_1,,BI1,,,,bi_2,,BI2,,,,bi_3,,BI3,,,,bi_4,,BI4,,,,bi_5,,BI5,,,,bi_6,,BI6,,,,bi_7,,BI7,,,,bi,,BI0,,,,bi_1,,BI1,,,,bi_2,,BI2,,,,bi_3,,BI3,,,,bi_4,,BI4,,,,bi_5,,BI5,,,,bi_6,,BI6,,,,bi_7,,BI7,,,,bi,,BI0,,,,bi_1,,BI1,,,,bi_2,,BI2,,,,bi_3,,BI3,,,,bi_4,,BI4,,,,bi_5,,BI5,,,,bi_6,,BI6,,,,bi_7,,BI7,,,
r,15,,Tp6_zirk,Zeitprogramm Zirkulation Teil 7,,,0622,05c0064e,bi,,BI0,,,,bi_1,,BI1,,,,bi_2,,BI2,,,,bi_3,,BI3,,,,bi_4,,BI4,,,,bi_5,,BI5,,,,bi_6,,BI6,,,,bi_7,,BI7,,,,bi,,BI0,,,,bi_1,,BI1,,,,bi_2,,BI2,,,,bi_3,,BI3,,,,bi_4,,BI4,,,,bi_5,,BI5,,,,bi_6,,BI6,,,,bi_7,,BI7,,,,bi,,BI0,,,,bi_1,,BI1,,,,bi_2,,BI2,,,,bi_3,,BI3,,,,bi_4,,BI4,,,,bi_5,,BI5,,,,bi_6,,BI6,,,,bi_7,,BI7,,,,bi,,BI0,,,,bi_1,,BI1,,,,bi_2,,BI2,,,,bi_3,,BI3,,,,bi_4,,BI4,,,,bi_5,,BI5,,,,bi_6,,BI6,,,,bi_7,,BI7,,,,bi,,BI0,,,,bi_1,,BI1,,,,bi_2,,BI2,,,,bi_3,,BI3,,,,bi_4,,BI4,,,,bi_5,,BI5,,,,bi_6,,BI6,,,,bi_7,,BI7,,,,bi,,BI0,,,,bi_1,,BI1,,,,bi_2,,BI2,,,,bi_3,,BI3,,,,bi_4,,BI4,,,,bi_5,,BI5,,,,bi_6,,BI6,,,,bi_7,,BI7,,,,bi,,BI0,,,,bi_1,,BI1,,,,bi_2,,BI2,,,,bi_3,,BI3,,,,bi_4,,BI4,,,,bi_5,,BI5,,,,bi_6,,BI6,,,,bi_7,,BI7,,,,bi,,BI0,,,,bi_1,,BI1,,,,bi_2,,BI2,,,,bi_3,,BI3,,,,bi_4,,BI4,,,,bi_5,,BI5,,,,bi_6,,BI6,,,,bi_7,,BI7,,,,bi,,BI0,,,,bi_1,,BI1,,,,bi_2,,BI2,,,,bi_3,,BI3,,,,bi_4,,BI4,,,,bi_5,,BI5,,,,bi_6,,BI6,,,,bi_7,,BI7,,,,bi,,BI0,,,,bi_1,,BI1,,,,bi_2,,BI2,,,,bi_3,,BI3,,,,bi_4,,BI4,,,,bi_5,,BI5,,,,bi_6,,BI6,,,,bi_7,,BI7,,,
r,15,,Tp7_zirk,Zeitprogramm Zirkulation Teil 8,,,0622,05c0074e,bi,,BI0,,,,bi_1,,BI1,,,,bi_2,,BI2,,,,bi_3,,BI3,,,,bi_4,,BI4,,,,bi_5,,BI5,,,,bi_6,,BI6,,,,bi_7,,BI7,,,,bi,,BI0,,,,bi_1,,BI1,,,,bi_2,,BI2,,,,bi_3,,BI3,,,,bi_4,,BI4,,,,bi_5,,BI5,,,,bi_6,,BI6,,,,bi_7,,BI7,,,,bi,,BI0,,,,bi_1,,BI1,,,,bi_2,,BI2,,,,bi_3,,BI3,,,,bi_4,,BI4,,,,bi_5,,BI5,,,,bi_6,,BI6,,,,bi_7,,BI7,,,,bi,,BI0,,,,bi_1,,BI1,,,,bi_2,,BI2,,,,bi_3,,BI3,,,,bi_4,,BI4,,,,bi_5,,BI5,,,,bi_6,,BI6,,,,bi_7,,BI7,,,,bi,,BI0,,,,bi_1,,BI1,,,,bi_2,,BI2,,,,bi_3,,BI3,,,,bi_4,,BI4,,,,bi_5,,BI5,,,,bi_6,,BI6,,,,bi_7,,BI7,,,,bi,,BI0,,,,bi_1,,BI1,,,,bi_2,,BI2,,,,bi_3,,BI3,,,,bi_4,,BI4,,,,bi_5,,BI5,,,,bi_6,,BI6,,,,bi_7,,BI7,,,,bi,,BI0,,,,bi_1,,BI1,,,,bi_2,,BI2,,,,bi_3,,BI3,,,,bi_4,,BI4,,,,bi_5,,BI5,,,,bi_6,,BI6,,,,bi_7,,BI7,,,,bi,,BI0,,,,bi_1,,BI1,,,,bi_2,,BI2,,,,bi_3,,BI3,,,,bi_4,,BI4,,,,bi_5,,BI5,,,,bi_6,,BI6,,,,bi_7,,BI7,,,,bi,,BI0,,,,bi_1,,BI1,,,,bi_2,,BI2,,,,bi_3,,BI3,,,,bi_4,,BI4,,,,bi_5,,BI5,,,,bi_6,,BI6,,,,bi_7,,BI7,,,,bi,,BI0,,,,bi_1,,BI1,,,,bi_2,,BI2,,,,bi_3,,BI3,,,,bi_4,,BI4,,,,bi_5,,BI5,,,,bi_6,,BI6,,,,bi_7,,BI7,,,
r,15,,Tp8_zirk,Zeitprogramm Zirkulation Teil 9,,,0622,05c0084e,bi,,BI0,,,,bi_1,,BI1,,,,bi_2,,BI2,,,,bi_3,,BI3,,,,bi_4,,BI4,,,,bi_5,,BI5,,,,bi_6,,BI6,,,,bi_7,,BI7,,,,bi,,BI0,,,,bi_1,,BI1,,,,bi_2,,BI2,,,,bi_3,,BI3,,,,bi_4,,BI4,,,,bi_5,,BI5,,,,bi_6,,BI6,,,,bi_7,,BI7,,,,bi,,BI0,,,,bi_1,,BI1,,,,bi_2,,BI2,,,,bi_3,,BI3,,,,bi_4,,BI4,,,,bi_5,,BI5,,,,bi_6,,BI6,,,,bi_7,,BI7,,,,bi,,BI0,,,,bi_1,,BI1,,,,bi_2,,BI2,,,,bi_3,,BI3,,,,bi_4,,BI4,,,,bi_5,,BI5,,,,bi_6,,BI6,,,,bi_7,,BI7,,,,bi,,BI0,,,,bi_1,,BI1,,,,bi_2,,BI2,,,,bi_3,,BI3,,,,bi_4,,BI4,,,,bi_5,,BI5,,,,bi_6,,BI6,,,,bi_7,,BI7,,,,bi,,BI0,,,,bi_1,,BI1,,,,bi_2,,BI2,,,,bi_3,,BI3,,,,bi_4,,BI4,,,,bi_5,,BI5,,,,bi_6,,BI6,,,,bi_7,,BI7,,,,bi,,BI0,,,,bi_1,,BI1,,,,bi_2,,BI2,,,,bi_3,,BI3,,,,bi_4,,BI4,,,,bi_5,,BI5,,,,bi_6,,BI6,,,,bi_7,,BI7,,,,bi,,BI0,,,,bi_1,,BI1,,,,bi_2,,BI2,,,,bi_3,,BI3,,,,bi_4,,BI4,,,,bi_5,,BI5,,,,bi_6,,BI6,,,,bi_7,,BI7,,,,bi,,BI0,,,,bi_1,,BI1,,,,bi_2,,BI2,,,,bi_3,,BI3,,,,bi_4,,BI4,,,,bi_5,,BI5,,,,bi_6,,BI6,,,,bi_7,,BI7,,,,bi,,BI0,,,,bi_1,,BI1,,,,bi_2,,BI2,,,,bi_3,,BI3,,,,bi_4,,BI4,,,,bi_5,,BI5,,,,bi_6,,BI6,,,,bi_7,,BI7,,,
r,15,,Tp9_zirk,Zeitprogramm Zirkulation Teil 10,,,0622,05c0094e,bi,,BI0,,,,bi_1,,BI1,,,,bi_2,,BI2,,,,bi_3,,BI3,,,,bi_4,,BI4,,,,bi_5,,BI5,,,,bi_6,,BI6,,,,bi_7,,BI7,,,,bi,,BI0,,,,bi_1,,BI1,,,,bi_2,,BI2,,,,bi_3,,BI3,,,,bi_4,,BI4,,,,bi_5,,BI5,,,,bi_6,,BI6,,,,bi_7,,BI7,,,,bi,,BI0,,,,bi_1,,BI1,,,,bi_2,,BI2,,,,bi_3,,BI3,,,,bi_4,,BI4,,,,bi_5,,BI5,,,,bi_6,,BI6,,,,bi_7,,BI7,,,,bi,,BI0,,,,bi_1,,BI1,,,,bi_2,,BI2,,,,bi_3,,BI3,,,,bi_4,,BI4,,,,bi_5,,BI5,,,,bi_6,,BI6,,,,bi_7,,BI7,,,
r,15,,Tp0_legio,Zeitprogramm Legionellen Teil 1,,,0622,05be004e,uch,,UCH,,,,uch_1,,UCH,,,,uch_2,,UCH,,,,uch_3,,UCH,,,,uch_4,,UCH,,,,uch_5,,UCH,,,,uch_6,,UCH,,,,uch_7,,UCH,,,,uch_8,,UCH,,,,ign,,IGN:1,,,
r,15,,Tp1_legio,Zeitprogramm Legionellen Teil 2,,,0622,05be014e,bi,,BI0,,,,bi_1,,BI1,,,,bi_2,,BI2,,,,bi_3,,BI3,,,,bi_4,,BI4,,,,bi_5,,BI5,,,,bi_6,,BI6,,,,bi_7,,BI7,,,,bi,,BI0,,,,bi_1,,BI1,,,,bi_2,,BI2,,,,bi_3,,BI3,,,,bi_4,,BI4,,,,bi_5,,BI5,,,,bi_6,,BI6,,,,bi_7,,BI7,,,,bi,,BI0,,,,bi_1,,BI1,,,,bi_2,,BI2,,,,bi_3,,BI3,,,,bi_4,,BI4,,,,bi_5,,BI5,,,,bi_6,,BI6,,,,bi_7,,BI7,,,,bi,,BI0,,,,bi_1,,BI1,,,,bi_2,,BI2,,,,bi_3,,BI3,,,,bi_4,,BI4,,,,bi_5,,BI5,,,,bi_6,,BI6,,,,bi_7,,BI7,,,,bi,,BI0,,,,bi_1,,BI1,,,,bi_2,,BI2,,,,bi_3,,BI3,,,,bi_4,,BI4,,,,bi_5,,BI5,,,,bi_6,,BI6,,,,bi_7,,BI7,,,,bi,,BI0,,,,bi_1,,BI1,,,,bi_2,,BI2,,,,bi_3,,BI3,,,,bi_4,,BI4,,,,bi_5,,BI5,,,,bi_6,,BI6,,,,bi_7,,BI7,,,,bi,,BI0,,,,bi_1,,BI1,,,,bi_2,,BI2,,,,bi_3,,BI3,,,,bi_4,,BI4,,,,bi_5,,BI5,,,,bi_6,,BI6,,,,bi_7,,BI7,,,,bi,,BI0,,,,bi_1,,BI1,,,,bi_2,,BI2,,,,bi_3,,BI3,,,,bi_4,,BI4,,,,bi_5,,BI5,,,,bi_6,,BI6,,,,bi_7,,BI7,,,,bi,,BI0,,,,bi_1,,BI1,,,,bi_2,,BI2,,,,bi_3,,BI3,,,,bi_4,,BI4,,,,bi_5,,BI5,,,,bi_6,,BI6,,,,bi_7,,BI7,,,,bi,,BI0,,,,bi_1,,BI1,,,,bi_2,,BI2,,,,bi_3,,BI3,,,,bi_4,,BI4,,,,bi_5,,BI5,,,,bi_6,,BI6,,,,bi_7,,BI7,,,
r,15,,Tp2_legio,Zeitprogramm Legionellen Teil 3,,,0622,05be024e,bi,,BI0,,,,bi_1,,BI1,,,,bi_2,,BI2,,,,bi_3,,BI3,,,,bi_4,,BI4,,,,bi_5,,BI5,,,,bi_6,,BI6,,,,bi_7,,BI7,,,,bi,,BI0,,,,bi_1,,BI1,,,,bi_2,,BI2,,,,bi_3,,BI3,,,,bi_4,,BI4,,,,bi_5,,BI5,,,,bi_6,,BI6,,,,bi_7,,BI7,,,,bi,,BI0,,,,bi_1,,BI1,,,,bi_2,,BI2,,,,bi_3,,BI3,,,,bi_4,,BI4,,,,bi_5,,BI5,,,,bi_6,,BI6,,,,bi_7,,BI7,,,,bi,,BI0,,,,bi_1,,BI1,,,,bi_2,,BI2,,,,bi_3,,BI3,,,,bi_4,,BI4,,,,bi_5,,BI5,,,,bi_6,,BI6,,,,bi_7,,BI7,,,,bi,,BI0,,,,bi_1,,BI1,,,,bi_2,,BI2,,,,bi_3,,BI3,,,,bi_4,,BI4,,,,bi_5,,BI5,,,,bi_6,,BI6,,,,bi_7,,BI7,,,,bi,,BI0,,,,bi_1,,BI1,,,,bi_2,,BI2,,,,bi_3,,BI3,,,,bi_4,,BI4,,,,bi_5,,BI5,,,,bi_6,,BI6,,,,bi_7,,BI7,,,,bi,,BI0,,,,bi_1,,BI1,,,,bi_2,,BI2,,,,bi_3,,BI3,,,,bi_4,,BI4,,,,bi_5,,BI5,,,,bi_6,,BI6,,,,bi_7,,BI7,,,,bi,,BI0,,,,bi_1,,BI1,,,,bi_2,,BI2,,,,bi_3,,BI3,,,,bi_4,,BI4,,,,bi_5,,BI5,,,,bi_6,,BI6,,,,bi_7,,BI7,,,,bi,,BI0,,,,bi_1,,BI1,,,,bi_2,,BI2,,,,bi_3,,BI3,,,,bi_4,,BI4,,,,bi_5,,BI5,,,,bi_6,,BI6,,,,bi_7,,BI7,,,,bi,,BI0,,,,bi_1,,BI1,,,,bi_2,,BI2,,,,bi_3,,BI3,,,,bi_4,,BI4,,,,bi_5,,BI5,,,,bi_6,,BI6,,,,bi_7,,BI7,,,
r,15,,Tp3_legio,Zeitprogramm Legionellen Teil 4,,,0622,05be034e,bi,,BI0,,,,bi_1,,BI1,,,,bi_2,,BI2,,,,bi_3,,BI3,,,,bi_4,,BI4,,,,bi_5,,BI5,,,,bi_6,,BI6,,,,bi_7,,BI7,,,,bi,,BI0,,,,bi_1,,BI1,,,,bi_2,,BI2,,,,bi_3,,BI3,,,,bi_4,,BI4,,,,bi_5,,BI5,,,,bi_6,,BI6,,,,bi_7,,BI7,,,,bi,,BI0,,,,bi_1,,BI1,,,,bi_2,,BI2,,,,bi_3,,BI3,,,,bi_4,,BI4,,,,bi_5,,BI5,,,,bi_6,,BI6,,,,bi_7,,BI7,,,,bi,,BI0,,,,bi_1,,BI1,,,,bi_2,,BI2,,,,bi_3,,BI3,,,,bi_4,,BI4,,,,bi_5,,BI5,,,,bi_6,,BI6,,,,bi_7,,BI7,,,,bi,,BI0,,,,bi_1,,BI1,,,,bi_2,,BI2,,,,bi_3,,BI3,,,,bi_4,,BI4,,,,bi_5,,BI5,,,,bi_6,,BI6,,,,bi_7,,BI7,,,,bi,,BI0,,,,bi_1,,BI1,,,,bi_2,,BI2,,,,bi_3,,BI3,,,,bi_4,,BI4,,,,bi_5,,BI5,,,,bi_6,,BI6,,,,bi_7,,BI7,,,,bi,,BI0,,,,bi_1,,BI1,,,,bi_2,,BI2,,,,bi_3,,BI3,,,,bi_4,,BI4,,,,bi_5,,BI5,,,,bi_6,,BI6,,,,bi_7,,BI7,,,,bi,,BI0,,,,bi_1,,BI1,,,,bi_2,,BI2,,,,bi_3,,BI3,,,,bi_4,,BI4,,,,bi_5,,BI5,,,,bi_6,,BI6,,,,bi_7,,BI7,,,,bi,,BI0,,,,bi_1,,BI1,,,,bi_2,,BI2,,,,bi_3,,BI3,,,,bi_4,,BI4,,,,bi_5,,BI5,,,,bi_6,,BI6,,,,bi_7,,BI7,,,,bi,,BI0,,,,bi_1,,BI1,,,,bi_2,,BI2,,,,bi_3,,BI3,,,,bi_4,,BI4,,,,bi_5,,BI5,,,,bi_6,,BI6,,,,bi_7,,BI7,,,
r,15,,Tp4_legio,Zeitprogramm Legionellen Teil 5,,,0622,05be044e,bi,,BI0,,,,bi_1,,BI1,,,,bi_2,,BI2,,,,bi_3,,BI3,,,,bi_4,,BI4,,,,bi_5,,BI5,,,,bi_6,,BI6,,,,bi_7,,BI7,,,,bi,,BI0,,,,bi_1,,BI1,,,,bi_2,,BI2,,,,bi_3,,BI3,,,,bi_4,,BI4,,,,bi_5,,BI5,,,,bi_6,,BI6,,,,bi_7,,BI7,,,,bi,,BI0,,,,bi_1,,BI1,,,,bi_2,,BI2,,,,bi_3,,BI3,,,,bi_4,,BI4,,,,bi_5,,BI5,,,,bi_6,,BI6,,,,bi_7,,BI7,,,,bi,,BI0,,,,bi_1,,BI1,,,,bi_2,,BI2,,,,bi_3,,BI3,,,,bi_4,,BI4,,,,bi_5,,BI5,,,,bi_6,,BI6,,,,bi_7,,BI7,,,,bi,,BI0,,,,bi_1,,BI1,,,,bi_2,,BI2,,,,bi_3,,BI3,,,,bi_4,,BI4,,,,bi_5,,BI5,,,,bi_6,,BI6,,,,bi_7,,BI7,,,,bi,,BI0,,,,bi_1,,BI1,,,,bi_2,,BI2,,,,bi_3,,BI3,,,,bi_4,,BI4,,,,bi_5,,BI5,,,,bi_6,,BI6,,,,bi_7,,BI7,,,,bi,,BI0,,,,bi_1,,BI1,,,,bi_2,,BI2,,,,bi_3,,BI3,,,,bi_4,,BI4,,,,bi_5,,BI5,,,,bi_6,,BI6,,,,bi_7,,BI7,,,,bi,,BI0,,,,bi_1,,BI1,,,,bi_2,,BI2,,,,bi_3,,BI3,,,,bi_4,,BI4,,,,bi_5,,BI5,,,,bi_6,,BI6,,,,bi_7,,BI7,,,,bi,,BI0,,,,bi_1,,BI1,,,,bi_2,,BI2,,,,bi_3,,BI3,,,,bi_4,,BI4,,,,bi_5,,BI5,,,,bi_6,,BI6,,,,bi_7,,BI7,,,,bi,,BI0,,,,bi_1,,BI1,,,,bi_2,,BI2,,,,bi_3,,BI3,,,,bi_4,,BI4,,,,bi_5,,BI5,,,,bi_6,,BI6,,,,bi_7,,BI7,,,
r,15,,Tp5_legio,Zeitprogramm Legionellen Teil 6,,,0622,05be054e,bi,,BI0,,,,bi_1,,BI1,,,,bi_2,,BI2,,,,bi_3,,BI3,,,,bi_4,,BI4,,,,bi_5,,BI5,,,,bi_6,,BI6,,,,bi_7,,BI7,,,,bi,,BI0,,,,bi_1,,BI1,,,,bi_2,,BI2,,,,bi_3,,BI3,,,,bi_4,,BI4,,,,bi_5,,BI5,,,,bi_6,,BI6,,,,bi_7,,BI7,,,,bi,,BI0,,,,bi_1,,BI1,,,,bi_2,,BI2,,,,bi_3,,BI3,,,,bi_4,,BI4,,,,bi_5,,BI5,,,,bi_6,,BI6,,,,bi_7,,BI7,,,,bi,,BI0,,,,bi_1,,BI1,,,,bi_2,,BI2,,,,bi_3,,BI3,,,,bi_4,,BI4,,,,bi_5,,BI5,,,,bi_6,,BI6,,,,bi_7,,BI7,,,,bi,,BI0,,,,bi_1,,BI1,,,,bi_2,,BI2,,,,bi_3,,BI3,,,,bi_4,,BI4,,,,bi_5,,BI5,,,,bi_6,,BI6,,,,bi_7,,BI7,,,,bi,,BI0,,,,bi_1,,BI1,,,,bi_2,,BI2,,,,bi_3,,BI3,,,,bi_4,,BI4,,,,bi_5,,BI5,,,,bi_6,,BI6,,,,bi_7,,BI7,,,,bi,,BI0,,,,bi_1,,BI1,,,,bi_2,,BI2,,,,bi_3,,BI3,,,,bi_4,,BI4,,,,bi_5,,BI5,,,,bi_6,,BI6,,,,bi_7,,BI7,,,,bi,,BI0,,,,bi_1,,BI1,,,,bi_2,,BI2,,,,bi_3,,BI3,,,,bi_4,,BI4,,,,bi_5,,BI5,,,,bi_6,,BI6,,,,bi_7,,BI7,,,,bi,,BI0,,,,bi_1,,BI1,,,,bi_2,,BI2,,,,bi_3,,BI3,,,,bi_4,,BI4,,,,bi_5,,BI5,,,,bi_6,,BI6,,,,bi_7,,BI7,,,,bi,,BI0,,,,bi_1,,BI1,,,,bi_2,,BI2,,,,bi_3,,BI3,,,,bi_4,,BI4,,,,bi_5,,BI5,,,,bi_6,,BI6,,,,bi_7,,BI7,,,
r,15,,Tp6_legio,Zeitprogramm Legionellen Teil 7,,,0622,05be064e,bi,,BI0,,,,bi_1,,BI1,,,,bi_2,,BI2,,,,bi_3,,BI3,,,,bi_4,,BI4,,,,bi_5,,BI5,,,,bi_6,,BI6,,,,bi_7,,BI7,,,,bi,,BI0,,,,bi_1,,BI1,,,,bi_2,,BI2,,,,bi_3,,BI3,,,,bi_4,,BI4,,,,bi_5,,BI5,,,,bi_6,,BI6,,,,bi_7,,BI7,,,,bi,,BI0,,,,bi_1,,BI1,,,,bi_2,,BI2,,,,bi_3,,BI3,,,,bi_4,,BI4,,,,bi_5,,BI5,,,,bi_6,,BI6,,,,bi_7,,BI7,,,,bi,,BI0,,,,bi_1,,BI1,,,,bi_2,,BI2,,,,bi_3,,BI3,,,,bi_4,,BI4,,,,bi_5,,BI5,,,,bi_6,,BI6,,,,bi_7,,BI7,,,,bi,,BI0,,,,bi_1,,BI1,,,,bi_2,,BI2,,,,bi_3,,BI3,,,,bi_4,,BI4,,,,bi_5,,BI5,,,,bi_6,,BI6,,,,bi_7,,BI7,,,,bi,,BI0,,,,bi_1,,BI1,,,,bi_2,,BI2,,,,bi_3,,BI3,,,,bi_4,,BI4,,,,bi_5,,BI5,,,,bi_6,,BI6,,,,bi_7,,BI7,,,,bi,,BI0,,,,bi_1,,BI1,,,,bi_2,,BI2,,,,bi_3,,BI3,,,,bi_4,,BI4,,,,bi_5,,BI5,,,,bi_6,,BI6,,,,bi_7,,BI7,,,,bi,,BI0,,,,bi_1,,BI1,,,,bi_2,,BI2,,,,bi_3,,BI3,,,,bi_4,,BI4,,,,bi_5,,BI5,,,,bi_6,,BI6,,,,bi_7,,BI7,,,,bi,,BI0,,,,bi_1,,BI1,,,,bi_2,,BI2,,,,bi_3,,BI3,,,,bi_4,,BI4,,,,bi_5,,BI5,,,,bi_6,,BI6,,,,bi_7,,BI7,,,,bi,,BI0,,,,bi_1,,BI1,,,,bi_2,,BI2,,,,bi_3,,BI3,,,,bi_4,,BI4,,,,bi_5,,BI5,,,,bi_6,,BI6,,,,bi_7,,BI7,,,
r,15,,Tp7_legio,Zeitprogramm Legionellen Teil 8,,,0622,05be074e,bi,,BI0,,,,bi_1,,BI1,,,,bi_2,,BI2,,,,bi_3,,BI3,,,,bi_4,,BI4,,,,bi_5,,BI5,,,,bi_6,,BI6,,,,bi_7,,BI7,,,,bi,,BI0,,,,bi_1,,BI1,,,,bi_2,,BI2,,,,bi_3,,BI3,,,,bi_4,,BI4,,,,bi_5,,BI5,,,,bi_6,,BI6,,,,bi_7,,BI7,,,,bi,,BI0,,,,bi_1,,BI1,,,,bi_2,,BI2,,,,bi_3,,BI3,,,,bi_4,,BI4,,,,bi_5,,BI5,,,,bi_6,,BI6,,,,bi_7,,BI7,,,,bi,,BI0,,,,bi_1,,BI1,,,,bi_2,,BI2,,,,bi_3,,BI3,,,,bi_4,,BI4,,,,bi_5,,BI5,,,,bi_6,,BI6,,,,bi_7,,BI7,,,,bi,,BI0,,,,bi_1,,BI1,,,,bi_2,,BI2,,,,bi_3,,BI3,,,,bi_4,,BI4,,,,bi_5,,BI5,,,,bi_6,,BI6,,,,bi_7,,BI7,,,,bi,,BI0,,,,bi_1,,BI1,,,,bi_2,,BI2,,,,bi_3,,BI3,,,,bi_4,,BI4,,,,bi_5,,BI5,,,,bi_6,,BI6,,,,bi_7,,BI7,,,,bi,,BI0,,,,bi_1,,BI1,,,,bi_2,,BI2,,,,bi_3,,BI3,,,,bi_4,,BI4,,,,bi_5,,BI5,,,,bi_6,,BI6,,,,bi_7,,BI7,,,,bi,,BI0,,,,bi_1,,BI1,,,,bi_2,,BI2,,,,bi_3,,BI3,,,,bi_4,,BI4,,,,bi_5,,BI5,,,,bi_6,,BI6,,,,bi_7,,BI7,,,,bi,,BI0,,,,bi_1,,BI1,,,,bi_2,,BI2,,,,bi_3,,BI3,,,,bi_4,,BI4,,,,bi_5,,BI5,,,,bi_6,,BI6,,,,bi_7,,BI7,,,,bi,,BI0,,,,bi_1,,BI1,,,,bi_2,,BI2,,,,bi_3,,BI3,,,,bi_4,,BI4,,,,bi_5,,BI5,,,,bi_6,,BI6,,,,bi_7,,BI7,,,
r,15,,Tp8_legio,Zeitprogramm Legionellen Teil 9,,,0622,05be084e,bi,,BI0,,,,bi_1,,BI1,,,,bi_2,,BI2,,,,bi_3,,BI3,,,,bi_4,,BI4,,,,bi_5,,BI5,,,,bi_6,,BI6,,,,bi_7,,BI7,,,,bi,,BI0,,,,bi_1,,BI1,,,,bi_2,,BI2,,,,bi_3,,BI3,,,,bi_4,,BI4,,,,bi_5,,BI5,,,,bi_6,,BI6,,,,bi_7,,BI7,,,,bi,,BI0,,,,bi_1,,BI1,,,,bi_2,,BI2,,,,bi_3,,BI3,,,,bi_4,,BI4,,,,bi_5,,BI5,,,,bi_6,,BI6,,,,bi_7,,BI7,,,,bi,,BI0,,,,bi_1,,BI1,,,,bi_2,,BI2,,,,bi_3,,BI3,,,,bi_4,,BI4,,,,bi_5,,BI5,,,,bi_6,,BI6,,,,bi_7,,BI7,,,,bi,,BI0,,,,bi_1,,BI1,,,,bi_2,,BI2,,,,bi_3,,BI3,,,,bi_4,,BI4,,,,bi_5,,BI5,,,,bi_6,,BI6,,,,bi_7,,BI7,,,,bi,,BI0,,,,bi_1,,BI1,,,,bi_2,,BI2,,,,bi_3,,BI3,,,,bi_4,,BI4,,,,bi_5,,BI5,,,,bi_6,,BI6,,,,bi_7,,BI7,,,,bi,,BI0,,,,bi_1,,BI1,,,,bi_2,,BI2,,,,bi_3,,BI3,,,,bi_4,,BI4,,,,bi_5,,BI5,,,,bi_6,,BI6,,,,bi_7,,BI7,,,,bi,,BI0,,,,bi_1,,BI1,,,,bi_2,,BI2,,,,bi_3,,BI3,,,,bi_4,,BI4,,,,bi_5,,BI5,,,,bi_6,,BI6,,,,bi_7,,BI7,,,,bi,,BI0,,,,bi_1,,BI1,,,,bi_2,,BI2,,,,bi_3,,BI3,,,,bi_4,,BI4,,,,bi_5,,BI5,,,,bi_6,,BI6,,,,bi_7,,BI7,,,,bi,,BI0,,,,bi_1,,BI1,,,,bi_2,,BI2,,,,bi_3,,BI3,,,,bi_4,,BI4,,,,bi_5,,BI5,,,,bi_6,,BI6,,,,bi_7,,BI7,,,
r,15,,Tp9_legio,Zeitprogramm Legionellen Teil 10,,,0622,05be094e,bi,,BI0,,,,bi_1,,BI1,,,,bi_2,,BI2,,,,bi_3,,BI3,,,,bi_4,,BI4,,,,bi_5,,BI5,,,,bi_6,,BI6,,,,bi_7,,BI7,,,,bi,,BI0,,,,bi_1,,BI1,,,,bi_2,,BI2,,,,bi_3,,BI3,,,,bi_4,,BI4,,,,bi_5,,BI5,,,,bi_6,,BI6,,,,bi_7,,BI7,,,,bi,,BI0,,,,bi_1,,BI1,,,,bi_2,,BI2,,,,bi_3,,BI3,,,,bi_4,,BI4,,,,bi_5,,BI5,,,,bi_6,,BI6,,,,bi_7,,BI7,,,,bi,,BI0,,,,bi_1,,BI1,,,,bi_2,,BI2,,,,bi_3,,BI3,,,,bi_4,,BI4,,,,bi_5,,BI5,,,,bi_6,,BI6,,,,bi_7,,BI7,,,
r,15,,Tp_ww,Zeitprogramm Warmwasser,,,0622,05bd004e;05bd014e;05bd024e;05bd034e;05bd044e;05bd054e;05bd064e;05bd074e;05bd084e;05bd094e,uch,,UCH,,,,uch_1,,UCH,,,,uch_2,,UCH,,,,uch_3,,UCH,,,,uch_4,,UCH,,,,uch_5,,UCH,,,,uch_6,,UCH,,,,uch_7,,UCH,,,,uch_8,,UCH,,,,ign,,IGN:1,,,,bi,,BI0,,,,bi_1,,BI1,,,,bi_2,,BI2,,,,bi_3,,BI3,,,,bi_4,,BI4,,,,bi_5,,BI5,,,,bi_6,,BI6,,,,bi_7,,BI7,,,,bi,,BI0,,,,bi_1,,BI1,,,,bi_2,,BI2,,,,bi_3,,BI3,,,,bi_4,,BI4,,,,bi_5,,BI5,,,,bi_6,,BI6,,,,bi_7,,BI7,,,,bi,,BI0,,,,bi_1,,BI1,,,,bi_2,,BI2,,,,bi_3,,BI3,,,,bi_4,,BI4,,,,bi_5,,BI5,,,,bi_6,,BI6,,,,bi_7,,BI7,,,,bi,,BI0,,,,bi_1,,BI1,,,,bi_2,,BI2,,,,bi_3,,BI3,,,,bi_4,,BI4,,,,bi_5,,BI5,,,,bi_6,,BI6,,,,bi_7,,BI7,,,,bi,,BI0,,,,bi_1,,BI1,,,,bi_2,,BI2,,,,bi_3,,BI3,,,,bi_4,,BI4,,,,bi_5,,BI5,,,,bi_6,,BI6,,,,bi_7,,BI7,,,,bi,,BI0,,,,bi_1,,BI1,,,,bi_2,,BI2,,,,bi_3,,BI3,,,,bi_4,,BI4,,,,bi_5,,BI5,,,,bi_6,,BI6,,,,bi_7,,BI7,,,,bi,,BI0,,,,bi_1,,BI1,,,,bi_2,,BI2,,,,bi_3,,BI3,,,,bi_4,,BI4,,,,bi_5,,BI5,,,,bi_6,,BI6,,,,bi_7,,BI7,,,,bi,,BI0,,,,bi_1,,BI1,,,,bi_2,,BI2,,,,bi_3,,BI3,,,,bi_4,,BI4,,,,bi_5,,BI5,,,,bi_6,,BI6,,,,bi_7,,BI7,,,,bi,,BI0,,,,bi_1,,BI1,,,,bi_2,,BI2,,,,bi_3,,BI3,,,,bi_4,,BI4,,,,bi_5,,BI5,,,,bi_6,,BI6,,,,bi_7,,BI7,,,,bi,,BI0,,,,bi_1,,BI1,,,,bi_2,,BI2,,,,bi_3,,BI3,,,,bi_4,,BI4,,,,bi_5,,BI5,,,,bi_6,,BI6,,,,bi_7,,BI7,,,,bi,,BI0,,,,bi_1,,BI1,,,,bi_2,,BI2,,,,bi_3,,BI3,,,,bi_4,,BI4,,,,bi_5,,BI5,,,,bi_6,,BI6,,,,bi_7,,BI7,,,,bi,,BI0,,,,bi_1,,BI1,,,,bi_2,,BI2,,,,bi_3,,BI3,,,,bi_4,,BI4,,,,bi_5,,BI5,,,,bi_6,,BI6,,,,bi_7,,BI7,,,,bi,,BI0,,,,bi_1,,BI1,,,,bi_2,,BI2,,,,bi_3,,BI3,,,,bi_4,,BI4,,,,bi_5,,BI5,,,,bi_6,,BI6,,,,bi_7,,BI7,,,,bi,,BI0,,,,bi_1,,BI1,,,,bi_2,,BI2,,,,bi_3,,BI3,,,,bi_4,,BI4,,,,bi_5,,BI5,,,,bi_6,,BI6,,,,bi_7,,BI7,,,,bi,,BI0,,,,bi_1,,BI1,,,,bi_2,,BI2,,,,bi_3,,BI3,,,,bi_4,,BI4,,,,bi_5,,BI5,,,,bi_6,,BI6,,,,bi_7,,BI7,,,,bi,,BI0,,,,bi_1,,BI1,,,,bi_2,,BI2,,,,bi_3,,BI3,,,,bi_4,,BI4,,,,bi_5,,BI5,,,,bi_6,,BI6,,,,bi_7,,BI7,,,,bi,,BI0,,,,bi_1,,BI1,,,,bi_2,,BI2,,,,bi_3,,BI3,,,,bi_4,,BI4,,,,bi_5,,BI5,,,,bi_6,,BI6,,,,bi_7,,BI7,,,,bi,,BI0,,,,bi_1,,BI1,,,,bi_2,,BI2,,,,bi_3,,BI3,,,,bi_4,,BI4,,,,bi_5,,BI5,,,,bi_6,,BI6,,,,bi_7,,BI7,,,,bi,,BI0,,,,bi_1,,BI1,,,,bi_2,,BI2,,,,bi_3,,BI3,,,,bi_4,,BI4,,,,bi_5,,BI5,,,,bi_6,,BI6,,,,bi_7,,BI7,,,,bi,,BI0,,,,bi_1,,BI1,,,,bi_2,,BI2,,,,bi_3,,BI3,,,,bi_4,,BI4,,,,bi_5,,BI5,,,,bi_6,,BI6,,,,bi_7,,BI7,,,,bi,,BI0,,,,bi_1,,BI1,,,,bi_2,,BI2,,,,bi_3,,BI3,,,,bi_4,,BI4,,,,bi_5,,BI5,,,,bi_6,,BI6,,,,bi_7,,BI7,,,,bi,,BI0,,,,bi_1,,BI1,,,,bi_2,,BI2,,,,bi_3,,BI3,,,,bi_4,,BI4,,,,bi_5,,BI5,,,,bi_6,,BI6,,,,bi_7,,BI7,,,,bi,,BI0,,,,bi_1,,BI1,,,,bi_2,,BI2,,,,bi_3,,BI3,,,,bi_4,,BI4,,,,bi_5,,BI5,,,,bi_6,,BI6,,,,bi_7,,BI7,,,,bi,,BI0,,,,bi_1,,BI1,,,,bi_2,,BI2,,,,bi_3,,BI3,,,,bi_4,,BI4,,,,bi_5,,BI5,,,,bi_6,,BI6,,,,bi_7,,BI7,,,,bi,,BI0,,,,bi_1,,BI1,,,,bi_2,,BI2,,,,bi_3,,BI3,,,,bi_4,,BI4,,,,bi_5,,BI5,,,,bi_6,,BI6,,,,bi_7,,BI7,,,,bi,,BI0,,,,bi_1,,BI1,,,,bi_2,,BI2,,,,bi_3,,BI3,,,,bi_4,,BI4,,,,bi_5,,BI5,,,,bi_6,,BI6,,,,bi_7,,BI7,,,,bi,,BI0,,,,bi_1,,BI1,,,,bi_2,,BI2,,,,bi_3,,BI3,,,,bi_4,,BI4,,,,bi_5,,BI5,,,,bi_6,,BI6,,,,bi_7,,BI7,,,,bi,,BI0,,,,bi_1,,BI1,,,,bi_2,,BI2,,,,bi_3,,BI3,,,,bi_4,,BI4,,,,bi_5,,BI5,,,,bi_6,,BI6,,,,bi_7,,BI7,,,,bi,,BI0,,,,bi_1,,BI1,,,,bi_2,,BI2,,,,bi_3,,BI3,,,,bi_4,,BI4,,,,bi_5,,BI5,,,,bi_6,,BI6,,,,bi_7,,BI7,,,,bi,,BI0,,,,bi_1,,BI1,,,,bi_2,,BI2,,,,bi_3,,BI3,,,,bi_4,,BI4,,,,bi_5,,BI5,,,,bi_6,,BI6,,,,bi_7,,BI7,,,,bi,,BI0,,,,bi_1,,BI1,,,,bi_2,,BI2,,,,bi_3,,BI3,,,,bi_4,,BI4,,,,bi_5,,BI5,,,,bi_6,,BI6,,,,bi_7,,BI7,,,,bi,,BI0,,,,bi_1,,BI1,,,,bi_2,,BI2,,,,bi_3,,BI3,,,,bi_4,,BI4,,,,bi_5,,BI5,,,,bi_6,,BI6,,,,bi_7,,BI7,,,,bi,,BI0,,,,bi_1,,BI1,,,,bi_2,,BI2,,,,bi_3,,BI3,,,,bi_4,,BI4,,,,bi_5,,BI5,,,,bi_6,,BI6,,,,bi_7,,BI7,,,,bi,,BI0,,,,bi_1,,BI1,,,,bi_2,,BI2,,,,bi_3,,BI3,,,,bi_4,,BI4,,,,bi_5,,BI5,,,,bi_6,,BI6,,,,bi_7,,BI7,,,,bi,,BI0,,,,bi_1,,BI1,,,,bi_2,,BI2,,,,bi_3,,BI3,,,,bi_4,,BI4,,,,bi_5,,BI5,,,,bi_6,,BI6,,,,bi_7,,BI7,,,,bi,,BI0,,,,bi_1,,BI1,,,,bi_2,,BI2,,,,bi_3,,BI3,,,,bi_4,,BI4,,,,bi_5,,BI5,,,,bi_6,,BI6,,,,bi_7,,BI7,,,,bi,,BI0,,,,bi_1,,BI1,,,,bi_2,,BI2,,,,bi_3,,BI3,,,,bi_4,,BI4,,,,bi_5,,BI5,,,,bi_6,,BI6,,,,bi_7,,BI7,,,,bi,,BI0,,,,bi_1,,BI1,,,,bi_2,,BI2,,,,bi_3,,BI3,,,,bi_4,,BI4,,,,bi_5,,BI5,,,,bi_6,,BI6,,,,bi_7,,BI7,,,,bi,,BI0,,,,bi_1,,BI1,,,,bi_2,,BI2,,,,bi_3,,BI3,,,,bi_4,,BI4,,,,bi_5,,BI5,,,,bi_6,,BI6,,,,bi_7,,BI7,,,,bi,,BI0,,,,bi_1,,BI1,,,,bi_2,,BI2,,,,bi_3,,BI3,,,,bi_4,,BI4,,,,bi_5,,BI5,,,,bi_6,,BI6,,,,bi_7,,BI7,,,,bi,,BI0,,,,bi_1,,BI1,,,,bi_2,,BI2,,,,bi_3,,BI3,,,,bi_4,,BI4,,,,bi_5,,BI5,,,,bi_6,,BI6,,,,bi_7,,BI7,,,,bi,,BI0,,,,bi_1,,BI1,,,,bi_2,,BI2,,,,bi_3,,BI3,,,,bi_4,,BI4,,,,bi_5,,BI5,,,,bi_6,,BI6,,,,bi_7,,BI7,,,,bi,,BI0,,,,bi_1,,BI1,,,,bi_2,,BI2,,,,bi_3,,BI3,,,,bi_4,,BI4,,,,bi_5,,BI5,,,,bi_6,,BI6,,,,bi_7,,BI7,,,,bi,,BI0,,,,bi_1,,BI1,,,,bi_2,,BI2,,,,bi_3,,BI3,,,,bi_4,,BI4,,,,bi_5,,BI5,,,,bi_6,,BI6,,,,bi_7,,BI7,,,,bi,,BI0,,,,bi_1,,BI1,,,,bi_2,,BI2,,,,bi_3,,BI3,,,,bi_4,,BI4,,,,bi_5,,BI5,,,,bi_6,,BI6,,,,bi_7,,BI7,,,,bi,,BI0,,,,bi_1,,BI1,,,,bi_2,,BI2,,,,bi_3,,BI3,,,,bi_4,,BI4,,,,bi_5,,BI5,,,,bi_6,,BI6,,,,bi_7,,BI7,,,,bi,,BI0,,,,bi_1,,BI1,,,,bi_2,,BI2,,,,bi_3,,BI3,,,,bi_4,,BI4,,,,bi_5,,BI5,,,,bi_6,,BI6,,,,bi_7,,BI7,,,,bi,,BI0,,,,bi_1,,BI1,,,,bi_2,,BI2,,,,bi_3,,BI3,,,,bi_4,,BI4,,,,bi_5,,BI5,,,,bi_6,,BI6,,,,bi_7,,BI7,,,,bi,,BI0,,,,bi_1,,BI1,,,,bi_2,,BI2,,,,bi_3,,BI3,,,,bi_4,,BI4,,,,bi_5,,BI5,,,,bi_6,,BI6,,,,bi_7,,BI7,,,,bi,,BI0,,,,bi_1,,BI1,,,,bi_2,,BI2,,,,bi_3,,BI3,,,,bi_4,,BI4,,,,bi_5,,BI5,,,,bi_6,,BI6,,,,bi_7,,BI7,,,,bi,,BI0,,,,bi_1,,BI1,,,,bi_2,,BI2,,,,bi_3,,BI3,,,,bi_4,,BI4,,,,bi_5,,BI5,,,,bi_6,,BI6,,,,bi_7,,BI7,,,,bi,,BI0,,,,bi_1,,BI1,,,,bi_2,,BI2,,,,bi_3,,BI3,,,,bi_4,,BI4,,,,bi_5,,BI5,,,,bi_6,,BI6,,,,bi_7,,BI7,,,,bi,,BI0,,,,bi_1,,BI1,,,,bi_2,,BI2,,,,bi_3,,BI3,,,,bi_4,,BI4,,,,bi_5,,BI5,,,,bi_6,,BI6,,,,bi_7,,BI7,,,,bi,,BI0,,,,bi_1,,BI1,,,,bi_2,,BI2,,,,bi_3,,BI3,,,,bi_4,,BI4,,,,bi_5,,BI5,,,,bi_6,,BI6,,,,bi_7,,BI7,,,,bi,,BI0,,,,bi_1,,BI1,,,,bi_2,,BI2,,,,bi_3,,BI3,,,,bi_4,,BI4,,,,bi_5,,BI5,,,,bi_6,,BI6,,,,bi_7,,BI7,,,,bi,,BI0,,,,bi_1,,BI1,,,,bi_2,,BI2,,,,bi_3,,BI3,,,,bi_4,,BI4,,,,bi_5,,BI5,,,,bi_6,,BI6,,,,bi_7,,BI7,,,,bi,,BI0,,,,bi_1,,BI1,,,,bi_2,,BI2,,,,bi_3,,BI3,,,,bi_4,,BI4,,,,bi_5,,BI5,,,,bi_6,,BI6,,,,bi_7,,BI7,,,,bi,,BI0,,,,bi_1,,BI1,,,,bi_2,,BI2,,,,bi_3,,BI3,,,,bi_4,,BI4,,,,bi_5,,BI5,,,,bi_6,,BI6,,,,bi_7,,BI7,,,,bi,,BI0,,,,bi_1,,BI1,,,,bi_2,,BI2,,,,bi_3,,BI3,,,,bi_4,,BI4,,,,bi_5,,BI5,,,,bi_6,,BI6,,,,bi_7,,BI7,,,,bi,,BI0,,,,bi_1,,BI1,,,,bi_2,,BI2,,,,bi_3,,BI3,,,,bi_4,,BI4,,,,bi_5,,BI5,,,,bi_6,,BI6,,,,bi_7,,BI7,,,,bi,,BI0,,,,bi_1,,BI1,,,,bi_2,,BI2,,,,bi_3,,BI3,,,,bi_4,,BI4,,,,bi_5,,BI5,,,,bi_6,,BI6,,,,bi_7,,BI7,,,,bi,,BI0,,,,bi_1,,BI1,,,,bi_2,,BI2,,,,bi_3,,BI3,,,,bi_4,,BI4,,,,bi_5,,BI5,,,,bi_6,,BI6,,,,bi_7,,BI7,,,,bi,,BI0,,,,bi_1,,BI1,,,,bi_2,,BI2,,,,bi_3,,BI3,,,,bi_4,,BI4,,,,bi_5,,BI5,,,,bi_6,,BI6,,,,bi_7,,BI7,,,,bi,,BI0,,,,bi_1,,BI1,,,,bi_2,,BI2,,,,bi_3,,BI3,,,,bi_4,,BI4,,,,bi_5,,BI5,,,,bi_6,,BI6,,,,bi_7,,BI7,,,,bi,,BI0,,,,bi_1,,BI1,,,,bi_2,,BI2,,,,bi_3,,BI3,,,,bi_4,,BI4,,,,bi_5,,BI5,,,,bi_6,,BI6,,,,bi_7,,BI7,,,,bi,,BI0,,,,bi_1,,BI1,,,,bi_2,,BI2,,,,bi_3,,BI3,,,,bi_4,,BI4,,,,bi_5,,BI5,,,,bi_6,,BI6,,,,bi_7,,BI7,,,,bi,,BI0,,,,bi_1,,BI1,,,,bi_2,,BI2,,,,bi_3,,BI3,,,,bi_4,,BI4,,,,bi_5,,BI5,,,,bi_6,,BI6,,,,bi_7,,BI7,,,,bi,,BI0,,,,bi_1,,BI1,,,,bi_2,,BI2,,,,bi_3,,BI3,,,,bi_4,,BI4,,,,bi_5,,BI5,,,,bi_6,,BI6,,,,bi_7,,BI7,,,,bi,,BI0,,,,bi_1,,BI1,,,,bi_2,,BI2,,,,bi_3,,BI3,,,,bi_4,,BI4,,,,bi_5,,BI5,,,,bi_6,,BI6,,,,bi_7,,BI7,,,,bi,,BI0,,,,bi_1,,BI1,,,,bi_2,,BI2,,,,bi_3,,BI3,,,,bi_4,,BI4,,,,bi_5,,BI5,,,,bi_6,,BI6,,,,bi_7,,BI7,,,,bi,,BI0,,,,bi_1,,BI1,,,,bi_2,,BI2,,,,bi_3,,BI3,,,,bi_4,,BI4,,,,bi_5,,BI5,,,,bi_6,,BI6,,,,bi_7,,BI7,,,,bi,,BI0,,,,bi_1,,BI1,,,,bi_2,,BI2,,,,bi_3,,BI3,,,,bi_4,,BI4,,,,bi_5,,BI5,,,,bi_6,,BI6,,,,bi_7,,BI7,,,,bi,,BI0,,,,bi_1,,BI1,,,,bi_2,,BI2,,,,bi_3,,BI3,,,,bi_4,,BI4,,,,bi_5,,BI5,,,,bi_6,,BI6,,,,bi_7,,BI7,,,,bi,,BI0,,,,bi_1,,BI1,,,,bi_2,,BI2,,,,bi_3,,BI3,,,,bi_4,,BI4,,,,bi_5,,BI5,,,,bi_6,,BI6,,,,bi_7,,BI7,,,,bi,,BI0,,,,bi_1,,BI1,,,,bi_2,,BI2,,,,bi_3,,BI3,,,,bi_4,,BI4,,,,bi_5,,BI5,,,,bi_6,,BI6,,,,bi_7,,BI7,,,,bi,,BI0,,,,bi_1,,BI1,,,,bi_2,,BI2,,,,bi_3,,BI3,,,,bi_4,,BI4,,,,bi_5,,BI5,,,,bi_6,,BI6,,,,bi_7,,BI7,,,,bi,,BI0,,,,bi_1,,BI1,,,,bi_2,,BI2,,,,bi_3,,BI3,,,,bi_4,,BI4,,,,bi_5,,BI5,,,,bi_6,,BI6,,,,bi_7,,BI7,,,,bi,,BI0,,,,bi_1,,BI1,,,,bi_2,,BI2,,,,bi_3,,BI3,,,,bi_4,,BI4,,,,bi_5,,BI5,,,,bi_6,,BI6,,,,bi_7,,BI7,,,,bi,,BI0,,,,bi_1,,BI1,,,,bi_2,,BI2,,,,bi_3,,BI3,,,,bi_4,,BI4,,,,bi_5,,BI5,,,,bi_6,,BI6,,,,bi_7,,BI7,,,,bi,,BI0,,,,bi_1,,BI1,,,,bi_2,,BI2,,,,bi_3,,BI3,,,,bi_4,,BI4,,,,bi_5,,BI5,,,,bi_6,,BI6,,,,bi_7,,BI7,,,,bi,,BI0,,,,bi_1,,BI1,,,,bi_2,,BI2,,,,bi_3,,BI3,,,,bi_4,,BI4,,,,bi_5,,BI5,,,,bi_6,,BI6,,,,bi_7,,BI7,,,,bi,,BI0,,,,bi_1,,BI1,,,,bi_2,,BI2,,,,bi_3,,BI3,,,,bi_4,,BI4,,,,bi_5,,BI5,,,,bi_6,,BI6,,,,bi_7,,BI7,,,,bi,,BI0,,,,bi_1,,BI1,,,,bi_2,,BI2,,,,bi_3,,BI3,,,,bi_4,,BI4,,,,bi_5,,BI5,,,,bi_6,,BI6,,,,bi_7,,BI7,,,,bi,,BI0,,,,bi_1,,BI1,,,,bi_2,,BI2,,,,bi_3,,BI3,,,,bi_4,,BI4,,,,bi_5,,BI5,,,,bi_6,,BI6,,,,bi_7,,BI7,,,
r,15,,Tp_zirk,Zeitprogramm Zirkulation,,,0622,05c0004e;05c0014e;05c0024e;05c0034e;05c0044e;05c0054e;05c0064e;05c0074e;05c0084e;05c0094e,uch,,UCH,,,,uch_1,,UCH,,,,uch_2,,UCH,,,,uch_3,,UCH,,,,uch_4,,UCH,,,,uch_5,,UCH,,,,uch_6,,UCH,,,,uch_7,,UCH,,,,uch_8,,UCH,,,,ign,,IGN:1,,,,bi,,BI0,,,,bi_1,,BI1,,,,bi_2,,BI2,,,,bi_3,,BI3,,,,bi_4,,BI4,,,,bi_5,,BI5,,,,bi_6,,BI6,,,,bi_7,,BI7,,,,bi,,BI0,,,,bi_1,,BI1,,,,bi_2,,BI2,,,,bi_3,,BI3,,,,bi_4,,BI4,,,,bi_5,,BI5,,,,bi_6,,BI6,,,,bi_7,,BI7,,,,bi,,BI0,,,,bi_1,,BI1,,,,bi_2,,BI2,,,,bi_3,,BI3,,,,bi_4,,BI4,,,,bi_5,,BI5,,,,bi_6,,BI6,,,,bi_7,,BI7,,,,bi,,BI0,,,,bi_1,,BI1,,,,bi_2,,BI2,,,,bi_3,,BI3,,,,bi_4,,BI4,,,,bi_5,,BI5,,,,bi_6,,BI6,,,,bi_7,,BI7,,,,bi,,BI0,,,,bi_1,,BI1,,,,bi_2,,BI2,,,,bi_3,,BI3,,,,bi_4,,BI4,,,,bi_5,,BI5,,,,bi_6,,BI6,,,,bi_7,,BI7,,,,bi,,BI0,,,,bi_1,,BI1,,,,bi_2,,BI2,,,,bi_3,,BI3,,,,bi_4,,BI4,,,,bi_5,,BI5,,,,bi_6,,BI6,,,,bi_7,,BI7,,,,bi,,BI0,,,,bi_1,,BI1,,,,bi_2,,BI2,,,,bi_3,,BI3,,,,bi_4,,BI4,,,,bi_5,,BI5,,,,bi_6,,BI6,,,,bi_7,,BI7,,,,bi,,BI0,,,,bi_1,,BI1,,,,bi_2,,BI2,,,,bi_3,,BI3,,,,bi_4,,BI4,,,,bi_5,,BI5,,,,bi_6,,BI6,,,,bi_7,,BI7,,,,bi,,BI0,,,,bi_1,,BI1,,,,bi_2,,BI2,,,,bi_3,,BI3,,,,bi_4,,BI4,,,,bi_5,,BI5,,,,bi_6,,BI6,,,,bi_7,,BI7,,,,bi,,BI0,,,,bi_1,,BI1,,,,bi_2,,BI2,,,,bi_3,,BI3,,,,bi_4,,BI4,,,,bi_5,,BI5,,,,bi_6,,BI6,,,,bi_7,,BI7,,,,bi,,BI0,,,,bi_1,,BI1,,,,bi_2,,BI2,,,,bi_3,,BI3,,,,bi_4,,BI4,,,,bi_5,,BI5,,,,bi_6,,BI6,,,,bi_7,,BI7,,,,bi,,BI0,,,,bi_1,,BI1,,,,bi_2,,BI2,,,,bi_3,,BI3,,,,bi_4,,BI4,,,,bi_5,,BI5,,,,bi_6,,BI6,,,,bi_7,,BI7,,,,bi,,BI0,,,,bi_1,,BI1,,,,bi_2,,BI2,,,,bi_3,,BI3,,,,bi_4,,BI4,,,,bi_5,,BI5,,,,bi_6,,BI6,,,,bi_7,,BI7,,,,bi,,BI0,,,,bi_1,,BI1,,,,bi_2,,BI2,,,,bi_3,,BI3,,,,bi_4,,BI4,,,,bi_5,,BI5,,,,bi_6,,BI6,,,,bi_7,,BI7,,,,bi,,BI0,,,,bi_1,,BI1,,,,bi_2,,BI2,,,,bi_3,,BI3,,,,bi_4,,BI4,,,,bi_5,,BI5,,,,bi_6,,BI6,,,,bi_7,,BI7,,,,bi,,BI0,,,,bi_1,,BI1,,,,bi_2,,BI2,,,,bi_3,,BI3,,,,bi_4,,BI4,,,,bi_5,,BI5,,,,bi_6,,BI6,,,,bi_7,,BI7,,,,bi,,BI0,,,,bi_1,,BI1,,,,bi_2,,BI2,,,,bi_3,,BI3,,,,bi_4,,BI4,,,,bi_5,,BI5,,,,bi_6,,BI6,,,,bi_7,,BI7,,,,bi,,BI0,,,,bi_1,,BI1,,,,bi_2,,BI2,,,,bi_3,,BI3,,,,bi_4,,BI4,,,,bi_5,,BI5,,,,bi_6,,BI6,,,,bi_7,,BI7,,,,bi,,BI0,,,,bi_1,,BI1,,,,bi_2,,BI2,,,,bi_3,,BI3,,,,bi_4,,BI4,,,,bi_5,,BI5,,,,bi_6,,BI6,,,,bi_7,,BI7,,,,bi,,BI0,,,,bi_1,,BI1,,,,bi_2,,BI2,,,,bi_3,,BI3,,,,bi_4,,BI4,,,,bi_5,,BI5,,,,bi_6,,BI6,,,,bi_7,,BI7,,,,bi,,BI0,,,,bi_1,,BI1,,,,bi_2,,BI2,,,,bi_3,,BI3,,,,bi_4,,BI4,,,,bi_5,,BI5,,,,bi_6,,BI6,,,,bi_7,,BI7,,,,bi,,BI0,,,,bi_1,,BI1,,,,bi_2,,BI2,,,,bi_3,,BI3,,,,bi_4,,BI4,,,,bi_5,,BI5,,,,bi_6,,BI6,,,,bi_7,,BI7,,,,bi,,BI0,,,,bi_1,,BI1,,,,bi_2,,BI2,,,,bi_3,,BI3,,,,bi_4,,BI4,,,,bi_5,,BI5,,,,bi_6,,BI6,,,,bi_7,,BI7,,,,bi,,BI0,,,,bi_1,,BI1,,,,bi_2,,BI2,,,,bi_3,,BI3,,,,bi_4,,BI4,,,,bi_5,,BI5,,,,bi_6,,BI6,,,,bi_7,,BI7,,,,bi,,BI0,,,,bi_1,,BI1,,,,bi_2,,BI2,,,,bi_3,,BI3,,,,bi_4,,BI4,,,,bi_5,,BI5,,,,bi_6,,BI6,,,,bi_7,,BI7,,,,bi,,BI0,,,,bi_1,,BI1,,,,bi_2,,BI2,,,,bi_3,,BI3,,,,bi_4,,BI4,,,,bi_5,,BI5,,,,bi_6,,BI6,,,,bi_7,,BI7,,,,bi,,BI0,,,,bi_1,,BI1,,,,bi_2,,BI2,,,,bi_3,,BI3,,,,bi_4,,BI4,,,,bi_5,,BI5,,,,bi_6,,BI6,,,,bi_7,,BI7,,,,bi,,BI0,,,,bi_1,,BI1,,,,bi_2,,BI2,,,,bi_3,,BI3,,,,bi_4,,BI4,,,,bi_5,,BI5,,,,bi_6,,BI6,,,,bi_7,,BI7,,,,bi,,BI0,,,,bi_1,,BI1,,,,bi_2,,BI2,,,,bi_3,,BI3,,,,bi_4,,BI4,,,,bi_5,,BI5,,,,bi_6,,BI6,,,,bi_7,,BI7,,,,bi,,BI0,,,,bi_1,,BI1,,,,bi_2,,BI2,,,,bi_3,,BI3,,,,bi_4,,BI4,,,,bi_5,,BI5,,,,bi_6,,BI6,,,,bi_7,,BI7,,,,bi,,BI0,,,,bi_1,,BI1,,,,bi_2,,BI2,,,,bi_3,,BI3,,,,bi_4,,BI4,,,,bi_5,,BI5,,,,bi_6,,BI6,,,,bi_7,,BI7,,,,bi,,BI0,,,,bi_1,,BI1,,,,bi_2,,BI2,,,,bi_3,,BI3,,,,bi_4,,BI4,,,,bi_5,,BI5,,,,bi_6,,BI6,,,,bi_7,,BI7,,,,bi,,BI0,,,,bi_1,,BI1,,,,bi_2,,BI2,,,,bi_3,,BI3,,,,bi_4,,BI4,,,,bi_5,,BI5,,,,bi_6,,BI6,,,,bi_7,,BI7,,,,bi,,BI0,,,,bi_1,,BI1,,,,bi_2,,BI2,,,,bi_3,,BI3,,,,bi_4,,BI4,,,,bi_5,,BI5,,,,bi_6,,BI6,,,,bi_7,,BI7,,,,bi,,BI0,,,,bi_1,,BI1,,,,bi_2,,BI2,,,,bi_3,,BI3,,,,bi_4,,BI4,,,,bi_5,,BI5,,,,bi_6,,BI6,,,,bi_7,,BI7,,,,bi,,BI0,,,,bi_1,,BI1,,,,bi_2,,BI2,,,,bi_3,,BI3,,,,bi_4,,BI4,,,,bi_5,,BI5,,,,bi_6,,BI6,,,,bi_7,,BI7,,,,bi,,BI0,,,,bi_1,,BI1,,,,bi_2,,BI2,,,,bi_3,,BI3,,,,bi_4,,BI4,,,,bi_5,,BI5,,,,bi_6,,BI6,,,,bi_7,,BI7,,,,bi,,BI0,,,,bi_1,,BI1,,,,bi_2,,BI2,,,,bi_3,,BI3,,,,bi_4,,BI4,,,,bi_5,,BI5,,,,bi_6,,BI6,,,,bi_7,,BI7,,,,bi,,BI0,,,,bi_1,,BI1,,,,bi_2,,BI2,,,,bi_3,,BI3,,,,bi_4,,BI4,,,,bi_5,,BI5,,,,bi_6,,BI6,,,,bi_7,,BI7,,,,bi,,BI0,,,,bi_1,,BI1,,,,bi_2,,BI2,,,,bi_3,,BI3,,,,bi_4,,BI4,,,,bi_5,,BI5,,,,bi_6,,BI6,,,,bi_7,,BI7,,,,bi,,BI0,,,,bi_1,,BI1,,,,bi_2,,BI2,,,,bi_3,,BI3,,,,bi_4,,BI4,,,,bi_5,,BI5,,,,bi_6,,BI6,,,,bi_7,,BI7,,,,bi,,BI0,,,,bi_1,,BI1,,,,bi_2,,BI2,,,,bi_3,,BI3,,,,bi_4,,BI4,,,,bi_5,,BI5,,,,bi_6,,BI6,,,,bi_7,,BI7,,,,bi,,BI0,,,,bi_1,,BI1,,,,bi_2,,BI2,,,,bi_3,,BI3,,,,bi_4,,BI4,,,,bi_5,,BI5,,,,bi_6,,BI6,,,,bi_7,,BI7,,,,bi,,BI0,,,,bi_1,,BI1,,,,bi_2,,BI2,,,,bi_3,,BI3,,,,bi_4,,BI4,,,,bi_5,,BI5,,,,bi_6,,BI6,,,,bi_7,,BI7,,,,bi,,BI0,,,,bi_1,,BI1,,,,bi_2,,BI2,,,,bi_3,,BI3,,,,bi_4,,BI4,,,,bi_5,,BI5,,,,bi_6,,BI6,,,,bi_7,,BI7,,,,bi,,BI0,,,,bi_1,,BI1,,,,bi_2,,BI2,,,,bi_3,,BI3,,,,bi_4,,BI4,,,,bi_5,,BI5,,,,bi_6,,BI6,,,,bi_7,,BI7,,,,bi,,BI0,,,,bi_1,,BI1,,,,bi_2,,BI2,,,,bi_3,,BI3,,,,bi_4,,BI4,,,,bi_5,,BI5,,,,bi_6,,BI6,,,,bi_7,,BI7,,,,bi,,BI0,,,,bi_1,,BI1,,,,bi_2,,BI2,,,,bi_3,,BI3,,,,bi_4,,BI4,,,,bi_5,,BI5,,,,bi_6,,BI6,,,,bi_7,,BI7,,,,bi,,BI0,,,,bi_1,,BI1,,,,bi_2,,BI2,,,,bi_3,,BI3,,,,bi_4,,BI4,,,,bi_5,,BI5,,,,bi_6,,BI6,,,,bi_7,,BI7,,,,bi,,BI0,,,,bi_1,,BI1,,,,bi_2,,BI2,,,,bi_3,,BI3,,,,bi_4,,BI4,,,,bi_5,,BI5,,,,bi_6,,BI6,,,,bi_7,,BI7,,,,bi,,BI0,,,,bi_1,,BI1,,,,bi_2,,BI2,,,,bi_3,,BI3,,,,bi_4,,BI4,,,,bi_5,,BI5,,,,bi_6,,BI6,,,,bi_7,,BI7,,,,bi,,BI0,,,,bi_1,,BI1,,,,bi_2,,BI2,,,,bi_3,,BI3,,,,bi_4,,BI4,,,,bi_5,,BI5,,,,bi_6,,BI6,,,,bi_7,,BI7,,,,bi,,BI0,,,,bi_1,,BI1,,,,bi_2,,BI2,,,,bi_3,,BI3,,,,bi_4,,BI4,,,,bi_5,,BI5,,,,bi_6,,BI6,,,,bi_7,,BI7,,,,bi,,BI0,,,,bi_1,,BI1,,,,bi_2,,BI2,,,,bi_3,,BI3,,,,bi_4,,BI4,,,,bi_5,,BI5,,,,bi_6,,BI6,,,,bi_7,,BI7,,,,bi,,BI0,,,,bi_1,,BI1,,,,bi_2,,BI2,,,,bi_3,,BI3,,,,bi_4,,BI4,,,,bi_5,,BI5,,,,bi_6,,BI6,,,,bi_7,,BI7,,,,bi,,BI0,,,,bi_1,,BI1,,,,bi_2,,BI2,,,,bi_3,,BI3,,,,bi_4,,BI4,,,,bi_5,,BI5,,,,bi_6,,BI6,,,,bi_7,,BI7,,,,bi,,BI0,,,,bi_1,,BI1,,,,bi_2,,BI2,,,,bi_3,,BI3,,,,bi_4,,BI4,,,,bi_5,,BI5,,,,bi_6,,BI6,,,,bi_7,,BI7,,,,bi,,BI0,,,,bi_1,,BI1,,,,bi_2,,BI2,,,,bi_3,,BI3,,,,bi_4,,BI4,,,,bi_5,,BI5,,,,bi_6,,BI6,,,,bi_7,,BI7,,,,bi,,BI0,,,,bi_1,,BI1,,,,bi_2,,BI2,,,,bi_3,,BI3,,,,bi_4,,BI4,,,,bi_5,,BI5,,,,bi_6,,BI6,,,,bi_7,,BI7,,,,bi,,BI0,,,,bi_1,,BI1,,,,bi_2,,BI2,,,,bi_3,,BI3,,,,bi_4,,BI4,,,,bi_5,,BI5,,,,bi_6,,BI6,,,,bi_7,,BI7,,,,bi,,BI0,,,,bi_1,,BI1,,,,bi_2,,BI2,,,,bi_3,,BI3,,,,bi_4,,BI4,,,,bi_5,,BI5,,,,bi_6,,BI6,,,,bi_7,,BI7,,,,bi,,BI0,,,,bi_1,,BI1,,,,bi_2,,BI2,,,,bi_3,,BI3,,,,bi_4,,BI4,,,,bi_5,,BI5,,,,bi_6,,BI6,,,,bi_7,,BI7,,,,bi,,BI0,,,,bi_1,,BI1,,,,bi_2,,BI2,,,,bi_3,,BI3,,,,bi_4,,BI4,,,,bi_5,,BI5,,,,bi_6,,BI6,,,,bi_7,,BI7,,,,bi,,BI0,,,,bi_1,,BI1,,,,bi_2,,BI2,,,,bi_3,,BI3,,,,bi_4,,BI4,,,,bi_5,,BI5,,,,bi_6,,BI6,,,,bi_7,,BI7,,,,bi,,BI0,,,,bi_1,,BI1,,,,bi_2,,BI2,,,,bi_3,,BI3,,,,bi_4,,BI4,,,,bi_5,,BI5,,,,bi_6,,BI6,,,,bi_7,,BI7,,,,bi,,BI0,,,,bi_1,,BI1,,,,bi_2,,BI2,,,,bi_3,,BI3,,,,bi_4,,BI4,,,,bi_5,,BI5,,,,bi_6,,BI6,,,,bi_7,,BI7,,,,bi,,BI0,,,,bi_1,,BI1,,,,bi_2,,BI2,,,,bi_3,,BI3,,,,bi_4,,BI4,,,,bi_5,,BI5,,,,bi_6,,BI6,,,,bi_7,,BI7,,,,bi,,BI0,,,,bi_1,,BI1,,,,bi_2,,BI2,,,,bi_3,,BI3,,,,bi_4,,BI4,,,,bi_5,,BI5,,,,bi_6,,BI6,,,,bi_7,,BI7,,,,bi,,BI0,,,,bi_1,,BI1,,,,bi_2,,BI2,,,,bi_3,,BI3,,,,bi_4,,BI4,,,,bi_5,,BI5,,,,bi_6,,BI6,,,,bi_7,,BI7,,,,bi,,BI0,,,,bi_1,,BI1,,,,bi_2,,BI2,,,,bi_3,,BI3,,,,bi_4,,BI4,,,,bi_5,,BI5,,,,bi_6,,BI6,,,,bi_7,,BI7,,,,bi,,BI0,,,,bi_1,,BI1,,,,bi_2,,BI2,,,,bi_3,,BI3,,,,bi_4,,BI4,,,,bi_5,,BI5,,,,bi_6,,BI6,,,,bi_7,,BI7,,,,bi,,BI0,,,,bi_1,,BI1,,,,bi_2,,BI2,,,,bi_3,,BI3,,,,bi_4,,BI4,,,,bi_5,,BI5,,,,bi_6,,BI6,,,,bi_7,,BI7,,,,bi,,BI0,,,,bi_1,,BI1,,,,bi_2,,BI2,,,,bi_3,,BI3,,,,bi_4,,BI4,,,,bi_5,,BI5,,,,bi_6,,BI6,,,,bi_7,,BI7,,,,bi,,BI0,,,,bi_1,,BI1,,,,bi_2,,BI2,,,,bi_3,,BI3,,,,bi_4,,BI4,,,,bi_5,,BI5,,,,bi_6,,BI6,,,,bi_7,,BI7,,,,bi,,BI0,,,,bi_1,,BI1,,,,bi_2,,BI2,,,,bi_3,,BI3,,,,bi_4,,BI4,,,,bi_5,,BI5,,,,bi_6,,BI6,,,,bi_7,,BI7,,,,bi,,BI0,,,,bi_1,,BI1,,,,bi_2,,BI2,,,,bi_3,,BI3,,,,bi_4,,BI4,,,,bi_5,,BI5,,,,bi_6,,BI6,,,,bi_7,,BI7,,,,bi,,BI0,,,,bi_1,,BI1,,,,bi_2,,BI2,,,,bi_3,,BI3,,,,bi_4,,BI4,,,,bi_5,,BI5,,,,bi_6,,BI6,,,,bi_7,,BI7,,,,bi,,BI0,,,,bi_1,,BI1,,,,bi_2,,BI2,,,,bi_3,,BI3,,,,bi_4,,BI4,,,,bi_5,,BI5,,,,bi_6,,BI6,,,,bi_7,,BI7,,,,bi,,BI0,,,,bi_1,,BI1,,,,bi_2,,BI2,,,,bi_3,,BI3,,,,bi_4,,BI4,,,,bi_5,,BI5,,,,bi_6,,BI6,,,,bi_7,,BI7,,,,bi,,BI0,,,,bi_1,,BI1,,,,bi_2,,BI2,,,,bi_3,,BI3,,,,bi_4,,BI4,,,,bi_5,,BI5,,,,bi_6,,BI6,,,,bi_7,,BI7,,,,bi,,BI0,,,,bi_1,,BI1,,,,bi_2,,BI2,,,,bi_3,,BI3,,,,bi_4,,BI4,,,,bi_5,,BI5,,,,bi_6,,BI6,,,,bi_7,,BI7,,,,bi,,BI0,,,,bi_1,,BI1,,,,bi_2,,BI2,,,,bi_3,,BI3,,,,bi_4,,BI4,,,,bi_5,,BI5,,,,bi_6,,BI6,,,,bi_7,,BI7,,,,bi,,BI0,,,,bi_1,,BI1,,,,bi_2,,BI2,,,,bi_3,,BI3,,,,bi_4,,BI4,,,,bi_5,,BI5,,,,bi_6,,BI6,,,,bi_7,,BI7,,,,bi,,BI0,,,,bi_1,,BI1,,,,bi_2,,BI2,,,,bi_3,,BI3,,,,bi_4,,BI4,,,,bi_5,,BI5,,,,bi_6,,BI6,,,,bi_7,,BI7,,,
r,15,,Tp_legio,Zeitprogramm Legionellen,,,0622,05be004e;05be014e;05be024e;05be034e;05be044e;05be054e;05be064e;05be074e;05be084e;05be094e,uch,,UCH,,,,uch_1,,UCH,,,,uch_2,,UCH,,,,uch_3,,UCH,,,,uch_4,,UCH,,,,uch_5,,UCH,,,,uch_6,,UCH,,,,uch_7,,UCH,,,,uch_8,,UCH,,,,ign,,IGN:1,,,,bi,,BI0,,,,bi_1,,BI1,,,,bi_2,,BI2,,,,bi_3,,BI3,,,,bi_4,,BI4,,,,bi_5,,BI5,,,,bi_6,,BI6,,,,bi_7,,BI7,,,,bi,,BI0,,,,bi_1,,BI1,,,,bi_2,,BI2,,,,bi_3,,BI3,,,,bi_4,,BI4,,,,bi_5,,BI5,,,,bi_6,,BI6,,,,bi_7,,BI7,,,,bi,,BI0,,,,bi_1,,BI1,,,,bi_2,,BI2,,,,bi_3,,BI3,,,,bi_4,,BI4,,,,bi_5,,BI5,,,,bi_6,,BI6,,,,bi_7,,BI7,,,,bi,,BI0,,,,bi_1,,BI1,,,,bi_2,,BI2,,,,bi_3,,BI3,,,,bi_4,,BI4,,,,bi_5,,BI5,,,,bi_6,,BI6,,,,bi_7,,BI7,,,,bi,,BI0,,,,bi_1,,BI1,,,,bi_2,,BI2,,,,bi_3,,BI3,,,,bi_4,,BI4,,,,bi_5,,BI5,,,,bi_6,,BI6,,,,bi_7,,BI7,,,,bi,,BI0,,,,bi_1,,BI1,,,,bi_2,,BI2,,,,bi_3,,BI3,,,,bi_4,,BI4,,,,bi_5,,BI5,,,,bi_6,,BI6,,,,bi_7,,BI7,,,,bi,,BI0,,,,bi_1,,BI1,,,,bi_2,,BI2,,,,bi_3,,BI3,,,,bi_4,,BI4,,,,bi_5,,BI5,,,,bi_6,,BI6,,,,bi_7,,BI7,,,,bi,,BI0,,,,bi_1,,BI1,,,,bi_2,,BI2,,,,bi_3,,BI3,,,,bi_4,,BI4,,,,bi_5,,BI5,,,,bi_6,,BI6,,,,bi_7,,BI7,,,,bi,,BI0,,,,bi_1,,BI1,,,,bi_2,,BI2,,,,bi_3,,BI3,,,,bi_4,,BI4,,,,bi_5,,BI5,,,,bi_6,,BI6,,,,bi_7,,BI7,,,,bi,,BI0,,,,bi_1,,BI1,,,,bi_2,,BI2,,,,bi_3,,BI3,,,,bi_4,,BI4,,,,bi_5,,BI5,,,,bi_6,,BI6,,,,bi_7,,BI7,,,,bi,,BI0,,,,bi_1,,BI1,,,,bi_2,,BI2,,,,bi_3,,BI3,,,,bi_4,,BI4,,,,bi_5,,BI5,,,,bi_6,,BI6,,,,bi_7,,BI7,,,,bi,,BI0,,,,bi_1,,BI1,,,,bi_2,,BI2,,,,bi_3,,BI3,,,,bi_4,,BI4,,,,bi_5,,BI5,,,,bi_6,,BI6,,,,bi_7,,BI7,,,,bi,,BI0,,,,bi_1,,BI1,,,,bi_2,,BI2,,,,bi_3,,BI3,,,,bi_4,,BI4,,,,bi_5,,BI5,,,,bi_6,,BI6,,,,bi_7,,BI7,,,,bi,,BI0,,,,bi_1,,BI1,,,,bi_2,,BI2,,,,bi_3,,BI3,,,,bi_4,,BI4,,,,bi_5,,BI5,,,,bi_6,,BI6,,,,bi_7,,BI7,,,,bi,,BI0,,,,bi_1,,BI1,,,,bi_2,,BI2,,,,bi_3,,BI3,,,,bi_4,,BI4,,,,bi_5,,BI5,,,,bi_6,,BI6,,,,bi_7,,BI7,,,,bi,,BI0,,,,bi_1,,BI1,,,,bi_2,,BI2,,,,bi_3,,BI3,,,,bi_4,,BI4,,,,bi_5,,BI5,,,,bi_6,,BI6,,,,bi_7,,BI7,,,,bi,,BI0,,,,bi_1,,BI1,,,,bi_2,,BI2,,,,bi_3,,BI3,,,,bi_4,,BI4,,,,bi_5,,BI5,,,,bi_6,,BI6,,,,bi_7,,BI7,,,,bi,,BI0,,,,bi_1,,BI1,,,,bi_2,,BI2,,,,bi_3,,BI3,,,,bi_4,,BI4,,,,bi_5,,BI5,,,,bi_6,,BI6,,,,bi_7,,BI7,,,,bi,,BI0,,,,bi_1,,BI1,,,,bi_2,,BI2,,,,bi_3,,BI3,,,,bi_4,,BI4,,,,bi_5,,BI5,,,,bi_6,,BI6,,,,bi_7,,BI7,,,,bi,,BI0,,,,bi_1,,BI1,,,,bi_2,,BI2,,,,bi_3,,BI3,,,,bi_4,,BI4,,,,bi_5,,BI5,,,,bi_6,,BI6,,,,bi_7,,BI7,,,,bi,,BI0,,,,bi_1,,BI1,,,,bi_2,,BI2,,,,bi_3,,BI3,,,,bi_4,,BI4,,,,bi_5,,BI5,,,,bi_6,,BI6,,,,bi_7,,BI7,,,,bi,,BI0,,,,bi_1,,BI1,,,,bi_2,,BI2,,,,bi_3,,BI3,,,,bi_4,,BI4,,,,bi_5,,BI5,,,,bi_6,,BI6,,,,bi_7,,BI7,,,,bi,,BI0,,,,bi_1,,BI1,,,,bi_2,,BI2,,,,bi_3,,BI3,,,,bi_4,,BI4,,,,bi_5,,BI5,,,,bi_6,,BI6,,,,bi_7,,BI7,,,,bi,,BI0,,,,bi_1,,BI1,,,,bi_2,,BI2,,,,bi_3,,BI3,,,,bi_4,,BI4,,,,bi_5,,BI5,,,,bi_6,,BI6,,,,bi_7,,BI7,,,,bi,,BI0,,,,bi_1,,BI1,,,,bi_2,,BI2,,,,bi_3,,BI3,,,,bi_4,,BI4,,,,bi_5,,BI5,,,,bi_6,,BI6,,,,bi_7,,BI7,,,,bi,,BI0,,,,bi_1,,BI1,,,,bi_2,,BI2,,,,bi_3,,BI3,,,,bi_4,,BI4,,,,bi_5,,BI5,,,,bi_6,,BI6,,,,bi_7,,BI7,,,,bi,,BI0,,,,bi_1,,BI1,,,,bi_2,,BI2,,,,bi_3,,BI3,,,,bi_4,,BI4,,,,bi_5,,BI5,,,,bi_6,,BI6,,,,bi_7,,BI7,,,,bi,,BI0,,,,bi_1,,BI1,,,,bi_2,,BI2,,,,bi_3,,BI3,,,,bi_4,,BI4,,,,bi_5,,BI5,,,,bi_6,,BI6,,,,bi_7,,BI7,,,,bi,,BI0,,,,bi_1,,BI1,,,,bi_2,,BI2,,,,bi_3,,BI3,,,,bi_4,,BI4,,,,bi_5,,BI5,,,,bi_6,,BI6,,,,bi_7,,BI7,,,,bi,,BI0,,,,bi_1,,BI1,,,,bi_2,,BI2,,,,bi_3,,BI3,,,,bi_4,,BI4,,,,bi_5,,BI5,,,,bi_6,,BI6,,,,bi_7,,BI7,,,,bi,,BI0,,,,bi_1,,BI1,,,,bi_2,,BI2,,,,bi_3,,BI3,,,,bi_4,,BI4,,,,bi_5,,BI5,,,,bi_6,,BI6,,,,bi_7,,BI7,,,,bi,,BI0,,,,bi_1,,BI1,,,,bi_2,,BI2,,,,bi_3,,BI3,,,,bi_4,,BI4,,,,bi_5,,BI5,,,,bi_6,,BI6,,,,bi_7,,BI7,,,,bi,,BI0,,,,bi_1,,BI1,,,,bi_2,,BI2,,,,bi_3,,BI3,,,,bi_4,,BI4,,,,bi_5,,BI5,,,,bi_6,,BI6,,,,bi_7,,BI7,,,,bi,,BI0,,,,bi_1,,BI1,,,,bi_2,,BI2,,,,bi_3,,BI3,,,,bi_4,,BI4,,,,bi_5,,BI5,,,,bi_6,,BI6,,,,bi_7,,BI7,,,,bi,,BI0,,,,bi_1,,BI1,,,,bi_2,,BI2,,,,bi_3,,BI3,,,,bi_4,,BI4,,,,bi_5,,BI5,,,,bi_6,,BI6,,,,bi_7,,BI7,,,,bi,,BI0,,,,bi_1,,BI1,,,,bi_2,,BI2,,,,bi_3,,BI3,,,,bi_4,,BI4,,,,bi_5,,BI5,,,,bi_6,,BI6,,,,bi_7,,BI7,,,,bi,,BI0,,,,bi_1,,BI1,,,,bi_2,,BI2,,,,bi_3,,BI3,,,,bi_4,,BI4,,,,bi_5,,BI5,,,,bi_6,,BI6,,,,bi_7,,BI7,,,,bi,,BI0,,,,bi_1,,BI1,,,,bi_2,,BI2,,,,bi_3,,BI3,,,,bi_4,,BI4,,,,bi_5,,BI5,,,,bi_6,,BI6,,,,bi_7,,BI7,,,,bi,,BI0,,,,bi_1,,BI1,,,,bi_2,,BI2,,,,bi_3,,BI3,,,,bi_4,,BI4,,,,bi_5,,BI5,,,,bi_6,,BI6,,,,bi_7,,BI7,,,,bi,,BI0,,,,bi_1,,BI1,,,,bi_2,,BI2,,,,bi_3,,BI3,,,,bi_4,,BI4,,,,bi_5,,BI5,,,,bi_6,,BI6,,,,bi_7,,BI7,,,,bi,,BI0,,,,bi_1,,BI1,,,,bi_2,,BI2,,,,bi_3,,BI3,,,,bi_4,,BI4,,,,bi_5,,BI5,,,,bi_6,,BI6,,,,bi_7,,BI7,,,,bi,,BI0,,,,bi_1,,BI1,,,,bi_2,,BI2,,,,bi_3,,BI3,,,,bi_4,,BI4,,,,bi_5,,BI5,,,,bi_6,,BI6,,,,bi_7,,BI7,,,,bi,,BI0,,,,bi_1,,BI1,,,,bi_2,,BI2,,,,bi_3,,BI3,,,,bi_4,,BI4,,,,bi_5,,BI5,,,,bi_6,,BI6,,,,bi_7,,BI7,,,,bi,,BI0,,,,bi_1,,BI1,,,,bi_2,,BI2,,,,bi_3,,BI3,,,,bi_4,,BI4,,,,bi_5,,BI5,,,,bi_6,,BI6,,,,bi_7,,BI7,,,,bi,,BI0,,,,bi_1,,BI1,,,,bi_2,,BI2,,,,bi_3,,BI3,,,,bi_4,,BI4,,,,bi_5,,BI5,,,,bi_6,,BI6,,,,bi_7,,BI7,,,,bi,,BI0,,,,bi_1,,BI1,,,,bi_2,,BI2,,,,bi_3,,BI3,,,,bi_4,,BI4,,,,bi_5,,BI5,,,,bi_6,,BI6,,,,bi_7,,BI7,,,,bi,,BI0,,,,bi_1,,BI1,,,,bi_2,,BI2,,,,bi_3,,BI3,,,,bi_4,,BI4,,,,bi_5,,BI5,,,,bi_6,,BI6,,,,bi_7,,BI7,,,,bi,,BI0,,,,bi_1,,BI1,,,,bi_2,,BI2,,,,bi_3,,BI3,,,,bi_4,,BI4,,,,bi_5,,BI5,,,,bi_6,,BI6,,,,bi_7,,BI7,,,,bi,,BI0,,,,bi_1,,BI1,,,,bi_2,,BI2,,,,bi_3,,BI3,,,,bi_4,,BI4,,,,bi_5,,BI5,,,,bi_6,,BI6,,,,bi_7,,BI7,,,,bi,,BI0,,,,bi_1,,BI1,,,,bi_2,,BI2,,,,bi_3,,BI3,,,,bi_4,,BI4,,,,bi_5,,BI5,,,,bi_6,,BI6,,,,bi_7,,BI7,,,,bi,,BI0,,,,bi_1,,BI1,,,,bi_2,,BI2,,,,bi_3,,BI3,,,,bi_4,,BI4,,,,bi_5,,BI5,,,,bi_6,,BI6,,,,bi_7,,BI7,,,,bi,,BI0,,,,bi_1,,BI1,,,,bi_2,,BI2,,,,bi_3,,BI3,,,,bi_4,,BI4,,,,bi_5,,BI5,,,,bi_6,,BI6,,,,bi_7,,BI7,,,,bi,,BI0,,,,bi_1,,BI1,,,,bi_2,,BI2,,,,bi_3,,BI3,,,,bi_4,,BI4,,,,bi_5,,BI5,,,,bi_6,,BI6,,,,bi_7,,BI7,,,,bi,,BI0,,,,bi_1,,BI1,,,,bi_2,,BI2,,,,bi_3,,BI3,,,,bi_4,,BI4,,,,bi_5,,BI5,,,,bi_6,,BI6,,,,bi_7,,BI7,,,,bi,,BI0,,,,bi_1,,BI1,,,,bi_2,,BI2,,,,bi_3,,BI3,,,,bi_4,,BI4,,,,bi_5,,BI5,,,,bi_6,,BI6,,,,bi_7,,BI7,,,,bi,,BI0,,,,bi_1,,BI1,,,,bi_2,,BI2,,,,bi_3,,BI3,,,,bi_4,,BI4,,,,bi_5,,BI5,,,,bi_6,,BI6,,,,bi_7,,BI7,,,,bi,,BI0,,,,bi_1,,BI1,,,,bi_2,,BI2,,,,bi_3,,BI3,,,,bi_4,,BI4,,,,bi_5,,BI5,,,,bi_6,,BI6,,,,bi_7,,BI7,,,,bi,,BI0,,,,bi_1,,BI1,,,,bi_2,,BI2,,,,bi_3,,BI3,,,,bi_4,,BI4,,,,bi_5,,BI5,,,,bi_6,,BI6,,,,bi_7,,BI7,,,,bi,,BI0,,,,bi_1,,BI1,,,,bi_2,,BI2,,,,bi_3,,BI3,,,,bi_4,,BI4,,,,bi_5,,BI5,,,,bi_6,,BI6,,,,bi_7,,BI7,,,,bi,,BI0,,,,bi_1,,BI1,,,,bi_2,,BI2,,,,bi_3,,BI3,,,,bi_4,,BI4,,,,bi_5,,BI5,,,,bi_6,,BI6,,,,bi_7,,BI7,,,,bi,,BI0,,,,bi_1,,BI1,,,,bi_2,,BI2,,,,bi_3,,BI3,,,,bi_4,,BI4,,,,bi_5,,BI5,,,,bi_6,,BI6,,,,bi_7,,BI7,,,,bi,,BI0,,,,bi_1,,BI1,,,,bi_2,,BI2,,,,bi_3,,BI3,,,,bi_4,,BI4,,,,bi_5,,BI5,,,,bi_6,,BI6,,,,bi_7,,BI7,,,,bi,,BI0,,,,bi_1,,BI1,,,,bi_2,,BI2,,,,bi_3,,BI3,,,,bi_4,,BI4,,,,bi_5,,BI5,,,,bi_6,,BI6,,,,bi_7,,BI7,,,,bi,,BI0,,,,bi_1,,BI1,,,,bi_2,,BI2,,,,bi_3,,BI3,,,,bi_4,,BI4,,,,bi_5,,BI5,,,,bi_6,,BI6,,,,bi_7,,BI7,,,,bi,,BI0,,,,bi_1,,BI1,,,,bi_2,,BI2,,,,bi_3,,BI3,,,,bi_4,,BI4,,,,bi_5,,BI5,,,,bi_6,,BI6,,,,bi_7,,BI7,,,,bi,,BI0,,,,bi_1,,BI1,,,,bi_2,,BI2,,,,bi_3,,BI3,,,,bi_4,,BI4,,,,bi_5,,BI5,,,,bi_6,,BI6,,,,bi_7,,BI7,,,,bi,,BI0,,,,bi_1,,BI1,,,,bi_2,,BI2,,,,bi_3,,BI3,,,,bi_4,,BI4,,,,bi_5,,BI5,,,,bi_6,,BI6,,,,bi_7,,BI7,,,,bi,,BI0,,,,bi_1,,BI1,,,,bi_2,,BI2,,,,bi_3,,BI3,,,,bi_4,,BI4,,,,bi_5,,BI5,,,,bi_6,,BI6,,,,bi_7,,BI7,,,,bi,,BI0,,,,bi_1,,BI1,,,,bi_2,,BI2,,,,bi_3,,BI3,,,,bi_4,,BI4,,,,bi_5,,BI5,,,,bi_6,,BI6,,,,bi_7,,BI7,,,,bi,,BI0,,,,bi_1,,BI1,,,,bi_2,,BI2,,,,bi_3,,BI3,,,,bi_4,,BI4,,,,bi_5,,BI5,,,,bi_6,,BI6,,,,bi_7,,BI7,,,,bi,,BI0,,,,bi_1,,BI1,,,,bi_2,,BI2,,,,bi_3,,BI3,,,,bi_4,,BI4,,,,bi_5,,BI5,,,,bi_6,,BI6,,,,bi_7,,BI7,,,,bi,,BI0,,,,bi_1,,BI1,,,,bi_2,,BI2,,,,bi_3,,BI3,,,,bi_4,,BI4,,,,bi_5,,BI5,,,,bi_6,,BI6,,,,bi_7,,BI7,,,,bi,,BI0,,,,bi_1,,BI1,,,,bi_2,,BI2,,,,bi_3,,BI3,,,,bi_4,,BI4,,,,bi_5,,BI5,,,,bi_6,,BI6,,,,bi_7,,BI7,,,,bi,,BI0,,,,bi_1,,BI1,,,,bi_2,,BI2,,,,bi_3,,BI3,,,,bi_4,,BI4,,,,bi_5,,BI5,,,,bi_6,,BI6,,,,bi_7,,BI7,,,,bi,,BI0,,,,bi_1,,BI1,,,,bi_2,,BI2,,,,bi_3,,BI3,,,,bi_4,,BI4,,,,bi_5,,BI5,,,,bi_6,,BI6,,,,bi_7,,BI7,,,,bi,,BI0,,,,bi_1,,BI1,,,,bi_2,,BI2,,,,bi_3,,BI3,,,,bi_4,,BI4,,,,bi_5,,BI5,,,,bi_6,,BI6,,,,bi_7,,BI7,,,,bi,,BI0,,,,bi_1,,BI1,,,,bi_2,,BI2,,,,bi_3,,BI3,,,,bi_4,,BI4,,,,bi_5,,BI5,,,,bi_6,,BI6,,,,bi_7,,BI7,,,,bi,,BI0,,,,bi_1,,BI1,,,,bi_2,,BI2,,,,bi_3,,BI3,,,,bi_4,,BI4,,,,bi_5,,BI5,,,,bi_6,,BI6,,,,bi_7,,BI7,,,,bi,,BI0,,,,bi_1,,BI1,,,,bi_2,,BI2,,,,bi_3,,BI3,,,,bi_4,,BI4,,,,bi_5,,BI5,,,,bi_6,,BI6,,,,bi_7,,BI7,,,,bi,,BI0,,,,bi_1,,BI1,,,,bi_2,,BI2,,,,bi_3,,BI3,,,,bi_4,,BI4,,,,bi_5,,BI5,,,,bi_6,,BI6,,,,bi_7,,BI7,,,,bi,,BI0,,,,bi_1,,BI1,,,,bi_2,,BI2,,,,bi_3,,BI3,,,,bi_4,,BI4,,,,bi_5,,BI5,,,,bi_6,,BI6,,,,bi_7,,BI7,,,,bi,,BI0,,,,bi_1,,BI1,,,,bi_2,,BI2,,,,bi_3,,BI3,,,,bi_4,,BI4,,,,bi_5,,BI5,,,,bi_6,,BI6,,,,bi_7,,BI7,,,,bi,,BI0,,,,bi_1,,BI1,,,,bi_2,,BI2,,,,bi_3,,BI3,,,,bi_4,,BI4,,,,bi_5,,BI5,,,,bi_6,,BI6,,,,bi_7,,BI7,,,,bi,,BI0,,,,bi_1,,BI1,,,,bi_2,,BI2,,,,bi_3,,BI3,,,,bi_4,,BI4,,,,bi_5,,BI5,,,,bi_6,,BI6,,,,bi_7,,BI7,,,
r,15,,WW_Temp_ist,Warmwassertemperatur 00-004,,,0621,7980000e,tem_p,,TEM_P,,,,type,,UCH,0=none;2=on_off;4=Zeit;9=selection;13=Temperatur;64=Dauer;77=TemperaturSchwelle;141=TemperaturSoll;192=range,,Datentyp,unit,,UCH,0=none;2=_C;4=K;8=__0;10=h;12=min;16=kW;42=hh_mm,,Einheit,max,,SIN,10,°C,Maximum,min,,SIN,10,°C,Minimum,temp,,SIN,10,°C,Obere Warmwasserspeichertemperatur
r,15,,Temp_soll_calc,Warmwassertemperatur Sollwert 01-004,,,0621,7981000e,tem_p,,TEM_P,,,,type,,UCH,0=none;2=on_off;4=Zeit;9=selection;13=Temperatur;64=Dauer;77=TemperaturSchwelle;141=TemperaturSoll;192=range,,Datentyp,unit,,UCH,0=none;2=_C;4=K;8=__0;10=h;12=min;16=kW;42=hh_mm,,Einheit,max,,SIN,10,°C,Maximum,min,,SIN,10,°C,Minimum,temp,,SIN,10,°C,Berechneter Sollwert für die Warmwassertemperatur
r,15,,WW_Status,Status Warmwasserregelung 02-052,,,0621,7982000e,tem_p,,TEM_P,,,,type,,UCH,0=none;2=on_off;4=Zeit;9=selection;13=Temperatur;64=Dauer;77=TemperaturSchwelle;141=TemperaturSoll;192=range,,Datentyp,unit,,UCH,0=none;2=_C;4=K;8=__0;10=h;12=min;16=kW;42=hh_mm,,Einheit,max,,SIN,,,Maximum,min,,SIN,,,Minimum,temp,,UIN,0=Abgeschaltet;1=Normal_Ladebetrieb;2=Komfort_Ladebetrieb;3=Zwangsdrosselung;4=Zwangsladung;5=Stoerung,,Zustand Warmwasserregelung
[parameter_level_status='User_Level']r,15,,WW_Betriebswahl,Betriebswahl Warmwasser 05-050,,,0621,6580000e,tem_p,,TEM_P,,,,type,,UCH,0=none;2=on_off;4=Zeit;9=selection;13=Temperatur;64=Dauer;77=TemperaturSchwelle;141=TemperaturSoll;192=range,,Datentyp,unit,,UCH,0=none;2=_C;4=K;8=__0;10=h;12=min;16=kW;42=hh_mm,,Einheit,max,,SIN,,,Maximum,min,,SIN,,,Minimum,status,,UIN,0=keine_Ladung;1=Automatik;2=Normaltemperatur;5=Gemae_Fuehlerkreis,,Betriebswahl Warmwasserfunktion
[parameter_level_status='User_Level']w,15,,Set_WW_Betriebswahl,Betriebswahl Warmwasser 05-050,,10,0623,6580000e,status,,UIN,0=keine_Ladung;1=Automatik;2=Normaltemperatur;5=Gemae_Fuehlerkreis,,Betriebswahl Warmwasserfunktion
[parameter_level_status='User_Level']r,15,,Temp_soll,Normal Warmwassertemperatur 05-051,,,0621,6581000e,tem_p,,TEM_P,,,,type,,UCH,0=none;2=on_off;4=Zeit;9=selection;13=Temperatur;64=Dauer;77=TemperaturSchwelle;141=TemperaturSoll;192=range,,Datentyp,unit,,UCH,0=none;2=_C;4=K;8=__0;10=h;12=min;16=kW;42=hh_mm,,Einheit,max,,SIN,10,°C,Maximum,min,,SIN,10,°C,Minimum,temp,,SIN,10,°C,Mit dieser Einstellung wird der Warmwasser Sollwert eingestellt
[parameter_level_status='User_Level']w,15,,Set_Temp_soll,Normal Warmwassertemperatur 05-051,,10,0623,6581000e,temp,,SIN,10,°C,Mit dieser Einstellung wird der Warmwasser Sollwert eingestellt
[parameter_level_status='User_Level']r,15,,WW_Applikationstyp,Applikationstyp Warmwasserbereitung 05-076,,,0621,6582000e,tem_p,,TEM_P,,,,type,,UCH,0=none;2=on_off;4=Zeit;9=selection;13=Temperatur;64=Dauer;77=TemperaturSchwelle;141=TemperaturSoll;192=range,,Datentyp,unit,,UCH,0=none;2=_C;4=K;8=__0;10=h;12=min;16=kW;42=hh_mm,,Einheit,max,,SIN,,,Maximum,min,,SIN,,,Minimum,status,,UIN,0=nicht_aktiv;1=mit_Ladepumpe;2=mit_Umlenkventil;3=mit_Ladepumpe_und_Zirkulationspumpe;4=mit_Umlenkventil_und_Zirkulationspumpe,,Mit dieser Einstellung kann ein entsprechend definierter Applikationstyp vorgewählt werden
[parameter_level_status='User_Level']w,15,,Set_WW_Applikationstyp,Applikationstyp Warmwasserbereitung 05-076,,10,0623,6582000e,status,,UIN,0=nicht_aktiv;1=mit_Ladepumpe;2=mit_Umlenkventil;3=mit_Ladepumpe_und_Zirkulationspumpe;4=mit_Umlenkventil_und_Zirkulationspumpe,,Mit dieser Einstellung kann ein entsprechend definierter Applikationstyp vorgewählt werden
[parameter_level_status='Expert_Level']r,15,,WW_Zone_ferien,Ferien Zonenzuordnung 03-092,,,0621,6580000e,tem_p,,TEM_P,,,,type,,UCH,0=none;2=on_off;4=Zeit;9=selection;13=Temperatur;64=Dauer;77=TemperaturSchwelle;141=TemperaturSoll;192=range,,Datentyp,unit,,UCH,0=none;2=_C;4=K;8=__0;10=h;12=min;16=kW;42=hh_mm,,Einheit,max,,SIN,,,Maximum,min,,SIN,,,Minimum,status,,UIN,,,Nutzung des lokalen Ferienprogramms oder das eines bestehenden Heizkreises
[parameter_level_status='Expert_Level']w,15,,Set_WW_Zone_ferien,Ferien Zonenzuordnung 03-092,,10,0623,6580000e,status,,UIN,,,Nutzung des lokalen Ferienprogramms oder das eines bestehenden Heizkreises
[parameter_level_status='Expert_Level']r,15,,WW_Zone_timer,Timer Zonenzuordnung 03-093,,,0621,6581000e,tem_p,,TEM_P,,,,type,,UCH,0=none;2=on_off;4=Zeit;9=selection;13=Temperatur;64=Dauer;77=TemperaturSchwelle;141=TemperaturSoll;192=range,,Datentyp,unit,,UCH,0=none;2=_C;4=K;8=__0;10=h;12=min;16=kW;42=hh_mm,,Einheit,max,,SIN,,,Maximum,min,,SIN,,,Minimum,status,,UIN,,,Nutzung der lokalen Timerfunktionen oder die eines bestehenden Heizkreises
[parameter_level_status='Expert_Level']w,15,,Set_WW_Zone_timer,Timer Zonenzuordnung 03-093,,10,0623,6581000e,status,,UIN,,,Nutzung der lokalen Timerfunktionen oder die eines bestehenden Heizkreises
[parameter_level_status='Expert_Level']r,15,,WW_Zone_betriebswahl,Betriebswahl Zonenzuordnung 03-094,,,0621,6582000e,tem_p,,TEM_P,,,,type,,UCH,0=none;2=on_off;4=Zeit;9=selection;13=Temperatur;64=Dauer;77=TemperaturSchwelle;141=TemperaturSoll;192=range,,Datentyp,unit,,UCH,0=none;2=_C;4=K;8=__0;10=h;12=min;16=kW;42=hh_mm,,Einheit,max,,SIN,,,Maximum,min,,SIN,,,Minimum,status,,UIN,,,Nutzung der lokalen Betriebswahl oder die eines bestehenden Heizkreises
[parameter_level_status='Expert_Level']w,15,,Set_WW_Zone_betriebswahl,Betriebswahl Zonenzuordnung 03-094,,10,0623,6582000e,status,,UIN,,,Nutzung der lokalen Betriebswahl oder die eines bestehenden Heizkreises
[parameter_level_status='Expert_Level']r,15,,WW_Zone_zeitprogramm,Zeitprogramm Zonenzuordnung 03-095,,,0621,6583000e,tem_p,,TEM_P,,,,type,,UCH,0=none;2=on_off;4=Zeit;9=selection;13=Temperatur;64=Dauer;77=TemperaturSchwelle;141=TemperaturSoll;192=range,,Datentyp,unit,,UCH,0=none;2=_C;4=K;8=__0;10=h;12=min;16=kW;42=hh_mm,,Einheit,max,,SIN,,,Maximum,min,,SIN,,,Minimum,status,,UIN,,,Nutzung des lokalen Zeitprogramms oder das eines bestehenden Heizkreises
[parameter_level_status='Expert_Level']w,15,,Set_WW_Zone_zeitprogramm,Zeitprogramm Zonenzuordnung 03-095,,10,0623,6583000e,status,,UIN,,,Nutzung des lokalen Zeitprogramms oder das eines bestehenden Heizkreises
[parameter_level_status='Expert_Level']r,15,,Einschaltdifferenz,Einschaltdifferenz Warmwasserbereitung 05-000,,,0621,6584000e,tem_p,,TEM_P,,,,type,,UCH,0=none;2=on_off;4=Zeit;9=selection;13=Temperatur;64=Dauer;77=TemperaturSchwelle;141=TemperaturSoll;192=range,,Datentyp,unit,,UCH,0=none;2=_C;4=K;8=__0;10=h;12=min;16=kW;42=hh_mm,,Einheit,max,,SIN,10,K,Maximum,min,,SIN,10,K,Minimum,temp,,SIN,10,K,Unterschreitet die Warmwassertemperatur ihren Sollwert um den hier eingestellten Wert wird eine Warmwasserladung gestartet
[parameter_level_status='Expert_Level']w,15,,Set_Einschaltdifferenz,Einschaltdifferenz Warmwasserbereitung 05-000,,10,0623,6584000e,temp,,SIN,10,K,Unterschreitet die Warmwassertemperatur ihren Sollwert um den hier eingestellten Wert wird eine Warmwasserladung gestartet
[parameter_level_status='Expert_Level']r,15,,Ueberhoehung,Überhöhung Ladesollwert 05-001,,,0621,6585000e,tem_p,,TEM_P,,,,type,,UCH,0=none;2=on_off;4=Zeit;9=selection;13=Temperatur;64=Dauer;77=TemperaturSchwelle;141=TemperaturSoll;192=range,,Datentyp,unit,,UCH,0=none;2=_C;4=K;8=__0;10=h;12=min;16=kW;42=hh_mm,,Einheit,max,,SIN,10,K,Maximum,min,,SIN,10,K,Minimum,temp,,SIN,10,K,Mit diesem Einsteller kann eine Überhöhung für den Ladesollwert eingestellt werden
[parameter_level_status='Expert_Level']w,15,,Set_Ueberhoehung,Überhöhung Ladesollwert 05-001,,10,0623,6585000e,temp,,SIN,10,K,Mit diesem Einsteller kann eine Überhöhung für den Ladesollwert eingestellt werden
[parameter_level_status='Expert_Level']r,15,,Ladevorrang,Warmwasser Ladevorrang 05-002,,,0621,6586000e,tem_p,,TEM_P,,,,type,,UCH,0=none;2=on_off;4=Zeit;9=selection;13=Temperatur;64=Dauer;77=TemperaturSchwelle;141=TemperaturSoll;192=range,,Datentyp,unit,,UCH,0=none;2=_C;4=K;8=__0;10=h;12=min;16=kW;42=hh_mm,,Einheit,max,,SIN,,,Maximum,min,,SIN,,,Minimum,time,,SIN,10,h,Mit dieser Einstellung kann der Ladevorrang eingestellt werden
[parameter_level_status='Expert_Level']w,15,,Set_Ladevorrang,Warmwasser Ladevorrang 05-002,,10,0623,6586000e,time,,SIN,10,h,Mit dieser Einstellung kann der Ladevorrang eingestellt werden
[parameter_level_status='Expert_Level']r,15,,Nachlauf_ladepumpe,Nachlaufzeit Warmwasserladepumpe 05-003,,,0621,6587000e,tem_p,,TEM_P,,,,type,,UCH,0=none;2=on_off;4=Zeit;9=selection;13=Temperatur;64=Dauer;77=TemperaturSchwelle;141=TemperaturSoll;192=range,,Datentyp,unit,,UCH,0=none;2=_C;4=K;8=__0;10=h;12=min;16=kW;42=hh_mm,,Einheit,max,,SIN,,,Maximum,min,,SIN,,,Minimum,time,,SIN,10,min,Nach erfolgter Warmwasserladung läuft die Ladepumpe um die hier eingestellte Zeit nach
[parameter_level_status='Expert_Level']w,15,,Set_Nachlauf_ladepumpe,Nachlaufzeit Warmwasserladepumpe 05-003,,10,0623,6587000e,time,,SIN,10,min,Nach erfolgter Warmwasserladung läuft die Ladepumpe um die hier eingestellte Zeit nach
[parameter_level_status='Expert_Level']r,15,,Legio,Legionellenschutztemperatur 05-004,,,0621,6588000e,tem_p,,TEM_P,,,,type,,UCH,0=none;2=on_off;4=Zeit;9=selection;13=Temperatur;64=Dauer;77=TemperaturSchwelle;141=TemperaturSoll;192=range,,Datentyp,unit,,UCH,0=none;2=_C;4=K;8=__0;10=h;12=min;16=kW;42=hh_mm,,Einheit,max,,SIN,10,°C,Maximum,min,,SIN,10,°C,Minimum,temp,,SIN,10,°C,Mit dem Einsteller wird die Legionellenschutz- bzw. die Komfort Warmwassertemperatur gewählt
[parameter_level_status='Expert_Level']w,15,,Set_Legio,Legionellenschutztemperatur 05-004,,10,0623,6588000e,temp,,SIN,10,°C,Mit dem Einsteller wird die Legionellenschutz- bzw. die Komfort Warmwassertemperatur gewählt
[parameter_level_status='Expert_Level']r,15,,Modus_ladepumpennachlauf,Modus Ladepumpennachlauf 05-005,,,0621,6589000e,tem_p,,TEM_P,,,,type,,UCH,0=none;2=on_off;4=Zeit;9=selection;13=Temperatur;64=Dauer;77=TemperaturSchwelle;141=TemperaturSoll;192=range,,Datentyp,unit,,UCH,0=none;2=_C;4=K;8=__0;10=h;12=min;16=kW;42=hh_mm,,Einheit,max,,SIN,,,Maximum,min,,SIN,,,Minimum,status,,UIN,0=Zeitabhaengig;1=Temperaturabhaengig;2=Waermeerzeugerabhaengig,,Wahl des Modus für die Ladepumpensteuerung
[parameter_level_status='Expert_Level']w,15,,Set_Modus_ladepumpennachlauf,Modus Ladepumpennachlauf 05-005,,10,0623,6589000e,status,,UIN,0=Zeitabhaengig;1=Temperaturabhaengig;2=Waermeerzeugerabhaengig,,Wahl des Modus für die Ladepumpensteuerung
[parameter_level_status='Expert_Level']r,15,,Zirkulationspumpe,Zirkulationspumpe 05-006,,,0621,658a000e,tem_p,,TEM_P,,,,type,,UCH,0=none;2=on_off;4=Zeit;9=selection;13=Temperatur;64=Dauer;77=TemperaturSchwelle;141=TemperaturSoll;192=range,,Datentyp,unit,,UCH,0=none;2=_C;4=K;8=__0;10=h;12=min;16=kW;42=hh_mm,,Einheit,max,,SIN,,,Maximum,min,,SIN,,,Minimum,status,,UIN,0=inaktiv;1=nach_Zeitprogramm,,Mit der Einstellung kann die Zirkulationspumpenfunktion aktiviert werden
[parameter_level_status='Expert_Level']w,15,,Set_Zirkulationspumpe,Zirkulationspumpe 05-006,,10,0623,658a000e,zirkstatus,,UIN,0=inaktiv;1=nach_Zeitprogramm,,Mit der Einstellung kann die Zirkulationspumpenfunktion aktiviert werden
[parameter_level_status='Expert_Level']r,15,,Pumpenanforderung,Pumpenanforderung Warmwasserladung 05-007,,,0621,658b000e,tem_p,,TEM_P,,,,type,,UCH,0=none;2=on_off;4=Zeit;9=selection;13=Temperatur;64=Dauer;77=TemperaturSchwelle;141=TemperaturSoll;192=range,,Datentyp,unit,,UCH,0=none;2=_C;4=K;8=__0;10=h;12=min;16=kW;42=hh_mm,,Einheit,max,,SIN,,,Maximum,min,,SIN,,,Minimum,status,,UIN,0=inaktiv;1=Heizkreispumpe_aktiv,,Mit dem Einsteller kann die Heizkreispumpe für die Warmwasserladung aktiviert werden
[parameter_level_status='Expert_Level']w,15,,Set_Pumpenanforderung,Pumpenanforderung Warmwasserladung 05-007,,10,0623,658b000e,status,,UIN,0=inaktiv;1=Heizkreispumpe_aktiv,,Mit dem Einsteller kann die Heizkreispumpe für die Warmwasserladung aktiviert werden
[parameter_level_status='Expert_Level']r,15,,Temp_freigabe_nachladung,Freigabetemperatur Nachladung 05-010,,,0621,658c000e,tem_p,,TEM_P,,,,type,,UCH,0=none;2=on_off;4=Zeit;9=selection;13=Temperatur;64=Dauer;77=TemperaturSchwelle;141=TemperaturSoll;192=range,,Datentyp,unit,,UCH,0=none;2=_C;4=K;8=__0;10=h;12=min;16=kW;42=hh_mm,,Einheit,max,,SIN,10,°C,Maximum,min,,SIN,10,°C,Minimum,temp,,SIN,10,°C,Ist die WW-Temperatur höher als die eingestelllte Nachladetemperatur wird die Ladeanforderung an die zentrale WE-Anlage abgeschaltet und eine WW-interne Ladung eingeschaltet
[parameter_level_status='Expert_Level']w,15,,Set_Temp_freigabe_nachladung,Freigabetemperatur Nachladung 05-010,,10,0623,658c000e,temp,,SIN,10,°C,Ist die WW-Temperatur höher als die eingestelllte Nachladetemperatur wird die Ladeanforderung an die zentrale WE-Anlage abgeschaltet und eine WW-interne Ladung eingeschaltet
[parameter_level_status='Expert_Level']r,15,,Modus_wwladung,Modus Warmwasserladung 05-011,,,0621,658d000e,tem_p,,TEM_P,,,,type,,UCH,0=none;2=on_off;4=Zeit;9=selection;13=Temperatur;64=Dauer;77=TemperaturSchwelle;141=TemperaturSoll;192=range,,Datentyp,unit,,UCH,0=none;2=_C;4=K;8=__0;10=h;12=min;16=kW;42=hh_mm,,Einheit,max,,SIN,,,Maximum,min,,SIN,,,Minimum,status,,UIN,0=Aus;1=Standard;3=WW_Sollwert;4=Thermostat;5=Ladung_lokal;6=Nachheizung,,Einstellung Warmwassermodus
[parameter_level_status='Expert_Level']w,15,,Set_Modus_wwladung,Modus Warmwasserladung 05-011,,10,0623,658d000e,status,,UIN,0=Aus;1=Standard;3=WW_Sollwert;4=Thermostat;5=Ladung_lokal;6=Nachheizung,,Einstellung Warmwassermodus
[parameter_level_status='Expert_Level']r,15,,Reduktion_temp_error,Reduktion Warmwassersollwert im Störfall 05-013,,,0621,658e000e,tem_p,,TEM_P,,,,type,,UCH,0=none;2=on_off;4=Zeit;9=selection;13=Temperatur;64=Dauer;77=TemperaturSchwelle;141=TemperaturSoll;192=range,,Datentyp,unit,,UCH,0=none;2=_C;4=K;8=__0;10=h;12=min;16=kW;42=hh_mm,,Einheit,max,,SIN,,,Maximum,min,,SIN,,,Minimum,temp,,SIN,2,K,Bei einer Wärmeerzeugerstörung wird der Warmwassersollwert um den hier eingestellten Wert reduziert
[parameter_level_status='Expert_Level']w,15,,Set_Reduktion_temp_error,Reduktion Warmwassersollwert im Störfall 05-013,,10,0623,658e000e,temp,,SIN,2,K,Bei einer Wärmeerzeugerstörung wird der Warmwassersollwert um den hier eingestellten Wert reduziert
[parameter_level_status='Expert_Level']r,15,,WW_Energiezwangzahl,Energiezwangzahl 05-039,,,0621,658f000e,tem_p,,TEM_P,,,,type,,UCH,0=none;2=on_off;4=Zeit;9=selection;13=Temperatur;64=Dauer;77=TemperaturSchwelle;141=TemperaturSoll;192=range,,Datentyp,unit,,UCH,0=none;2=_C;4=K;8=__0;10=h;12=min;16=kW;42=hh_mm,,Einheit,max,,SIN,,,Maximum,min,,SIN,,,Minimum,status,,UIN,0=kein;1=negativ;2=positiv;3=beide,,Mit der Einstellung kann die Reaktion des Warmwasserkreises auf Energiezwang eingestellt werden
[parameter_level_status='Expert_Level']w,15,,Set_WW_Energiezwangzahl,Energiezwangzahl 05-039,,10,0623,658f000e,status,,UIN,0=kein;1=negativ;2=positiv;3=beide,,Mit der Einstellung kann die Reaktion des Warmwasserkreises auf Energiezwang eingestellt werden
[parameter_level_status='Expert_Level']r,15,,Fehlerdauer,Fehlerdauer Warmwasser Störung 05-040,,,0621,6590000e,tem_p,,TEM_P,,,,type,,UCH,0=none;2=on_off;4=Zeit;9=selection;13=Temperatur;64=Dauer;77=TemperaturSchwelle;141=TemperaturSoll;192=range,,Datentyp,unit,,UCH,0=none;2=_C;4=K;8=__0;10=h;12=min;16=kW;42=hh_mm,,Einheit,max,,SIN,,,Maximum,min,,SIN,,,Minimum,hours,,SIN,10,h,Unterschreitet die Warmwassertemperatur den Sollwert länger als die hier eingestellte Zeit um mehr als 5K wird eine Störmeldung generiert. 0=keine Störmeldung
[parameter_level_status='Expert_Level']w,15,,Set_Fehlerdauer,Fehlerdauer Warmwasser Störung 05-040,,10,0623,6590000e,hours,,SIN,10,h,Unterschreitet die Warmwassertemperatur den Sollwert länger als die hier eingestellte Zeit um mehr als 5K wird eine Störmeldung generiert. 0=keine Störmeldung
[parameter_level_status='Expert_Level']r,15,,WW_Betriebswahl,Betriebswahl Warmwasser 05-050,,,0621,6591000e,tem_p,,TEM_P,,,,type,,UCH,0=none;2=on_off;4=Zeit;9=selection;13=Temperatur;64=Dauer;77=TemperaturSchwelle;141=TemperaturSoll;192=range,,Datentyp,unit,,UCH,0=none;2=_C;4=K;8=__0;10=h;12=min;16=kW;42=hh_mm,,Einheit,max,,SIN,,,Maximum,min,,SIN,,,Minimum,status,,UIN,0=keine_Ladung;1=Automatik;2=Normaltemperatur;5=Gemae_Fuehlerkreis,,Betriebswahl Warmwasserfunktion
[parameter_level_status='Expert_Level']w,15,,Set_WW_Betriebswahl,Betriebswahl Warmwasser 05-050,,10,0623,6591000e,status,,UIN,0=keine_Ladung;1=Automatik;2=Normaltemperatur;5=Gemae_Fuehlerkreis,,Betriebswahl Warmwasserfunktion
[parameter_level_status='Expert_Level']r,15,,Temp_soll,Normal Warmwassertemperatur 05-051,,,0621,6592000e,tem_p,,TEM_P,,,,type,,UCH,0=none;2=on_off;4=Zeit;9=selection;13=Temperatur;64=Dauer;77=TemperaturSchwelle;141=TemperaturSoll;192=range,,Datentyp,unit,,UCH,0=none;2=_C;4=K;8=__0;10=h;12=min;16=kW;42=hh_mm,,Einheit,max,,SIN,10,°C,Maximum,min,,SIN,10,°C,Minimum,temp,,SIN,10,°C,Mit dieser Einstellung wird der Warmwasser Sollwert eingestellt
[parameter_level_status='Expert_Level']w,15,,Set_Temp_soll,Normal Warmwassertemperatur 05-051,,10,0623,6592000e,ww_temp,,SIN,10,°C,Mit dieser Einstellung wird der Warmwasser Sollwert eingestellt
[parameter_level_status='Expert_Level']r,15,,Temp_maxgrenze,Maximale Warmwasser Sollwertbegrenzung 05-057,,,0621,6593000e,tem_p,,TEM_P,,,,type,,UCH,0=none;2=on_off;4=Zeit;9=selection;13=Temperatur;64=Dauer;77=TemperaturSchwelle;141=TemperaturSoll;192=range,,Datentyp,unit,,UCH,0=none;2=_C;4=K;8=__0;10=h;12=min;16=kW;42=hh_mm,,Einheit,max,,SIN,,,Maximum,min,,SIN,,,Minimum,temp,,UIN,,°C,Mit diesem Einsteller kann der Einstellbereich der Warmwasser Solltemperatur (05-051) begrenzt werden.
[parameter_level_status='Expert_Level']w,15,,Set_Temp_maxgrenze,Maximale Warmwasser Sollwertbegrenzung 05-057,,10,0623,6593000e,temp,,UIN,,°C,Mit diesem Einsteller kann der Einstellbereich der Warmwasser Solltemperatur (05-051) begrenzt werden.
[parameter_level_status='Expert_Level']r,15,,WW_Applikationstyp,Applikationstyp Warmwasserbereitung 05-076,,,0621,6594000e,tem_p,,TEM_P,,,,type,,UCH,0=none;2=on_off;4=Zeit;9=selection;13=Temperatur;64=Dauer;77=TemperaturSchwelle;141=TemperaturSoll;192=range,,Datentyp,unit,,UCH,0=none;2=_C;4=K;8=__0;10=h;12=min;16=kW;42=hh_mm,,Einheit,max,,SIN,,,Maximum,min,,SIN,,,Minimum,status,,UIN,0=nicht_aktiv;1=mit_Ladepumpe;2=mit_Umlenkventil;3=mit_Ladepumpe_und_Zirkulationspumpe;4=mit_Umlenkventil_und_Zirkulationspumpe,,Mit dieser Einstellung kann ein entsprechend definierter Applikationstyp vorgewählt werden
[parameter_level_status='Expert_Level']w,15,,Set_WW_Applikationstyp,Applikationstyp Warmwasserbereitung 05-076,,10,0623,6594000e,status,,UIN,0=nicht_aktiv;1=mit_Ladepumpe;2=mit_Umlenkventil;3=mit_Ladepumpe_und_Zirkulationspumpe;4=mit_Umlenkventil_und_Zirkulationspumpe,,Mit dieser Einstellung kann ein entsprechend definierter Applikationstyp vorgewählt werden
[parameter_level_status='Expert_Level']r,15,,Ladedauer_max,Maximale Warmwasser Ladedauer 05-081 (Prüfen!),,,0621,6595000e,tem_p,,TEM_P,,,,type,,UCH,0=none;2=on_off;4=Zeit;9=selection;13=Temperatur;64=Dauer;77=TemperaturSchwelle;141=TemperaturSoll;192=range,,Datentyp,unit,,UCH,0=none;2=_C;4=K;8=__0;10=h;12=min;16=kW;42=hh_mm,,Einheit,max,,SIN,,,Maximum,min,,SIN,,,Minimum,hours,,SIN,2,h,Wird die eingestellte Maximalladedauer überschritten wird der Ladevorgang unterbrochen und erst wieder gestartet wenn die Einschaltdifferenz (05-000) zur aktuellen Warmwassertemperatur überschritten wird.
[parameter_level_status='Expert_Level']w,15,,Set_Ladedauer_max,Maximale Warmwasser Ladedauer 05-081 (Prüfen!),,10,0623,6595000e,hours,,SIN,2,h,Wird die eingestellte Maximalladedauer überschritten wird der Ladevorgang unterbrochen und erst wieder gestartet wenn die Einschaltdifferenz (05-000) zur aktuellen Warmwassertemperatur überschritten wird.
[parameter_level_status='Expert_Level']r,15,,Nachladedauer_max,Maximale Nachladedauer bei Ladungsabbruch 05-082 (Prüfen!),,,0621,6596000e,tem_p,,TEM_P,,,,type,,UCH,0=none;2=on_off;4=Zeit;9=selection;13=Temperatur;64=Dauer;77=TemperaturSchwelle;141=TemperaturSoll;192=range,,Datentyp,unit,,UCH,0=none;2=_C;4=K;8=__0;10=h;12=min;16=kW;42=hh_mm,,Einheit,max,,SIN,,,Maximum,min,,SIN,,,Minimum,hours,,SIN,2,h,Wird bei Warmwassermode (05-011) 6 oder 7 die Nachladung aktiviert kann diese mit der maximalen Nachladezeit nach der hier eingestellten Zeit beendet werden. Bei Einstellung 0 wird die Nachladung gar nicht aktiviert.
[parameter_level_status='Expert_Level']w,15,,Set_Nachladedauer_max,Maximale Nachladedauer bei Ladungsabbruch 05-082 (Prüfen!),,10,0623,6596000e,hours,,SIN,2,h,Wird bei Warmwassermode (05-011) 6 oder 7 die Nachladung aktiviert kann diese mit der maximalen Nachladezeit nach der hier eingestellten Zeit beendet werden. Bei Einstellung 0 wird die Nachladung gar nicht aktiviert.
r,15,,Ladungsanforderung,Warmwasser Ladungsanforderung 01-054,,,0621,7680000e,tem_p,,TEM_P,,,,type,,UCH,0=none;2=on_off;4=Zeit;9=selection;13=Temperatur;64=Dauer;77=TemperaturSchwelle;141=TemperaturSoll;192=range,,Datentyp,unit,,UCH,0=none;2=_C;4=K;8=__0;10=h;12=min;16=kW;42=hh_mm,,Einheit,max,,SIN,,,Maximum,min,,SIN,,,Minimum,status,,UIN,,,Stellgröße für eine Warmwasser-Zusatzheizung
r,15,,WW_Zirkulationspumpe,Warmwasser Zirkulationspumpe 01-065,,,0621,7681000e,tem_p,,TEM_P,,,,type,,UCH,0=none;2=on_off;4=Zeit;9=selection;13=Temperatur;64=Dauer;77=TemperaturSchwelle;141=TemperaturSoll;192=range,,Datentyp,unit,,UCH,0=none;2=_C;4=K;8=__0;10=h;12=min;16=kW;42=hh_mm,,Einheit,max,,SIN,,,Maximum,min,,SIN,,,Minimum,status,,UIN,,,Stellgröße für eine Warmwasser Zirkulationspumpe
r,15,,Ladungspumpe,Warmwasser Ladepumpe 01-066,,,0621,7682000e,tem_p,,TEM_P,,,,type,,UCH,0=none;2=on_off;4=Zeit;9=selection;13=Temperatur;64=Dauer;77=TemperaturSchwelle;141=TemperaturSoll;192=range,,Datentyp,unit,,UCH,0=none;2=_C;4=K;8=__0;10=h;12=min;16=kW;42=hh_mm,,Einheit,max,,SIN,,,Maximum,min,,SIN,,,Minimum,status,,UIN,,,Stellgröße für eine Warmwasser Ladepumpe oder Umlenkventil
r,15,,HK_At_ping,Aussentemperatur 00-000,,,0621,0080004a,tem_p,,TEM_P,,,,type,,UCH,0=none;2=on_off;4=Zeit;9=selection;13=Temperatur;64=Dauer;77=TemperaturSchwelle;141=TemperaturSoll;192=range,,Datentyp,unit,,UCH,0=none;2=_C;4=K;8=__0;10=h;12=min;16=kW;42=hh_mm,,Einheit,max,,SIN,10,°C,Maximum,min,,SIN,10,°C,Minimum,temp,,SIN,10,°C,Aussentemperatur
r,15,,Raumtemp,Raumtemperatur 00-001,,,0621,0081004a,tem_p,,TEM_P,,,,type,,UCH,0=none;2=on_off;4=Zeit;9=selection;13=Temperatur;64=Dauer;77=TemperaturSchwelle;141=TemperaturSoll;192=range,,Datentyp,unit,,UCH,0=none;2=_C;4=K;8=__0;10=h;12=min;16=kW;42=hh_mm,,Einheit,max,,SIN,10,°C,Maximum,min,,SIN,10,°C,Minimum,temp,,SIN,10,°C,Raumtemperatur eines Heizkreises
r,15,,HK_Vl_temp_ist_ping,Heizkreis Vorlauftemperatur 00-002,,,0621,0082004a,tem_p,,TEM_P,,,,type,,UCH,0=none;2=on_off;4=Zeit;9=selection;13=Temperatur;64=Dauer;77=TemperaturSchwelle;141=TemperaturSoll;192=range,,Datentyp,unit,,UCH,0=none;2=_C;4=K;8=__0;10=h;12=min;16=kW;42=hh_mm,,Einheit,max,,SIN,10,°C,Maximum,min,,SIN,10,°C,Minimum,temp,,SIN,10,°C,Vorlauftemperatur eines Heizkreises
r,15,,HK_Time,Uhrzeit 02-072,,,0621,02c8004a,tem_p,,TEM_P,,,,type,,UCH,0=none;2=on_off;4=Zeit;9=selection;13=Temperatur;64=Dauer;77=TemperaturSchwelle;141=TemperaturSoll;192=range,,Datentyp,unit,,UCH,0=none;2=_C;4=K;8=__0;10=h;12=min;16=kW;42=hh_mm,,Einheit,max,,SIN,,,Maximum,min,,SIN,,,Minimum,time,,MIN,,,Uhrzeit
r,15,,HK_Wd,Wochentag 02-073,,,0621,02c9004a,tem_p,,TEM_P,,,,type,,UCH,0=none;2=on_off;4=Zeit;9=selection;13=Temperatur;64=Dauer;77=TemperaturSchwelle;141=TemperaturSoll;192=range,,Datentyp,unit,,UCH,0=none;2=_C;4=K;8=__0;10=h;12=min;16=kW;42=hh_mm,,Einheit,wd,,BDY,,,Weekday,ign,,IGN:1,,,,wd,,BDY,,,Weekday,ign,,IGN:1,,,,day,,BDY,,,Wochentag
r,15,,HK_Status_ping,HK Staus Heizkreisregelung 02-051,,,0621,02b3004a,tem_p,,TEM_P,,,,type,,UCH,0=none;2=on_off;4=Zeit;9=selection;13=Temperatur;64=Dauer;77=TemperaturSchwelle;141=TemperaturSoll;192=range,,Datentyp,unit,,UCH,0=none;2=_C;4=K;8=__0;10=h;12=min;16=kW;42=hh_mm,,Einheit,max,,SIN,,,Maximum,min,,SIN,,,Minimum,status,,UIN,0=Abgeschaltet;1=Normal_Heizbetrieb;3=Spar_Heizbetrieb;4=Frostschutzbetrieb;5=Zwangsabnahme;6=Zwangsdrosselung;7=Ferienbetrieb;8=Partybetrieb;9=Normal_Kuehlbetrieb;11=Spar_Kuehlbetrieb;12=Stoerung;13=Handbetrieb;14=Schutz_Kuehlbetrieb;15=Partybetrieb_Kuehlen;16=Austrocknung_Aufheizphase;17=Austrocknung_Stationaerphase;18=Austrocknung_Abkuehlphase;19=Austrocknung_Endphase,,Zustand Heizkreisregelung
r,15,,Tp0_hzg1,Zeitprogramm Heizung 1 Teil 1,,,0622,03bd004a,uch,,UCH,,,,uch_1,,UCH,,,,uch_2,,UCH,,,,uch_3,,UCH,,,,uch_4,,UCH,,,,uch_5,,UCH,,,,uch_6,,UCH,,,,uch_7,,UCH,,,,uch_8,,UCH,,,,ign,,IGN:1,,,
r,15,,Tp1_hzg1,Zeitprogramm Heizung 1 Teil 2,,,0622,03bd014a,bi,,BI0,,,,bi_1,,BI1,,,,bi_2,,BI2,,,,bi_3,,BI3,,,,bi_4,,BI4,,,,bi_5,,BI5,,,,bi_6,,BI6,,,,bi_7,,BI7,,,,bi,,BI0,,,,bi_1,,BI1,,,,bi_2,,BI2,,,,bi_3,,BI3,,,,bi_4,,BI4,,,,bi_5,,BI5,,,,bi_6,,BI6,,,,bi_7,,BI7,,,,bi,,BI0,,,,bi_1,,BI1,,,,bi_2,,BI2,,,,bi_3,,BI3,,,,bi_4,,BI4,,,,bi_5,,BI5,,,,bi_6,,BI6,,,,bi_7,,BI7,,,,bi,,BI0,,,,bi_1,,BI1,,,,bi_2,,BI2,,,,bi_3,,BI3,,,,bi_4,,BI4,,,,bi_5,,BI5,,,,bi_6,,BI6,,,,bi_7,,BI7,,,,bi,,BI0,,,,bi_1,,BI1,,,,bi_2,,BI2,,,,bi_3,,BI3,,,,bi_4,,BI4,,,,bi_5,,BI5,,,,bi_6,,BI6,,,,bi_7,,BI7,,,,bi,,BI0,,,,bi_1,,BI1,,,,bi_2,,BI2,,,,bi_3,,BI3,,,,bi_4,,BI4,,,,bi_5,,BI5,,,,bi_6,,BI6,,,,bi_7,,BI7,,,,bi,,BI0,,,,bi_1,,BI1,,,,bi_2,,BI2,,,,bi_3,,BI3,,,,bi_4,,BI4,,,,bi_5,,BI5,,,,bi_6,,BI6,,,,bi_7,,BI7,,,,bi,,BI0,,,,bi_1,,BI1,,,,bi_2,,BI2,,,,bi_3,,BI3,,,,bi_4,,BI4,,,,bi_5,,BI5,,,,bi_6,,BI6,,,,bi_7,,BI7,,,,bi,,BI0,,,,bi_1,,BI1,,,,bi_2,,BI2,,,,bi_3,,BI3,,,,bi_4,,BI4,,,,bi_5,,BI5,,,,bi_6,,BI6,,,,bi_7,,BI7,,,,bi,,BI0,,,,bi_1,,BI1,,,,bi_2,,BI2,,,,bi_3,,BI3,,,,bi_4,,BI4,,,,bi_5,,BI5,,,,bi_6,,BI6,,,,bi_7,,BI7,,,
r,15,,Tp2_hzg1,Zeitprogramm Heizung 1 Teil 3,,,0622,03bd024a,bi,,BI0,,,,bi_1,,BI1,,,,bi_2,,BI2,,,,bi_3,,BI3,,,,bi_4,,BI4,,,,bi_5,,BI5,,,,bi_6,,BI6,,,,bi_7,,BI7,,,,bi,,BI0,,,,bi_1,,BI1,,,,bi_2,,BI2,,,,bi_3,,BI3,,,,bi_4,,BI4,,,,bi_5,,BI5,,,,bi_6,,BI6,,,,bi_7,,BI7,,,,bi,,BI0,,,,bi_1,,BI1,,,,bi_2,,BI2,,,,bi_3,,BI3,,,,bi_4,,BI4,,,,bi_5,,BI5,,,,bi_6,,BI6,,,,bi_7,,BI7,,,,bi,,BI0,,,,bi_1,,BI1,,,,bi_2,,BI2,,,,bi_3,,BI3,,,,bi_4,,BI4,,,,bi_5,,BI5,,,,bi_6,,BI6,,,,bi_7,,BI7,,,,bi,,BI0,,,,bi_1,,BI1,,,,bi_2,,BI2,,,,bi_3,,BI3,,,,bi_4,,BI4,,,,bi_5,,BI5,,,,bi_6,,BI6,,,,bi_7,,BI7,,,,bi,,BI0,,,,bi_1,,BI1,,,,bi_2,,BI2,,,,bi_3,,BI3,,,,bi_4,,BI4,,,,bi_5,,BI5,,,,bi_6,,BI6,,,,bi_7,,BI7,,,,bi,,BI0,,,,bi_1,,BI1,,,,bi_2,,BI2,,,,bi_3,,BI3,,,,bi_4,,BI4,,,,bi_5,,BI5,,,,bi_6,,BI6,,,,bi_7,,BI7,,,,bi,,BI0,,,,bi_1,,BI1,,,,bi_2,,BI2,,,,bi_3,,BI3,,,,bi_4,,BI4,,,,bi_5,,BI5,,,,bi_6,,BI6,,,,bi_7,,BI7,,,,bi,,BI0,,,,bi_1,,BI1,,,,bi_2,,BI2,,,,bi_3,,BI3,,,,bi_4,,BI4,,,,bi_5,,BI5,,,,bi_6,,BI6,,,,bi_7,,BI7,,,,bi,,BI0,,,,bi_1,,BI1,,,,bi_2,,BI2,,,,bi_3,,BI3,,,,bi_4,,BI4,,,,bi_5,,BI5,,,,bi_6,,BI6,,,,bi_7,,BI7,,,
r,15,,Tp3_hzg1,Zeitprogramm Heizung 1 Teil 4,,,0622,03bd034a,bi,,BI0,,,,bi_1,,BI1,,,,bi_2,,BI2,,,,bi_3,,BI3,,,,bi_4,,BI4,,,,bi_5,,BI5,,,,bi_6,,BI6,,,,bi_7,,BI7,,,,bi,,BI0,,,,bi_1,,BI1,,,,bi_2,,BI2,,,,bi_3,,BI3,,,,bi_4,,BI4,,,,bi_5,,BI5,,,,bi_6,,BI6,,,,bi_7,,BI7,,,,bi,,BI0,,,,bi_1,,BI1,,,,bi_2,,BI2,,,,bi_3,,BI3,,,,bi_4,,BI4,,,,bi_5,,BI5,,,,bi_6,,BI6,,,,bi_7,,BI7,,,,bi,,BI0,,,,bi_1,,BI1,,,,bi_2,,BI2,,,,bi_3,,BI3,,,,bi_4,,BI4,,,,bi_5,,BI5,,,,bi_6,,BI6,,,,bi_7,,BI7,,,,bi,,BI0,,,,bi_1,,BI1,,,,bi_2,,BI2,,,,bi_3,,BI3,,,,bi_4,,BI4,,,,bi_5,,BI5,,,,bi_6,,BI6,,,,bi_7,,BI7,,,,bi,,BI0,,,,bi_1,,BI1,,,,bi_2,,BI2,,,,bi_3,,BI3,,,,bi_4,,BI4,,,,bi_5,,BI5,,,,bi_6,,BI6,,,,bi_7,,BI7,,,,bi,,BI0,,,,bi_1,,BI1,,,,bi_2,,BI2,,,,bi_3,,BI3,,,,bi_4,,BI4,,,,bi_5,,BI5,,,,bi_6,,BI6,,,,bi_7,,BI7,,,,bi,,BI0,,,,bi_1,,BI1,,,,bi_2,,BI2,,,,bi_3,,BI3,,,,bi_4,,BI4,,,,bi_5,,BI5,,,,bi_6,,BI6,,,,bi_7,,BI7,,,,bi,,BI0,,,,bi_1,,BI1,,,,bi_2,,BI2,,,,bi_3,,BI3,,,,bi_4,,BI4,,,,bi_5,,BI5,,,,bi_6,,BI6,,,,bi_7,,BI7,,,,bi,,BI0,,,,bi_1,,BI1,,,,bi_2,,BI2,,,,bi_3,,BI3,,,,bi_4,,BI4,,,,bi_5,,BI5,,,,bi_6,,BI6,,,,bi_7,,BI7,,,
r,15,,Tp4_hzg1,Zeitprogramm Heizung 1 Teil 5,,,0622,03bd044a,bi,,BI0,,,,bi_1,,BI1,,,,bi_2,,BI2,,,,bi_3,,BI3,,,,bi_4,,BI4,,,,bi_5,,BI5,,,,bi_6,,BI6,,,,bi_7,,BI7,,,,bi,,BI0,,,,bi_1,,BI1,,,,bi_2,,BI2,,,,bi_3,,BI3,,,,bi_4,,BI4,,,,bi_5,,BI5,,,,bi_6,,BI6,,,,bi_7,,BI7,,,,bi,,BI0,,,,bi_1,,BI1,,,,bi_2,,BI2,,,,bi_3,,BI3,,,,bi_4,,BI4,,,,bi_5,,BI5,,,,bi_6,,BI6,,,,bi_7,,BI7,,,,bi,,BI0,,,,bi_1,,BI1,,,,bi_2,,BI2,,,,bi_3,,BI3,,,,bi_4,,BI4,,,,bi_5,,BI5,,,,bi_6,,BI6,,,,bi_7,,BI7,,,,bi,,BI0,,,,bi_1,,BI1,,,,bi_2,,BI2,,,,bi_3,,BI3,,,,bi_4,,BI4,,,,bi_5,,BI5,,,,bi_6,,BI6,,,,bi_7,,BI7,,,,bi,,BI0,,,,bi_1,,BI1,,,,bi_2,,BI2,,,,bi_3,,BI3,,,,bi_4,,BI4,,,,bi_5,,BI5,,,,bi_6,,BI6,,,,bi_7,,BI7,,,,bi,,BI0,,,,bi_1,,BI1,,,,bi_2,,BI2,,,,bi_3,,BI3,,,,bi_4,,BI4,,,,bi_5,,BI5,,,,bi_6,,BI6,,,,bi_7,,BI7,,,,bi,,BI0,,,,bi_1,,BI1,,,,bi_2,,BI2,,,,bi_3,,BI3,,,,bi_4,,BI4,,,,bi_5,,BI5,,,,bi_6,,BI6,,,,bi_7,,BI7,,,,bi,,BI0,,,,bi_1,,BI1,,,,bi_2,,BI2,,,,bi_3,,BI3,,,,bi_4,,BI4,,,,bi_5,,BI5,,,,bi_6,,BI6,,,,bi_7,,BI7,,,,bi,,BI0,,,,bi_1,,BI1,,,,bi_2,,BI2,,,,bi_3,,BI3,,,,bi_4,,BI4,,,,bi_5,,BI5,,,,bi_6,,BI6,,,,bi_7,,BI7,,,
r,15,,Tp5_hzg1,Zeitprogramm Heizung 1 Teil 6,,,0622,03bd054a,bi,,BI0,,,,bi_1,,BI1,,,,bi_2,,BI2,,,,bi_3,,BI3,,,,bi_4,,BI4,,,,bi_5,,BI5,,,,bi_6,,BI6,,,,bi_7,,BI7,,,,bi,,BI0,,,,bi_1,,BI1,,,,bi_2,,BI2,,,,bi_3,,BI3,,,,bi_4,,BI4,,,,bi_5,,BI5,,,,bi_6,,BI6,,,,bi_7,,BI7,,,,bi,,BI0,,,,bi_1,,BI1,,,,bi_2,,BI2,,,,bi_3,,BI3,,,,bi_4,,BI4,,,,bi_5,,BI5,,,,bi_6,,BI6,,,,bi_7,,BI7,,,,bi,,BI0,,,,bi_1,,BI1,,,,bi_2,,BI2,,,,bi_3,,BI3,,,,bi_4,,BI4,,,,bi_5,,BI5,,,,bi_6,,BI6,,,,bi_7,,BI7,,,,bi,,BI0,,,,bi_1,,BI1,,,,bi_2,,BI2,,,,bi_3,,BI3,,,,bi_4,,BI4,,,,bi_5,,BI5,,,,bi_6,,BI6,,,,bi_7,,BI7,,,,bi,,BI0,,,,bi_1,,BI1,,,,bi_2,,BI2,,,,bi_3,,BI3,,,,bi_4,,BI4,,,,bi_5,,BI5,,,,bi_6,,BI6,,,,bi_7,,BI7,,,,bi,,BI0,,,,bi_1,,BI1,,,,bi_2,,BI2,,,,bi_3,,BI3,,,,bi_4,,BI4,,,,bi_5,,BI5,,,,bi_6,,BI6,,,,bi_7,,BI7,,,,bi,,BI0,,,,bi_1,,BI1,,,,bi_2,,BI2,,,,bi_3,,BI3,,,,bi_4,,BI4,,,,bi_5,,BI5,,,,bi_6,,BI6,,,,bi_7,,BI7,,,,bi,,BI0,,,,bi_1,,BI1,,,,bi_2,,BI2,,,,bi_3,,BI3,,,,bi_4,,BI4,,,,bi_5,,BI5,,,,bi_6,,BI6,,,,bi_7,,BI7,,,,bi,,BI0,,,,bi_1,,BI1,,,,bi_2,,BI2,,,,bi_3,,BI3,,,,bi_4,,BI4,,,,bi_5,,BI5,,,,bi_6,,BI6,,,,bi_7,,BI7,,,
r,15,,Tp6_hzg1,Zeitprogramm Heizung 1 Teil 7,,,0622,03bd064a,bi,,BI0,,,,bi_1,,BI1,,,,bi_2,,BI2,,,,bi_3,,BI3,,,,bi_4,,BI4,,,,bi_5,,BI5,,,,bi_6,,BI6,,,,bi_7,,BI7,,,,bi,,BI0,,,,bi_1,,BI1,,,,bi_2,,BI2,,,,bi_3,,BI3,,,,bi_4,,BI4,,,,bi_5,,BI5,,,,bi_6,,BI6,,,,bi_7,,BI7,,,,bi,,BI0,,,,bi_1,,BI1,,,,bi_2,,BI2,,,,bi_3,,BI3,,,,bi_4,,BI4,,,,bi_5,,BI5,,,,bi_6,,BI6,,,,bi_7,,BI7,,,,bi,,BI0,,,,bi_1,,BI1,,,,bi_2,,BI2,,,,bi_3,,BI3,,,,bi_4,,BI4,,,,bi_5,,BI5,,,,bi_6,,BI6,,,,bi_7,,BI7,,,,bi,,BI0,,,,bi_1,,BI1,,,,bi_2,,BI2,,,,bi_3,,BI3,,,,bi_4,,BI4,,,,bi_5,,BI5,,,,bi_6,,BI6,,,,bi_7,,BI7,,,,bi,,BI0,,,,bi_1,,BI1,,,,bi_2,,BI2,,,,bi_3,,BI3,,,,bi_4,,BI4,,,,bi_5,,BI5,,,,bi_6,,BI6,,,,bi_7,,BI7,,,,bi,,BI0,,,,bi_1,,BI1,,,,bi_2,,BI2,,,,bi_3,,BI3,,,,bi_4,,BI4,,,,bi_5,,BI5,,,,bi_6,,BI6,,,,bi_7,,BI7,,,,bi,,BI0,,,,bi_1,,BI1,,,,bi_2,,BI2,,,,bi_3,,BI3,,,,bi_4,,BI4,,,,bi_5,,BI5,,,,bi_6,,BI6,,,,bi_7,,BI7,,,,bi,,BI0,,,,bi_1,,BI1,,,,bi_2,,BI2,,,,bi_3,,BI3,,,,bi_4,,BI4,,,,bi_5,,BI5,,,,bi_6,,BI6,,,,bi_7,,BI7,,,,bi,,BI0,,,,bi_1,,BI1,,,,bi_2,,BI2,,,,bi_3,,BI3,,,,bi_4,,BI4,,,,bi_5,,BI5,,,,bi_6,,BI6,,,,bi_7,,BI7,,,
r,15,,Tp7_hzg1,Zeitprogramm Heizung 1 Teil 8,,,0622,03bd074a,bi,,BI0,,,,bi_1,,BI1,,,,bi_2,,BI2,,,,bi_3,,BI3,,,,bi_4,,BI4,,,,bi_5,,BI5,,,,bi_6,,BI6,,,,bi_7,,BI7,,,,bi,,BI0,,,,bi_1,,BI1,,,,bi_2,,BI2,,,,bi_3,,BI3,,,,bi_4,,BI4,,,,bi_5,,BI5,,,,bi_6,,BI6,,,,bi_7,,BI7,,,,bi,,BI0,,,,bi_1,,BI1,,,,bi_2,,BI2,,,,bi_3,,BI3,,,,bi_4,,BI4,,,,bi_5,,BI5,,,,bi_6,,BI6,,,,bi_7,,BI7,,,,bi,,BI0,,,,bi_1,,BI1,,,,bi_2,,BI2,,,,bi_3,,BI3,,,,bi_4,,BI4,,,,bi_5,,BI5,,,,bi_6,,BI6,,,,bi_7,,BI7,,,,bi,,BI0,,,,bi_1,,BI1,,,,bi_2,,BI2,,,,bi_3,,BI3,,,,bi_4,,BI4,,,,bi_5,,BI5,,,,bi_6,,BI6,,,,bi_7,,BI7,,,,bi,,BI0,,,,bi_1,,BI1,,,,bi_2,,BI2,,,,bi_3,,BI3,,,,bi_4,,BI4,,,,bi_5,,BI5,,,,bi_6,,BI6,,,,bi_7,,BI7,,,,bi,,BI0,,,,bi_1,,BI1,,,,bi_2,,BI2,,,,bi_3,,BI3,,,,bi_4,,BI4,,,,bi_5,,BI5,,,,bi_6,,BI6,,,,bi_7,,BI7,,,,bi,,BI0,,,,bi_1,,BI1,,,,bi_2,,BI2,,,,bi_3,,BI3,,,,bi_4,,BI4,,,,bi_5,,BI5,,,,bi_6,,BI6,,,,bi_7,,BI7,,,,bi,,BI0,,,,bi_1,,BI1,,,,bi_2,,BI2,,,,bi_3,,BI3,,,,bi_4,,BI4,,,,bi_5,,BI5,,,,bi_6,,BI6,,,,bi_7,,BI7,,,,bi,,BI0,,,,bi_1,,BI1,,,,bi_2,,BI2,,,,bi_3,,BI3,,,,bi_4,,BI4,,,,bi_5,,BI5,,,,bi_6,,BI6,,,,bi_7,,BI7,,,
r,15,,Tp8_hzg1,Zeitprogramm Heizung 1 Teil 9,,,0622,03bd084a,bi,,BI0,,,,bi_1,,BI1,,,,bi_2,,BI2,,,,bi_3,,BI3,,,,bi_4,,BI4,,,,bi_5,,BI5,,,,bi_6,,BI6,,,,bi_7,,BI7,,,,bi,,BI0,,,,bi_1,,BI1,,,,bi_2,,BI2,,,,bi_3,,BI3,,,,bi_4,,BI4,,,,bi_5,,BI5,,,,bi_6,,BI6,,,,bi_7,,BI7,,,,bi,,BI0,,,,bi_1,,BI1,,,,bi_2,,BI2,,,,bi_3,,BI3,,,,bi_4,,BI4,,,,bi_5,,BI5,,,,bi_6,,BI6,,,,bi_7,,BI7,,,,bi,,BI0,,,,bi_1,,BI1,,,,bi_2,,BI2,,,,bi_3,,BI3,,,,bi_4,,BI4,,,,bi_5,,BI5,,,,bi_6,,BI6,,,,bi_7,,BI7,,,,bi,,BI0,,,,bi_1,,BI1,,,,bi_2,,BI2,,,,bi_3,,BI3,,,,bi_4,,BI4,,,,bi_5,,BI5,,,,bi_6,,BI6,,,,bi_7,,BI7,,,,bi,,BI0,,,,bi_1,,BI1,,,,bi_2,,BI2,,,,bi_3,,BI3,,,,bi_4,,BI4,,,,bi_5,,BI5,,,,bi_6,,BI6,,,,bi_7,,BI7,,,,bi,,BI0,,,,bi_1,,BI1,,,,bi_2,,BI2,,,,bi_3,,BI3,,,,bi_4,,BI4,,,,bi_5,,BI5,,,,bi_6,,BI6,,,,bi_7,,BI7,,,,bi,,BI0,,,,bi_1,,BI1,,,,bi_2,,BI2,,,,bi_3,,BI3,,,,bi_4,,BI4,,,,bi_5,,BI5,,,,bi_6,,BI6,,,,bi_7,,BI7,,,,bi,,BI0,,,,bi_1,,BI1,,,,bi_2,,BI2,,,,bi_3,,BI3,,,,bi_4,,BI4,,,,bi_5,,BI5,,,,bi_6,,BI6,,,,bi_7,,BI7,,,,bi,,BI0,,,,bi_1,,BI1,,,,bi_2,,BI2,,,,bi_3,,BI3,,,,bi_4,,BI4,,,,bi_5,,BI5,,,,bi_6,,BI6,,,,bi_7,,BI7,,,
r,15,,Tp9_hzg1,Zeitprogramm Heizung 1 Teil 10,,,0622,03bd094a,bi,,BI0,,,,bi_1,,BI1,,,,bi_2,,BI2,,,,bi_3,,BI3,,,,bi_4,,BI4,,,,bi_5,,BI5,,,,bi_6,,BI6,,,,bi_7,,BI7,,,,bi,,BI0,,,,bi_1,,BI1,,,,bi_2,,BI2,,,,bi_3,,BI3,,,,bi_4,,BI4,,,,bi_5,,BI5,,,,bi_6,,BI6,,,,bi_7,,BI7,,,,bi,,BI0,,,,bi_1,,BI1,,,,bi_2,,BI2,,,,bi_3,,BI3,,,,bi_4,,BI4,,,,bi_5,,BI5,,,,bi_6,,BI6,,,,bi_7,,BI7,,,,bi,,BI0,,,,bi_1,,BI1,,,,bi_2,,BI2,,,,bi_3,,BI3,,,,bi_4,,BI4,,,,bi_5,,BI5,,,,bi_6,,BI6,,,,bi_7,,BI7,,,
r,15,,Tp0_hzg2,Zeitprogramm Heizung 2 Teil 1,,,0622,03be004a,uch,,UCH,,,,uch_1,,UCH,,,,uch_2,,UCH,,,,uch_3,,UCH,,,,uch_4,,UCH,,,,uch_5,,UCH,,,,uch_6,,UCH,,,,uch_7,,UCH,,,,uch_8,,UCH,,,,ign,,IGN:1,,,
r,15,,Tp1_hzg2,Zeitprogramm Heizung 2 Teil 2,,,0622,03be014a,bi,,BI0,,,,bi_1,,BI1,,,,bi_2,,BI2,,,,bi_3,,BI3,,,,bi_4,,BI4,,,,bi_5,,BI5,,,,bi_6,,BI6,,,,bi_7,,BI7,,,,bi,,BI0,,,,bi_1,,BI1,,,,bi_2,,BI2,,,,bi_3,,BI3,,,,bi_4,,BI4,,,,bi_5,,BI5,,,,bi_6,,BI6,,,,bi_7,,BI7,,,,bi,,BI0,,,,bi_1,,BI1,,,,bi_2,,BI2,,,,bi_3,,BI3,,,,bi_4,,BI4,,,,bi_5,,BI5,,,,bi_6,,BI6,,,,bi_7,,BI7,,,,bi,,BI0,,,,bi_1,,BI1,,,,bi_2,,BI2,,,,bi_3,,BI3,,,,bi_4,,BI4,,,,bi_5,,BI5,,,,bi_6,,BI6,,,,bi_7,,BI7,,,,bi,,BI0,,,,bi_1,,BI1,,,,bi_2,,BI2,,,,bi_3,,BI3,,,,bi_4,,BI4,,,,bi_5,,BI5,,,,bi_6,,BI6,,,,bi_7,,BI7,,,,bi,,BI0,,,,bi_1,,BI1,,,,bi_2,,BI2,,,,bi_3,,BI3,,,,bi_4,,BI4,,,,bi_5,,BI5,,,,bi_6,,BI6,,,,bi_7,,BI7,,,,bi,,BI0,,,,bi_1,,BI1,,,,bi_2,,BI2,,,,bi_3,,BI3,,,,bi_4,,BI4,,,,bi_5,,BI5,,,,bi_6,,BI6,,,,bi_7,,BI7,,,,bi,,BI0,,,,bi_1,,BI1,,,,bi_2,,BI2,,,,bi_3,,BI3,,,,bi_4,,BI4,,,,bi_5,,BI5,,,,bi_6,,BI6,,,,bi_7,,BI7,,,,bi,,BI0,,,,bi_1,,BI1,,,,bi_2,,BI2,,,,bi_3,,BI3,,,,bi_4,,BI4,,,,bi_5,,BI5,,,,bi_6,,BI6,,,,bi_7,,BI7,,,,bi,,BI0,,,,bi_1,,BI1,,,,bi_2,,BI2,,,,bi_3,,BI3,,,,bi_4,,BI4,,,,bi_5,,BI5,,,,bi_6,,BI6,,,,bi_7,,BI7,,,
r,15,,Tp2_hzg2,Zeitprogramm Heizung 2 Teil 3,,,0622,03be024a,bi,,BI0,,,,bi_1,,BI1,,,,bi_2,,BI2,,,,bi_3,,BI3,,,,bi_4,,BI4,,,,bi_5,,BI5,,,,bi_6,,BI6,,,,bi_7,,BI7,,,,bi,,BI0,,,,bi_1,,BI1,,,,bi_2,,BI2,,,,bi_3,,BI3,,,,bi_4,,BI4,,,,bi_5,,BI5,,,,bi_6,,BI6,,,,bi_7,,BI7,,,,bi,,BI0,,,,bi_1,,BI1,,,,bi_2,,BI2,,,,bi_3,,BI3,,,,bi_4,,BI4,,,,bi_5,,BI5,,,,bi_6,,BI6,,,,bi_7,,BI7,,,,bi,,BI0,,,,bi_1,,BI1,,,,bi_2,,BI2,,,,bi_3,,BI3,,,,bi_4,,BI4,,,,bi_5,,BI5,,,,bi_6,,BI6,,,,bi_7,,BI7,,,,bi,,BI0,,,,bi_1,,BI1,,,,bi_2,,BI2,,,,bi_3,,BI3,,,,bi_4,,BI4,,,,bi_5,,BI5,,,,bi_6,,BI6,,,,bi_7,,BI7,,,,bi,,BI0,,,,bi_1,,BI1,,,,bi_2,,BI2,,,,bi_3,,BI3,,,,bi_4,,BI4,,,,bi_5,,BI5,,,,bi_6,,BI6,,,,bi_7,,BI7,,,,bi,,BI0,,,,bi_1,,BI1,,,,bi_2,,BI2,,,,bi_3,,BI3,,,,bi_4,,BI4,,,,bi_5,,BI5,,,,bi_6,,BI6,,,,bi_7,,BI7,,,,bi,,BI0,,,,bi_1,,BI1,,,,bi_2,,BI2,,,,bi_3,,BI3,,,,bi_4,,BI4,,,,bi_5,,BI5,,,,bi_6,,BI6,,,,bi_7,,BI7,,,,bi,,BI0,,,,bi_1,,BI1,,,,bi_2,,BI2,,,,bi_3,,BI3,,,,bi_4,,BI4,,,,bi_5,,BI5,,,,bi_6,,BI6,,,,bi_7,,BI7,,,,bi,,BI0,,,,bi_1,,BI1,,,,bi_2,,BI2,,,,bi_3,,BI3,,,,bi_4,,BI4,,,,bi_5,,BI5,,,,bi_6,,BI6,,,,bi_7,,BI7,,,
r,15,,Tp3_hzg2,Zeitprogramm Heizung 2 Teil 4,,,0622,03be034a,bi,,BI0,,,,bi_1,,BI1,,,,bi_2,,BI2,,,,bi_3,,BI3,,,,bi_4,,BI4,,,,bi_5,,BI5,,,,bi_6,,BI6,,,,bi_7,,BI7,,,,bi,,BI0,,,,bi_1,,BI1,,,,bi_2,,BI2,,,,bi_3,,BI3,,,,bi_4,,BI4,,,,bi_5,,BI5,,,,bi_6,,BI6,,,,bi_7,,BI7,,,,bi,,BI0,,,,bi_1,,BI1,,,,bi_2,,BI2,,,,bi_3,,BI3,,,,bi_4,,BI4,,,,bi_5,,BI5,,,,bi_6,,BI6,,,,bi_7,,BI7,,,,bi,,BI0,,,,bi_1,,BI1,,,,bi_2,,BI2,,,,bi_3,,BI3,,,,bi_4,,BI4,,,,bi_5,,BI5,,,,bi_6,,BI6,,,,bi_7,,BI7,,,,bi,,BI0,,,,bi_1,,BI1,,,,bi_2,,BI2,,,,bi_3,,BI3,,,,bi_4,,BI4,,,,bi_5,,BI5,,,,bi_6,,BI6,,,,bi_7,,BI7,,,,bi,,BI0,,,,bi_1,,BI1,,,,bi_2,,BI2,,,,bi_3,,BI3,,,,bi_4,,BI4,,,,bi_5,,BI5,,,,bi_6,,BI6,,,,bi_7,,BI7,,,,bi,,BI0,,,,bi_1,,BI1,,,,bi_2,,BI2,,,,bi_3,,BI3,,,,bi_4,,BI4,,,,bi_5,,BI5,,,,bi_6,,BI6,,,,bi_7,,BI7,,,,bi,,BI0,,,,bi_1,,BI1,,,,bi_2,,BI2,,,,bi_3,,BI3,,,,bi_4,,BI4,,,,bi_5,,BI5,,,,bi_6,,BI6,,,,bi_7,,BI7,,,,bi,,BI0,,,,bi_1,,BI1,,,,bi_2,,BI2,,,,bi_3,,BI3,,,,bi_4,,BI4,,,,bi_5,,BI5,,,,bi_6,,BI6,,,,bi_7,,BI7,,,,bi,,BI0,,,,bi_1,,BI1,,,,bi_2,,BI2,,,,bi_3,,BI3,,,,bi_4,,BI4,,,,bi_5,,BI5,,,,bi_6,,BI6,,,,bi_7,,BI7,,,
r,15,,Tp4_hzg2,Zeitprogramm Heizung 2 Teil 5,,,0622,03be044a,bi,,BI0,,,,bi_1,,BI1,,,,bi_2,,BI2,,,,bi_3,,BI3,,,,bi_4,,BI4,,,,bi_5,,BI5,,,,bi_6,,BI6,,,,bi_7,,BI7,,,,bi,,BI0,,,,bi_1,,BI1,,,,bi_2,,BI2,,,,bi_3,,BI3,,,,bi_4,,BI4,,,,bi_5,,BI5,,,,bi_6,,BI6,,,,bi_7,,BI7,,,,bi,,BI0,,,,bi_1,,BI1,,,,bi_2,,BI2,,,,bi_3,,BI3,,,,bi_4,,BI4,,,,bi_5,,BI5,,,,bi_6,,BI6,,,,bi_7,,BI7,,,,bi,,BI0,,,,bi_1,,BI1,,,,bi_2,,BI2,,,,bi_3,,BI3,,,,bi_4,,BI4,,,,bi_5,,BI5,,,,bi_6,,BI6,,,,bi_7,,BI7,,,,bi,,BI0,,,,bi_1,,BI1,,,,bi_2,,BI2,,,,bi_3,,BI3,,,,bi_4,,BI4,,,,bi_5,,BI5,,,,bi_6,,BI6,,,,bi_7,,BI7,,,,bi,,BI0,,,,bi_1,,BI1,,,,bi_2,,BI2,,,,bi_3,,BI3,,,,bi_4,,BI4,,,,bi_5,,BI5,,,,bi_6,,BI6,,,,bi_7,,BI7,,,,bi,,BI0,,,,bi_1,,BI1,,,,bi_2,,BI2,,,,bi_3,,BI3,,,,bi_4,,BI4,,,,bi_5,,BI5,,,,bi_6,,BI6,,,,bi_7,,BI7,,,,bi,,BI0,,,,bi_1,,BI1,,,,bi_2,,BI2,,,,bi_3,,BI3,,,,bi_4,,BI4,,,,bi_5,,BI5,,,,bi_6,,BI6,,,,bi_7,,BI7,,,,bi,,BI0,,,,bi_1,,BI1,,,,bi_2,,BI2,,,,bi_3,,BI3,,,,bi_4,,BI4,,,,bi_5,,BI5,,,,bi_6,,BI6,,,,bi_7,,BI7,,,,bi,,BI0,,,,bi_1,,BI1,,,,bi_2,,BI2,,,,bi_3,,BI3,,,,bi_4,,BI4,,,,bi_5,,BI5,,,,bi_6,,BI6,,,,bi_7,,BI7,,,
r,15,,Tp5_hzg2,Zeitprogramm Heizung 2 Teil 6,,,0622,03be054a,bi,,BI0,,,,bi_1,,BI1,,,,bi_2,,BI2,,,,bi_3,,BI3,,,,bi_4,,BI4,,,,bi_5,,BI5,,,,bi_6,,BI6,,,,bi_7,,BI7,,,,bi,,BI0,,,,bi_1,,BI1,,,,bi_2,,BI2,,,,bi_3,,BI3,,,,bi_4,,BI4,,,,bi_5,,BI5,,,,bi_6,,BI6,,,,bi_7,,BI7,,,,bi,,BI0,,,,bi_1,,BI1,,,,bi_2,,BI2,,,,bi_3,,BI3,,,,bi_4,,BI4,,,,bi_5,,BI5,,,,bi_6,,BI6,,,,bi_7,,BI7,,,,bi,,BI0,,,,bi_1,,BI1,,,,bi_2,,BI2,,,,bi_3,,BI3,,,,bi_4,,BI4,,,,bi_5,,BI5,,,,bi_6,,BI6,,,,bi_7,,BI7,,,,bi,,BI0,,,,bi_1,,BI1,,,,bi_2,,BI2,,,,bi_3,,BI3,,,,bi_4,,BI4,,,,bi_5,,BI5,,,,bi_6,,BI6,,,,bi_7,,BI7,,,,bi,,BI0,,,,bi_1,,BI1,,,,bi_2,,BI2,,,,bi_3,,BI3,,,,bi_4,,BI4,,,,bi_5,,BI5,,,,bi_6,,BI6,,,,bi_7,,BI7,,,,bi,,BI0,,,,bi_1,,BI1,,,,bi_2,,BI2,,,,bi_3,,BI3,,,,bi_4,,BI4,,,,bi_5,,BI5,,,,bi_6,,BI6,,,,bi_7,,BI7,,,,bi,,BI0,,,,bi_1,,BI1,,,,bi_2,,BI2,,,,bi_3,,BI3,,,,bi_4,,BI4,,,,bi_5,,BI5,,,,bi_6,,BI6,,,,bi_7,,BI7,,,,bi,,BI0,,,,bi_1,,BI1,,,,bi_2,,BI2,,,,bi_3,,BI3,,,,bi_4,,BI4,,,,bi_5,,BI5,,,,bi_6,,BI6,,,,bi_7,,BI7,,,,bi,,BI0,,,,bi_1,,BI1,,,,bi_2,,BI2,,,,bi_3,,BI3,,,,bi_4,,BI4,,,,bi_5,,BI5,,,,bi_6,,BI6,,,,bi_7,,BI7,,,
r,15,,Tp6_hzg2,Zeitprogramm Heizung 2 Teil 7,,,0622,03be064a,bi,,BI0,,,,bi_1,,BI1,,,,bi_2,,BI2,,,,bi_3,,BI3,,,,bi_4,,BI4,,,,bi_5,,BI5,,,,bi_6,,BI6,,,,bi_7,,BI7,,,,bi,,BI0,,,,bi_1,,BI1,,,,bi_2,,BI2,,,,bi_3,,BI3,,,,bi_4,,BI4,,,,bi_5,,BI5,,,,bi_6,,BI6,,,,bi_7,,BI7,,,,bi,,BI0,,,,bi_1,,BI1,,,,bi_2,,BI2,,,,bi_3,,BI3,,,,bi_4,,BI4,,,,bi_5,,BI5,,,,bi_6,,BI6,,,,bi_7,,BI7,,,,bi,,BI0,,,,bi_1,,BI1,,,,bi_2,,BI2,,,,bi_3,,BI3,,,,bi_4,,BI4,,,,bi_5,,BI5,,,,bi_6,,BI6,,,,bi_7,,BI7,,,,bi,,BI0,,,,bi_1,,BI1,,,,bi_2,,BI2,,,,bi_3,,BI3,,,,bi_4,,BI4,,,,bi_5,,BI5,,,,bi_6,,BI6,,,,bi_7,,BI7,,,,bi,,BI0,,,,bi_1,,BI1,,,,bi_2,,BI2,,,,bi_3,,BI3,,,,bi_4,,BI4,,,,bi_5,,BI5,,,,bi_6,,BI6,,,,bi_7,,BI7,,,,bi,,BI0,,,,bi_1,,BI1,,,,bi_2,,BI2,,,,bi_3,,BI3,,,,bi_4,,BI4,,,,bi_5,,BI5,,,,bi_6,,BI6,,,,bi_7,,BI7,,,,bi,,BI0,,,,bi_1,,BI1,,,,bi_2,,BI2,,,,bi_3,,BI3,,,,bi_4,,BI4,,,,bi_5,,BI5,,,,bi_6,,BI6,,,,bi_7,,BI7,,,,bi,,BI0,,,,bi_1,,BI1,,,,bi_2,,BI2,,,,bi_3,,BI3,,,,bi_4,,BI4,,,,bi_5,,BI5,,,,bi_6,,BI6,,,,bi_7,,BI7,,,,bi,,BI0,,,,bi_1,,BI1,,,,bi_2,,BI2,,,,bi_3,,BI3,,,,bi_4,,BI4,,,,bi_5,,BI5,,,,bi_6,,BI6,,,,bi_7,,BI7,,,
r,15,,Tp7_hzg2,Zeitprogramm Heizung 2 Teil 8,,,0622,03be074a,bi,,BI0,,,,bi_1,,BI1,,,,bi_2,,BI2,,,,bi_3,,BI3,,,,bi_4,,BI4,,,,bi_5,,BI5,,,,bi_6,,BI6,,,,bi_7,,BI7,,,,bi,,BI0,,,,bi_1,,BI1,,,,bi_2,,BI2,,,,bi_3,,BI3,,,,bi_4,,BI4,,,,bi_5,,BI5,,,,bi_6,,BI6,,,,bi_7,,BI7,,,,bi,,BI0,,,,bi_1,,BI1,,,,bi_2,,BI2,,,,bi_3,,BI3,,,,bi_4,,BI4,,,,bi_5,,BI5,,,,bi_6,,BI6,,,,bi_7,,BI7,,,,bi,,BI0,,,,bi_1,,BI1,,,,bi_2,,BI2,,,,bi_3,,BI3,,,,bi_4,,BI4,,,,bi_5,,BI5,,,,bi_6,,BI6,,,,bi_7,,BI7,,,,bi,,BI0,,,,bi_1,,BI1,,,,bi_2,,BI2,,,,bi_3,,BI3,,,,bi_4,,BI4,,,,bi_5,,BI5,,,,bi_6,,BI6,,,,bi_7,,BI7,,,,bi,,BI0,,,,bi_1,,BI1,,,,bi_2,,BI2,,,,bi_3,,BI3,,,,bi_4,,BI4,,,,bi_5,,BI5,,,,bi_6,,BI6,,,,bi_7,,BI7,,,,bi,,BI0,,,,bi_1,,BI1,,,,bi_2,,BI2,,,,bi_3,,BI3,,,,bi_4,,BI4,,,,bi_5,,BI5,,,,bi_6,,BI6,,,,bi_7,,BI7,,,,bi,,BI0,,,,bi_1,,BI1,,,,bi_2,,BI2,,,,bi_3,,BI3,,,,bi_4,,BI4,,,,bi_5,,BI5,,,,bi_6,,BI6,,,,bi_7,,BI7,,,,bi,,BI0,,,,bi_1,,BI1,,,,bi_2,,BI2,,,,bi_3,,BI3,,,,bi_4,,BI4,,,,bi_5,,BI5,,,,bi_6,,BI6,,,,bi_7,,BI7,,,,bi,,BI0,,,,bi_1,,BI1,,,,bi_2,,BI2,,,,bi_3,,BI3,,,,bi_4,,BI4,,,,bi_5,,BI5,,,,bi_6,,BI6,,,,bi_7,,BI7,,,
r,15,,Tp8_hzg2,Zeitprogramm Heizung 2 Teil 9,,,0622,03be084a,bi,,BI0,,,,bi_1,,BI1,,,,bi_2,,BI2,,,,bi_3,,BI3,,,,bi_4,,BI4,,,,bi_5,,BI5,,,,bi_6,,BI6,,,,bi_7,,BI7,,,,bi,,BI0,,,,bi_1,,BI1,,,,bi_2,,BI2,,,,bi_3,,BI3,,,,bi_4,,BI4,,,,bi_5,,BI5,,,,bi_6,,BI6,,,,bi_7,,BI7,,,,bi,,BI0,,,,bi_1,,BI1,,,,bi_2,,BI2,,,,bi_3,,BI3,,,,bi_4,,BI4,,,,bi_5,,BI5,,,,bi_6,,BI6,,,,bi_7,,BI7,,,,bi,,BI0,,,,bi_1,,BI1,,,,bi_2,,BI2,,,,bi_3,,BI3,,,,bi_4,,BI4,,,,bi_5,,BI5,,,,bi_6,,BI6,,,,bi_7,,BI7,,,,bi,,BI0,,,,bi_1,,BI1,,,,bi_2,,BI2,,,,bi_3,,BI3,,,,bi_4,,BI4,,,,bi_5,,BI5,,,,bi_6,,BI6,,,,bi_7,,BI7,,,,bi,,BI0,,,,bi_1,,BI1,,,,bi_2,,BI2,,,,bi_3,,BI3,,,,bi_4,,BI4,,,,bi_5,,BI5,,,,bi_6,,BI6,,,,bi_7,,BI7,,,,bi,,BI0,,,,bi_1,,BI1,,,,bi_2,,BI2,,,,bi_3,,BI3,,,,bi_4,,BI4,,,,bi_5,,BI5,,,,bi_6,,BI6,,,,bi_7,,BI7,,,,bi,,BI0,,,,bi_1,,BI1,,,,bi_2,,BI2,,,,bi_3,,BI3,,,,bi_4,,BI4,,,,bi_5,,BI5,,,,bi_6,,BI6,,,,bi_7,,BI7,,,,bi,,BI0,,,,bi_1,,BI1,,,,bi_2,,BI2,,,,bi_3,,BI3,,,,bi_4,,BI4,,,,bi_5,,BI5,,,,bi_6,,BI6,,,,bi_7,,BI7,,,,bi,,BI0,,,,bi_1,,BI1,,,,bi_2,,BI2,,,,bi_3,,BI3,,,,bi_4,,BI4,,,,bi_5,,BI5,,,,bi_6,,BI6,,,,bi_7,,BI7,,,
r,15,,Tp9_hzg2,Zeitprogramm Heizung 2 Teil 10,,,0622,03be094a,bi,,BI0,,,,bi_1,,BI1,,,,bi_2,,BI2,,,,bi_3,,BI3,,,,bi_4,,BI4,,,,bi_5,,BI5,,,,bi_6,,BI6,,,,bi_7,,BI7,,,,bi,,BI0,,,,bi_1,,BI1,,,,bi_2,,BI2,,,,bi_3,,BI3,,,,bi_4,,BI4,,,,bi_5,,BI5,,,,bi_6,,BI6,,,,bi_7,,BI7,,,,bi,,BI0,,,,bi_1,,BI1,,,,bi_2,,BI2,,,,bi_3,,BI3,,,,bi_4,,BI4,,,,bi_5,,BI5,,,,bi_6,,BI6,,,,bi_7,,BI7,,,,bi,,BI0,,,,bi_1,,BI1,,,,bi_2,,BI2,,,,bi_3,,BI3,,,,bi_4,,BI4,,,,bi_5,,BI5,,,,bi_6,,BI6,,,,bi_7,,BI7,,,
r,15,,Tp0_hzg3,Zeitprogramm Heizung 3 Teil 1,,,0622,03bf004a,uch,,UCH,,,,uch_1,,UCH,,,,uch_2,,UCH,,,,uch_3,,UCH,,,,uch_4,,UCH,,,,uch_5,,UCH,,,,uch_6,,UCH,,,,uch_7,,UCH,,,,uch_8,,UCH,,,,ign,,IGN:1,,,
r,15,,Tp1_hzg3,Zeitprogramm Heizung 3 Teil 2,,,0622,03bf014a,bi,,BI0,,,,bi_1,,BI1,,,,bi_2,,BI2,,,,bi_3,,BI3,,,,bi_4,,BI4,,,,bi_5,,BI5,,,,bi_6,,BI6,,,,bi_7,,BI7,,,,bi,,BI0,,,,bi_1,,BI1,,,,bi_2,,BI2,,,,bi_3,,BI3,,,,bi_4,,BI4,,,,bi_5,,BI5,,,,bi_6,,BI6,,,,bi_7,,BI7,,,,bi,,BI0,,,,bi_1,,BI1,,,,bi_2,,BI2,,,,bi_3,,BI3,,,,bi_4,,BI4,,,,bi_5,,BI5,,,,bi_6,,BI6,,,,bi_7,,BI7,,,,bi,,BI0,,,,bi_1,,BI1,,,,bi_2,,BI2,,,,bi_3,,BI3,,,,bi_4,,BI4,,,,bi_5,,BI5,,,,bi_6,,BI6,,,,bi_7,,BI7,,,,bi,,BI0,,,,bi_1,,BI1,,,,bi_2,,BI2,,,,bi_3,,BI3,,,,bi_4,,BI4,,,,bi_5,,BI5,,,,bi_6,,BI6,,,,bi_7,,BI7,,,,bi,,BI0,,,,bi_1,,BI1,,,,bi_2,,BI2,,,,bi_3,,BI3,,,,bi_4,,BI4,,,,bi_5,,BI5,,,,bi_6,,BI6,,,,bi_7,,BI7,,,,bi,,BI0,,,,bi_1,,BI1,,,,bi_2,,BI2,,,,bi_3,,BI3,,,,bi_4,,BI4,,,,bi_5,,BI5,,,,bi_6,,BI6,,,,bi_7,,BI7,,,,bi,,BI0,,,,bi_1,,BI1,,,,bi_2,,BI2,,,,bi_3,,BI3,,,,bi_4,,BI4,,,,bi_5,,BI5,,,,bi_6,,BI6,,,,bi_7,,BI7,,,,bi,,BI0,,,,bi_1,,BI1,,,,bi_2,,BI2,,,,bi_3,,BI3,,,,bi_4,,BI4,,,,bi_5,,BI5,,,,bi_6,,BI6,,,,bi_7,,BI7,,,,bi,,BI0,,,,bi_1,,BI1,,,,bi_2,,BI2,,,,bi_3,,BI3,,,,bi_4,,BI4,,,,bi_5,,BI5,,,,bi_6,,BI6,,,,bi_7,,BI7,,,
r,15,,Tp2_hzg3,Zeitprogramm Heizung 3 Teil 3,,,0622,03bf024a,bi,,BI0,,,,bi_1,,BI1,,,,bi_2,,BI2,,,,bi_3,,BI3,,,,bi_4,,BI4,,,,bi_5,,BI5,,,,bi_6,,BI6,,,,bi_7,,BI7,,,,bi,,BI0,,,,bi_1,,BI1,,,,bi_2,,BI2,,,,bi_3,,BI3,,,,bi_4,,BI4,,,,bi_5,,BI5,,,,bi_6,,BI6,,,,bi_7,,BI7,,,,bi,,BI0,,,,bi_1,,BI1,,,,bi_2,,BI2,,,,bi_3,,BI3,,,,bi_4,,BI4,,,,bi_5,,BI5,,,,bi_6,,BI6,,,,bi_7,,BI7,,,,bi,,BI0,,,,bi_1,,BI1,,,,bi_2,,BI2,,,,bi_3,,BI3,,,,bi_4,,BI4,,,,bi_5,,BI5,,,,bi_6,,BI6,,,,bi_7,,BI7,,,,bi,,BI0,,,,bi_1,,BI1,,,,bi_2,,BI2,,,,bi_3,,BI3,,,,bi_4,,BI4,,,,bi_5,,BI5,,,,bi_6,,BI6,,,,bi_7,,BI7,,,,bi,,BI0,,,,bi_1,,BI1,,,,bi_2,,BI2,,,,bi_3,,BI3,,,,bi_4,,BI4,,,,bi_5,,BI5,,,,bi_6,,BI6,,,,bi_7,,BI7,,,,bi,,BI0,,,,bi_1,,BI1,,,,bi_2,,BI2,,,,bi_3,,BI3,,,,bi_4,,BI4,,,,bi_5,,BI5,,,,bi_6,,BI6,,,,bi_7,,BI7,,,,bi,,BI0,,,,bi_1,,BI1,,,,bi_2,,BI2,,,,bi_3,,BI3,,,,bi_4,,BI4,,,,bi_5,,BI5,,,,bi_6,,BI6,,,,bi_7,,BI7,,,,bi,,BI0,,,,bi_1,,BI1,,,,bi_2,,BI2,,,,bi_3,,BI3,,,,bi_4,,BI4,,,,bi_5,,BI5,,,,bi_6,,BI6,,,,bi_7,,BI7,,,,bi,,BI0,,,,bi_1,,BI1,,,,bi_2,,BI2,,,,bi_3,,BI3,,,,bi_4,,BI4,,,,bi_5,,BI5,,,,bi_6,,BI6,,,,bi_7,,BI7,,,
r,15,,Tp3_hzg3,Zeitprogramm Heizung 3 Teil 4,,,0622,03bf034a,bi,,BI0,,,,bi_1,,BI1,,,,bi_2,,BI2,,,,bi_3,,BI3,,,,bi_4,,BI4,,,,bi_5,,BI5,,,,bi_6,,BI6,,,,bi_7,,BI7,,,,bi,,BI0,,,,bi_1,,BI1,,,,bi_2,,BI2,,,,bi_3,,BI3,,,,bi_4,,BI4,,,,bi_5,,BI5,,,,bi_6,,BI6,,,,bi_7,,BI7,,,,bi,,BI0,,,,bi_1,,BI1,,,,bi_2,,BI2,,,,bi_3,,BI3,,,,bi_4,,BI4,,,,bi_5,,BI5,,,,bi_6,,BI6,,,,bi_7,,BI7,,,,bi,,BI0,,,,bi_1,,BI1,,,,bi_2,,BI2,,,,bi_3,,BI3,,,,bi_4,,BI4,,,,bi_5,,BI5,,,,bi_6,,BI6,,,,bi_7,,BI7,,,,bi,,BI0,,,,bi_1,,BI1,,,,bi_2,,BI2,,,,bi_3,,BI3,,,,bi_4,,BI4,,,,bi_5,,BI5,,,,bi_6,,BI6,,,,bi_7,,BI7,,,,bi,,BI0,,,,bi_1,,BI1,,,,bi_2,,BI2,,,,bi_3,,BI3,,,,bi_4,,BI4,,,,bi_5,,BI5,,,,bi_6,,BI6,,,,bi_7,,BI7,,,,bi,,BI0,,,,bi_1,,BI1,,,,bi_2,,BI2,,,,bi_3,,BI3,,,,bi_4,,BI4,,,,bi_5,,BI5,,,,bi_6,,BI6,,,,bi_7,,BI7,,,,bi,,BI0,,,,bi_1,,BI1,,,,bi_2,,BI2,,,,bi_3,,BI3,,,,bi_4,,BI4,,,,bi_5,,BI5,,,,bi_6,,BI6,,,,bi_7,,BI7,,,,bi,,BI0,,,,bi_1,,BI1,,,,bi_2,,BI2,,,,bi_3,,BI3,,,,bi_4,,BI4,,,,bi_5,,BI5,,,,bi_6,,BI6,,,,bi_7,,BI7,,,,bi,,BI0,,,,bi_1,,BI1,,,,bi_2,,BI2,,,,bi_3,,BI3,,,,bi_4,,BI4,,,,bi_5,,BI5,,,,bi_6,,BI6,,,,bi_7,,BI7,,,
r,15,,Tp4_hzg3,Zeitprogramm Heizung 3 Teil 5,,,0622,03bf044a,bi,,BI0,,,,bi_1,,BI1,,,,bi_2,,BI2,,,,bi_3,,BI3,,,,bi_4,,BI4,,,,bi_5,,BI5,,,,bi_6,,BI6,,,,bi_7,,BI7,,,,bi,,BI0,,,,bi_1,,BI1,,,,bi_2,,BI2,,,,bi_3,,BI3,,,,bi_4,,BI4,,,,bi_5,,BI5,,,,bi_6,,BI6,,,,bi_7,,BI7,,,,bi,,BI0,,,,bi_1,,BI1,,,,bi_2,,BI2,,,,bi_3,,BI3,,,,bi_4,,BI4,,,,bi_5,,BI5,,,,bi_6,,BI6,,,,bi_7,,BI7,,,,bi,,BI0,,,,bi_1,,BI1,,,,bi_2,,BI2,,,,bi_3,,BI3,,,,bi_4,,BI4,,,,bi_5,,BI5,,,,bi_6,,BI6,,,,bi_7,,BI7,,,,bi,,BI0,,,,bi_1,,BI1,,,,bi_2,,BI2,,,,bi_3,,BI3,,,,bi_4,,BI4,,,,bi_5,,BI5,,,,bi_6,,BI6,,,,bi_7,,BI7,,,,bi,,BI0,,,,bi_1,,BI1,,,,bi_2,,BI2,,,,bi_3,,BI3,,,,bi_4,,BI4,,,,bi_5,,BI5,,,,bi_6,,BI6,,,,bi_7,,BI7,,,,bi,,BI0,,,,bi_1,,BI1,,,,bi_2,,BI2,,,,bi_3,,BI3,,,,bi_4,,BI4,,,,bi_5,,BI5,,,,bi_6,,BI6,,,,bi_7,,BI7,,,,bi,,BI0,,,,bi_1,,BI1,,,,bi_2,,BI2,,,,bi_3,,BI3,,,,bi_4,,BI4,,,,bi_5,,BI5,,,,bi_6,,BI6,,,,bi_7,,BI7,,,,bi,,BI0,,,,bi_1,,BI1,,,,bi_2,,BI2,,,,bi_3,,BI3,,,,bi_4,,BI4,,,,bi_5,,BI5,,,,bi_6,,BI6,,,,bi_7,,BI7,,,,bi,,BI0,,,,bi_1,,BI1,,,,bi_2,,BI2,,,,bi_3,,BI3,,,,bi_4,,BI4,,,,bi_5,,BI5,,,,bi_6,,BI6,,,,bi_7,,BI7,,,
r,15,,Tp5_hzg3,Zeitprogramm Heizung 3 Teil 6,,,0622,03bf054a,bi,,BI0,,,,bi_1,,BI1,,,,bi_2,,BI2,,,,bi_3,,BI3,,,,bi_4,,BI4,,,,bi_5,,BI5,,,,bi_6,,BI6,,,,bi_7,,BI7,,,,bi,,BI0,,,,bi_1,,BI1,,,,bi_2,,BI2,,,,bi_3,,BI3,,,,bi_4,,BI4,,,,bi_5,,BI5,,,,bi_6,,BI6,,,,bi_7,,BI7,,,,bi,,BI0,,,,bi_1,,BI1,,,,bi_2,,BI2,,,,bi_3,,BI3,,,,bi_4,,BI4,,,,bi_5,,BI5,,,,bi_6,,BI6,,,,bi_7,,BI7,,,,bi,,BI0,,,,bi_1,,BI1,,,,bi_2,,BI2,,,,bi_3,,BI3,,,,bi_4,,BI4,,,,bi_5,,BI5,,,,bi_6,,BI6,,,,bi_7,,BI7,,,,bi,,BI0,,,,bi_1,,BI1,,,,bi_2,,BI2,,,,bi_3,,BI3,,,,bi_4,,BI4,,,,bi_5,,BI5,,,,bi_6,,BI6,,,,bi_7,,BI7,,,,bi,,BI0,,,,bi_1,,BI1,,,,bi_2,,BI2,,,,bi_3,,BI3,,,,bi_4,,BI4,,,,bi_5,,BI5,,,,bi_6,,BI6,,,,bi_7,,BI7,,,,bi,,BI0,,,,bi_1,,BI1,,,,bi_2,,BI2,,,,bi_3,,BI3,,,,bi_4,,BI4,,,,bi_5,,BI5,,,,bi_6,,BI6,,,,bi_7,,BI7,,,,bi,,BI0,,,,bi_1,,BI1,,,,bi_2,,BI2,,,,bi_3,,BI3,,,,bi_4,,BI4,,,,bi_5,,BI5,,,,bi_6,,BI6,,,,bi_7,,BI7,,,,bi,,BI0,,,,bi_1,,BI1,,,,bi_2,,BI2,,,,bi_3,,BI3,,,,bi_4,,BI4,,,,bi_5,,BI5,,,,bi_6,,BI6,,,,bi_7,,BI7,,,,bi,,BI0,,,,bi_1,,BI1,,,,bi_2,,BI2,,,,bi_3,,BI3,,,,bi_4,,BI4,,,,bi_5,,BI5,,,,bi_6,,BI6,,,,bi_7,,BI7,,,
r,15,,Tp6_hzg3,Zeitprogramm Heizung 3 Teil 7,,,0622,03bf064a,bi,,BI0,,,,bi_1,,BI1,,,,bi_2,,BI2,,,,bi_3,,BI3,,,,bi_4,,BI4,,,,bi_5,,BI5,,,,bi_6,,BI6,,,,bi_7,,BI7,,,,bi,,BI0,,,,bi_1,,BI1,,,,bi_2,,BI2,,,,bi_3,,BI3,,,,bi_4,,BI4,,,,bi_5,,BI5,,,,bi_6,,BI6,,,,bi_7,,BI7,,,,bi,,BI0,,,,bi_1,,BI1,,,,bi_2,,BI2,,,,bi_3,,BI3,,,,bi_4,,BI4,,,,bi_5,,BI5,,,,bi_6,,BI6,,,,bi_7,,BI7,,,,bi,,BI0,,,,bi_1,,BI1,,,,bi_2,,BI2,,,,bi_3,,BI3,,,,bi_4,,BI4,,,,bi_5,,BI5,,,,bi_6,,BI6,,,,bi_7,,BI7,,,,bi,,BI0,,,,bi_1,,BI1,,,,bi_2,,BI2,,,,bi_3,,BI3,,,,bi_4,,BI4,,,,bi_5,,BI5,,,,bi_6,,BI6,,,,bi_7,,BI7,,,,bi,,BI0,,,,bi_1,,BI1,,,,bi_2,,BI2,,,,bi_3,,BI3,,,,bi_4,,BI4,,,,bi_5,,BI5,,,,bi_6,,BI6,,,,bi_7,,BI7,,,,bi,,BI0,,,,bi_1,,BI1,,,,bi_2,,BI2,,,,bi_3,,BI3,,,,bi_4,,BI4,,,,bi_5,,BI5,,,,bi_6,,BI6,,,,bi_7,,BI7,,,,bi,,BI0,,,,bi_1,,BI1,,,,bi_2,,BI2,,,,bi_3,,BI3,,,,bi_4,,BI4,,,,bi_5,,BI5,,,,bi_6,,BI6,,,,bi_7,,BI7,,,,bi,,BI0,,,,bi_1,,BI1,,,,bi_2,,BI2,,,,bi_3,,BI3,,,,bi_4,,BI4,,,,bi_5,,BI5,,,,bi_6,,BI6,,,,bi_7,,BI7,,,,bi,,BI0,,,,bi_1,,BI1,,,,bi_2,,BI2,,,,bi_3,,BI3,,,,bi_4,,BI4,,,,bi_5,,BI5,,,,bi_6,,BI6,,,,bi_7,,BI7,,,
r,15,,Tp7_hzg3,Zeitprogramm Heizung 3 Teil 8,,,0622,03bf074a,bi,,BI0,,,,bi_1,,BI1,,,,bi_2,,BI2,,,,bi_3,,BI3,,,,bi_4,,BI4,,,,bi_5,,BI5,,,,bi_6,,BI6,,,,bi_7,,BI7,,,,bi,,BI0,,,,bi_1,,BI1,,,,bi_2,,BI2,,,,bi_3,,BI3,,,,bi_4,,BI4,,,,bi_5,,BI5,,,,bi_6,,BI6,,,,bi_7,,BI7,,,,bi,,BI0,,,,bi_1,,BI1,,,,bi_2,,BI2,,,,bi_3,,BI3,,,,bi_4,,BI4,,,,bi_5,,BI5,,,,bi_6,,BI6,,,,bi_7,,BI7,,,,bi,,BI0,,,,bi_1,,BI1,,,,bi_2,,BI2,,,,bi_3,,BI3,,,,bi_4,,BI4,,,,bi_5,,BI5,,,,bi_6,,BI6,,,,bi_7,,BI7,,,,bi,,BI0,,,,bi_1,,BI1,,,,bi_2,,BI2,,,,bi_3,,BI3,,,,bi_4,,BI4,,,,bi_5,,BI5,,,,bi_6,,BI6,,,,bi_7,,BI7,,,,bi,,BI0,,,,bi_1,,BI1,,,,bi_2,,BI2,,,,bi_3,,BI3,,,,bi_4,,BI4,,,,bi_5,,BI5,,,,bi_6,,BI6,,,,bi_7,,BI7,,,,bi,,BI0,,,,bi_1,,BI1,,,,bi_2,,BI2,,,,bi_3,,BI3,,,,bi_4,,BI4,,,,bi_5,,BI5,,,,bi_6,,BI6,,,,bi_7,,BI7,,,,bi,,BI0,,,,bi_1,,BI1,,,,bi_2,,BI2,,,,bi_3,,BI3,,,,bi_4,,BI4,,,,bi_5,,BI5,,,,bi_6,,BI6,,,,bi_7,,BI7,,,,bi,,BI0,,,,bi_1,,BI1,,,,bi_2,,BI2,,,,bi_3,,BI3,,,,bi_4,,BI4,,,,bi_5,,BI5,,,,bi_6,,BI6,,,,bi_7,,BI7,,,,bi,,BI0,,,,bi_1,,BI1,,,,bi_2,,BI2,,,,bi_3,,BI3,,,,bi_4,,BI4,,,,bi_5,,BI5,,,,bi_6,,BI6,,,,bi_7,,BI7,,,
r,15,,Tp8_hzg3,Zeitprogramm Heizung 3 Teil 9,,,0622,03bf084a,bi,,BI0,,,,bi_1,,BI1,,,,bi_2,,BI2,,,,bi_3,,BI3,,,,bi_4,,BI4,,,,bi_5,,BI5,,,,bi_6,,BI6,,,,bi_7,,BI7,,,,bi,,BI0,,,,bi_1,,BI1,,,,bi_2,,BI2,,,,bi_3,,BI3,,,,bi_4,,BI4,,,,bi_5,,BI5,,,,bi_6,,BI6,,,,bi_7,,BI7,,,,bi,,BI0,,,,bi_1,,BI1,,,,bi_2,,BI2,,,,bi_3,,BI3,,,,bi_4,,BI4,,,,bi_5,,BI5,,,,bi_6,,BI6,,,,bi_7,,BI7,,,,bi,,BI0,,,,bi_1,,BI1,,,,bi_2,,BI2,,,,bi_3,,BI3,,,,bi_4,,BI4,,,,bi_5,,BI5,,,,bi_6,,BI6,,,,bi_7,,BI7,,,,bi,,BI0,,,,bi_1,,BI1,,,,bi_2,,BI2,,,,bi_3,,BI3,,,,bi_4,,BI4,,,,bi_5,,BI5,,,,bi_6,,BI6,,,,bi_7,,BI7,,,,bi,,BI0,,,,bi_1,,BI1,,,,bi_2,,BI2,,,,bi_3,,BI3,,,,bi_4,,BI4,,,,bi_5,,BI5,,,,bi_6,,BI6,,,,bi_7,,BI7,,,,bi,,BI0,,,,bi_1,,BI1,,,,bi_2,,BI2,,,,bi_3,,BI3,,,,bi_4,,BI4,,,,bi_5,,BI5,,,,bi_6,,BI6,,,,bi_7,,BI7,,,,bi,,BI0,,,,bi_1,,BI1,,,,bi_2,,BI2,,,,bi_3,,BI3,,,,bi_4,,BI4,,,,bi_5,,BI5,,,,bi_6,,BI6,,,,bi_7,,BI7,,,,bi,,BI0,,,,bi_1,,BI1,,,,bi_2,,BI2,,,,bi_3,,BI3,,,,bi_4,,BI4,,,,bi_5,,BI5,,,,bi_6,,BI6,,,,bi_7,,BI7,,,,bi,,BI0,,,,bi_1,,BI1,,,,bi_2,,BI2,,,,bi_3,,BI3,,,,bi_4,,BI4,,,,bi_5,,BI5,,,,bi_6,,BI6,,,,bi_7,,BI7,,,
r,15,,Tp9_hzg3,Zeitprogramm Heizung 3 Teil 10,,,0622,03bf094a,bi,,BI0,,,,bi_1,,BI1,,,,bi_2,,BI2,,,,bi_3,,BI3,,,,bi_4,,BI4,,,,bi_5,,BI5,,,,bi_6,,BI6,,,,bi_7,,BI7,,,,bi,,BI0,,,,bi_1,,BI1,,,,bi_2,,BI2,,,,bi_3,,BI3,,,,bi_4,,BI4,,,,bi_5,,BI5,,,,bi_6,,BI6,,,,bi_7,,BI7,,,,bi,,BI0,,,,bi_1,,BI1,,,,bi_2,,BI2,,,,bi_3,,BI3,,,,bi_4,,BI4,,,,bi_5,,BI5,,,,bi_6,,BI6,,,,bi_7,,BI7,,,,bi,,BI0,,,,bi_1,,BI1,,,,bi_2,,BI2,,,,bi_3,,BI3,,,,bi_4,,BI4,,,,bi_5,,BI5,,,,bi_6,,BI6,,,,bi_7,,BI7,,,
r,15,,Tp_hzg1,Zeitprogramm Heizung 1,,,0622,03bd004a;03bd014a;03bd024a;03bd034a;03bd044a;03bd054a;03bd064a;03bd074a;03bd084a;03bd094a,uch,,UCH,,,,uch_1,,UCH,,,,uch_2,,UCH,,,,uch_3,,UCH,,,,uch_4,,UCH,,,,uch_5,,UCH,,,,uch_6,,UCH,,,,uch_7,,UCH,,,,uch_8,,UCH,,,,ign,,IGN:1,,,,bi,,BI0,,,,bi_1,,BI1,,,,bi_2,,BI2,,,,bi_3,,BI3,,,,bi_4,,BI4,,,,bi_5,,BI5,,,,bi_6,,BI6,,,,bi_7,,BI7,,,,bi,,BI0,,,,bi_1,,BI1,,,,bi_2,,BI2,,,,bi_3,,BI3,,,,bi_4,,BI4,,,,bi_5,,BI5,,,,bi_6,,BI6,,,,bi_7,,BI7,,,,bi,,BI0,,,,bi_1,,BI1,,,,bi_2,,BI2,,,,bi_3,,BI3,,,,bi_4,,BI4,,,,bi_5,,BI5,,,,bi_6,,BI6,,,,bi_7,,BI7,,,,bi,,BI0,,,,bi_1,,BI1,,,,bi_2,,BI2,,,,bi_3,,BI3,,,,bi_4,,BI4,,,,bi_5,,BI5,,,,bi_6,,BI6,,,,bi_7,,BI7,,,,bi,,BI0,,,,bi_1,,BI1,,,,bi_2,,BI2,,,,bi_3,,BI3,,,,bi_4,,BI4,,,,bi_5,,BI5,,,,bi_6,,BI6,,,,bi_7,,BI7,,,,bi,,BI0,,,,bi_1,,BI1,,,,bi_2,,BI2,,,,bi_3,,BI3,,,,bi_4,,BI4,,,,bi_5,,BI5,,,,bi_6,,BI6,,,,bi_7,,BI7,,,,bi,,BI0,,,,bi_1,,BI1,,,,bi_2,,BI2,,,,bi_3,,BI3,,,,bi_4,,BI4,,,,bi_5,,BI5,,,,bi_6,,BI6,,,,bi_7,,BI7,,,,bi,,BI0,,,,bi_1,,BI1,,,,bi_2,,BI2,,,,bi_3,,BI3,,,,bi_4,,BI4,,,,bi_5,,BI5,,,,bi_6,,BI6,,,,bi_7,,BI7,,,,bi,,BI0,,,,bi_1,,BI1,,,,bi_2,,BI2,,,,bi_3,,BI3,,,,bi_4,,BI4,,,,bi_5,,BI5,,,,bi_6,,BI6,,,,bi_7,,BI7,,,,bi,,BI0,,,,bi_1,,BI1,,,,bi_2,,BI2,,,,bi_3,,BI3,,,,bi_4,,BI4,,,,bi_5,,BI5,,,,bi_6,,BI6,,,,bi_7,,BI7,,,,bi,,BI0,,,,bi_1,,BI1,,,,bi_2,,BI2,,,,bi_3,,BI3,,,,bi_4,,BI4,,,,bi_5,,BI5,,,,bi_6,,BI6,,,,bi_7,,BI7,,,,bi,,BI0,,,,bi_1,,BI1,,,,bi_2,,BI2,,,,bi_3,,BI3,,,,bi_4,,BI4,,,,bi_5,,BI5,,,,bi_6,,BI6,,,,bi_7,,BI7,,,,bi,,BI0,,,,bi_1,,BI1,,,,bi_2,,BI2,,,,bi_3,,BI3,,,,bi_4,,BI4,,,,bi_5,,BI5,,,,bi_6,,BI6,,,,bi_7,,BI7,,,,bi,,BI0,,,,bi_1,,BI1,,,,bi_2,,BI2,,,,bi_3,,BI3,,,,bi_4,,BI4,,,,bi_5,,BI5,,,,bi_6,,BI6,,,,bi_7,,BI7,,,,bi,,BI0,,,,bi_1,,BI1,,,,bi_2,,BI2,,,,bi_3,,BI3,,,,bi_4,,BI4,,,,bi_5,,BI5,,,,bi_6,,BI6,,,,bi_7,,BI7,,,,bi,,BI0,,,,bi_1,,BI1,,,,bi_2,,BI2,,,,bi_3,,BI3,,,,bi_4,,BI4,,,,bi_5,,BI5,,,,bi_6,,BI6,,,,bi_7,,BI7,,,,bi,,BI0,,,,bi_1,,BI1,,,,bi_2,,BI2,,,,bi_3,,BI3,,,,bi_4,,BI4,,,,bi_5,,BI5,,,,bi_6,,BI6,,,,bi_7,,BI7,,,,bi,,BI0,,,,bi_1,,BI1,,,,bi_2,,BI2,,,,bi_3,,BI3,,,,bi_4,,BI4,,,,bi_5,,BI5,,,,bi_6,,BI6,,,,bi_7,,BI7,,,,bi,,BI0,,,,bi_1,,BI1,,,,bi_2,,BI2,,,,bi_3,,BI3,,,,bi_4,,BI4,,,,bi_5,,BI5,,,,bi_6,,BI6,,,,bi_7,,BI7,,,,bi,,BI0,,,,bi_1,,BI1,,,,bi_2,,BI2,,,,bi_3,,BI3,,,,bi_4,,BI4,,,,bi_5,,BI5,,,,bi_6,,BI6,,,,bi_7,,BI7,,,,bi,,BI0,,,,bi_1,,BI1,,,,bi_2,,BI2,,,,bi_3,,BI3,,,,bi_4,,BI4,,,,bi_5,,BI5,,,,bi_6,,BI6,,,,bi_7,,BI7,,,,bi,,BI0,,,,bi_1,,BI1,,,,bi_2,,BI2,,,,bi_3,,BI3,,,,bi_4,,BI4,,,,bi_5,,BI5,,,,bi_6,,BI6,,,,bi_7,,BI7,,,,bi,,BI0,,,,bi_1,,BI1,,,,bi_2,,BI2,,,,bi_3,,BI3,,,,bi_4,,BI4,,,,bi_5,,BI5,,,,bi_6,,BI6,,,,bi_7,,BI7,,,,bi,,BI0,,,,bi_1,,BI1,,,,bi_2,,BI2,,,,bi_3,,BI3,,,,bi_4,,BI4,,,,bi_5,,BI5,,,,bi_6,,BI6,,,,bi_7,,BI7,,,,bi,,BI0,,,,bi_1,,BI1,,,,bi_2,,BI2,,,,bi_3,,BI3,,,,bi_4,,BI4,,,,bi_5,,BI5,,,,bi_6,,BI6,,,,bi_7,,BI7,,,,bi,,BI0,,,,bi_1,,BI1,,,,bi_2,,BI2,,,,bi_3,,BI3,,,,bi_4,,BI4,,,,bi_5,,BI5,,,,bi_6,,BI6,,,,bi_7,,BI7,,,,bi,,BI0,,,,bi_1,,BI1,,,,bi_2,,BI2,,,,bi_3,,BI3,,,,bi_4,,BI4,,,,bi_5,,BI5,,,,bi_6,,BI6,,,,bi_7,,BI7,,,,bi,,BI0,,,,bi_1,,BI1,,,,bi_2,,BI2,,,,bi_3,,BI3,,,,bi_4,,BI4,,,,bi_5,,BI5,,,,bi_6,,BI6,,,,bi_7,,BI7,,,,bi,,BI0,,,,bi_1,,BI1,,,,bi_2,,BI2,,,,bi_3,,BI3,,,,bi_4,,BI4,,,,bi_5,,BI5,,,,bi_6,,BI6,,,,bi_7,,BI7,,,,bi,,BI0,,,,bi_1,,BI1,,,,bi_2,,BI2,,,,bi_3,,BI3,,,,bi_4,,BI4,,,,bi_5,,BI5,,,,bi_6,,BI6,,,,bi_7,,BI7,,,,bi,,BI0,,,,bi_1,,BI1,,,,bi_2,,BI2,,,,bi_3,,BI3,,,,bi_4,,BI4,,,,bi_5,,BI5,,,,bi_6,,BI6,,,,bi_7,,BI7,,,,bi,,BI0,,,,bi_1,,BI1,,,,bi_2,,BI2,,,,bi_3,,BI3,,,,bi_4,,BI4,,,,bi_5,,BI5,,,,bi_6,,BI6,,,,bi_7,,BI7,,,,bi,,BI0,,,,bi_1,,BI1,,,,bi_2,,BI2,,,,bi_3,,BI3,,,,bi_4,,BI4,,,,bi_5,,BI5,,,,bi_6,,BI6,,,,bi_7,,BI7,,,,bi,,BI0,,,,bi_1,,BI1,,,,bi_2,,BI2,,,,bi_3,,BI3,,,,bi_4,,BI4,,,,bi_5,,BI5,,,,bi_6,,BI6,,,,bi_7,,BI7,,,,bi,,BI0,,,,bi_1,,BI1,,,,bi_2,,BI2,,,,bi_3,,BI3,,,,bi_4,,BI4,,,,bi_5,,BI5,,,,bi_6,,BI6,,,,bi_7,,BI7,,,,bi,,BI0,,,,bi_1,,BI1,,,,bi_2,,BI2,,,,bi_3,,BI3,,,,bi_4,,BI4,,,,bi_5,,BI5,,,,bi_6,,BI6,,,,bi_7,,BI7,,,,bi,,BI0,,,,bi_1,,BI1,,,,bi_2,,BI2,,,,bi_3,,BI3,,,,bi_4,,BI4,,,,bi_5,,BI5,,,,bi_6,,BI6,,,,bi_7,,BI7,,,,bi,,BI0,,,,bi_1,,BI1,,,,bi_2,,BI2,,,,bi_3,,BI3,,,,bi_4,,BI4,,,,bi_5,,BI5,,,,bi_6,,BI6,,,,bi_7,,BI7,,,,bi,,BI0,,,,bi_1,,BI1,,,,bi_2,,BI2,,,,bi_3,,BI3,,,,bi_4,,BI4,,,,bi_5,,BI5,,,,bi_6,,BI6,,,,bi_7,,BI7,,,,bi,,BI0,,,,bi_1,,BI1,,,,bi_2,,BI2,,,,bi_3,,BI3,,,,bi_4,,BI4,,,,bi_5,,BI5,,,,bi_6,,BI6,,,,bi_7,,BI7,,,,bi,,BI0,,,,bi_1,,BI1,,,,bi_2,,BI2,,,,bi_3,,BI3,,,,bi_4,,BI4,,,,bi_5,,BI5,,,,bi_6,,BI6,,,,bi_7,,BI7,,,,bi,,BI0,,,,bi_1,,BI1,,,,bi_2,,BI2,,,,bi_3,,BI3,,,,bi_4,,BI4,,,,bi_5,,BI5,,,,bi_6,,BI6,,,,bi_7,,BI7,,,,bi,,BI0,,,,bi_1,,BI1,,,,bi_2,,BI2,,,,bi_3,,BI3,,,,bi_4,,BI4,,,,bi_5,,BI5,,,,bi_6,,BI6,,,,bi_7,,BI7,,,,bi,,BI0,,,,bi_1,,BI1,,,,bi_2,,BI2,,,,bi_3,,BI3,,,,bi_4,,BI4,,,,bi_5,,BI5,,,,bi_6,,BI6,,,,bi_7,,BI7,,,,bi,,BI0,,,,bi_1,,BI1,,,,bi_2,,BI2,,,,bi_3,,BI3,,,,bi_4,,BI4,,,,bi_5,,BI5,,,,bi_6,,BI6,,,,bi_7,,BI7,,,,bi,,BI0,,,,bi_1,,BI1,,,,bi_2,,BI2,,,,bi_3,,BI3,,,,bi_4,,BI4,,,,bi_5,,BI5,,,,bi_6,,BI6,,,,bi_7,,BI7,,,,bi,,BI0,,,,bi_1,,BI1,,,,bi_2,,BI2,,,,bi_3,,BI3,,,,bi_4,,BI4,,,,bi_5,,BI5,,,,bi_6,,BI6,,,,bi_7,,BI7,,,,bi,,BI0,,,,bi_1,,BI1,,,,bi_2,,BI2,,,,bi_3,,BI3,,,,bi_4,,BI4,,,,bi_5,,BI5,,,,bi_6,,BI6,,,,bi_7,,BI7,,,,bi,,BI0,,,,bi_1,,BI1,,,,bi_2,,BI2,,,,bi_3,,BI3,,,,bi_4,,BI4,,,,bi_5,,BI5,,,,bi_6,,BI6,,,,bi_7,,BI7,,,,bi,,BI0,,,,bi_1,,BI1,,,,bi_2,,BI2,,,,bi_3,,BI3,,,,bi_4,,BI4,,,,bi_5,,BI5,,,,bi_6,,BI6,,,,bi_7,,BI7,,,,bi,,BI0,,,,bi_1,,BI1,,,,bi_2,,BI2,,,,bi_3,,BI3,,,,bi_4,,BI4,,,,bi_5,,BI5,,,,bi_6,,BI6,,,,bi_7,,BI7,,,,bi,,BI0,,,,bi_1,,BI1,,,,bi_2,,BI2,,,,bi_3,,BI3,,,,bi_4,,BI4,,,,bi_5,,BI5,,,,bi_6,,BI6,,,,bi_7,,BI7,,,,bi,,BI0,,,,bi_1,,BI1,,,,bi_2,,BI2,,,,bi_3,,BI3,,,,bi_4,,BI4,,,,bi_5,,BI5,,,,bi_6,,BI6,,,,bi_7,,BI7,,,,bi,,BI0,,,,bi_1,,BI1,,,,bi_2,,BI2,,,,bi_3,,BI3,,,,bi_4,,BI4,,,,bi_5,,BI5,,,,bi_6,,BI6,,,,bi_7,,BI7,,,,bi,,BI0,,,,bi_1,,BI1,,,,bi_2,,BI2,,,,bi_3,,BI3,,,,bi_4,,BI4,,,,bi_5,,BI5,,,,bi_6,,BI6,,,,bi_7,,BI7,,,,bi,,BI0,,,,bi_1,,BI1,,,,bi_2,,BI2,,,,bi_3,,BI3,,,,bi_4,,BI4,,,,bi_5,,BI5,,,,bi_6,,BI6,,,,bi_7,,BI7,,,,bi,,BI0,,,,bi_1,,BI1,,,,bi_2,,BI2,,,,bi_3,,BI3,,,,bi_4,,BI4,,,,bi_5,,BI5,,,,bi_6,,BI6,,,,bi_7,,BI7,,,,bi,,BI0,,,,bi_1,,BI1,,,,bi_2,,BI2,,,,bi_3,,BI3,,,,bi_4,,BI4,,,,bi_5,,BI5,,,,bi_6,,BI6,,,,bi_7,,BI7,,,,bi,,BI0,,,,bi_1,,BI1,,,,bi_2,,BI2,,,,bi_3,,BI3,,,,bi_4,,BI4,,,,bi_5,,BI5,,,,bi_6,,BI6,,,,bi_7,,BI7,,,,bi,,BI0,,,,bi_1,,BI1,,,,bi_2,,BI2,,,,bi_3,,BI3,,,,bi_4,,BI4,,,,bi_5,,BI5,,,,bi_6,,BI6,,,,bi_7,,BI7,,,,bi,,BI0,,,,bi_1,,BI1,,,,bi_2,,BI2,,,,bi_3,,BI3,,,,bi_4,,BI4,,,,bi_5,,BI5,,,,bi_6,,BI6,,,,bi_7,,BI7,,,,bi,,BI0,,,,bi_1,,BI1,,,,bi_2,,BI2,,,,bi_3,,BI3,,,,bi_4,,BI4,,,,bi_5,,BI5,,,,bi_6,,BI6,,,,bi_7,,BI7,,,,bi,,BI0,,,,bi_1,,BI1,,,,bi_2,,BI2,,,,bi_3,,BI3,,,,bi_4,,BI4,,,,bi_5,,BI5,,,,bi_6,,BI6,,,,bi_7,,BI7,,,,bi,,BI0,,,,bi_1,,BI1,,,,bi_2,,BI2,,,,bi_3,,BI3,,,,bi_4,,BI4,,,,bi_5,,BI5,,,,bi_6,,BI6,,,,bi_7,,BI7,,,,bi,,BI0,,,,bi_1,,BI1,,,,bi_2,,BI2,,,,bi_3,,BI3,,,,bi_4,,BI4,,,,bi_5,,BI5,,,,bi_6,,BI6,,,,bi_7,,BI7,,,,bi,,BI0,,,,bi_1,,BI1,,,,bi_2,,BI2,,,,bi_3,,BI3,,,,bi_4,,BI4,,,,bi_5,,BI5,,,,bi_6,,BI6,,,,bi_7,,BI7,,,,bi,,BI0,,,,bi_1,,BI1,,,,bi_2,,BI2,,,,bi_3,,BI3,,,,bi_4,,BI4,,,,bi_5,,BI5,,,,bi_6,,BI6,,,,bi_7,,BI7,,,,bi,,BI0,,,,bi_1,,BI1,,,,bi_2,,BI2,,,,bi_3,,BI3,,,,bi_4,,BI4,,,,bi_5,,BI5,,,,bi_6,,BI6,,,,bi_7,,BI7,,,,bi,,BI0,,,,bi_1,,BI1,,,,bi_2,,BI2,,,,bi_3,,BI3,,,,bi_4,,BI4,,,,bi_5,,BI5,,,,bi_6,,BI6,,,,bi_7,,BI7,,,,bi,,BI0,,,,bi_1,,BI1,,,,bi_2,,BI2,,,,bi_3,,BI3,,,,bi_4,,BI4,,,,bi_5,,BI5,,,,bi_6,,BI6,,,,bi_7,,BI7,,,,bi,,BI0,,,,bi_1,,BI1,,,,bi_2,,BI2,,,,bi_3,,BI3,,,,bi_4,,BI4,,,,bi_5,,BI5,,,,bi_6,,BI6,,,,bi_7,,BI7,,,,bi,,BI0,,,,bi_1,,BI1,,,,bi_2,,BI2,,,,bi_3,,BI3,,,,bi_4,,BI4,,,,bi_5,,BI5,,,,bi_6,,BI6,,,,bi_7,,BI7,,,,bi,,BI0,,,,bi_1,,BI1,,,,bi_2,,BI2,,,,bi_3,,BI3,,,,bi_4,,BI4,,,,bi_5,,BI5,,,,bi_6,,BI6,,,,bi_7,,BI7,,,,bi,,BI0,,,,bi_1,,BI1,,,,bi_2,,BI2,,,,bi_3,,BI3,,,,bi_4,,BI4,,,,bi_5,,BI5,,,,bi_6,,BI6,,,,bi_7,,BI7,,,,bi,,BI0,,,,bi_1,,BI1,,,,bi_2,,BI2,,,,bi_3,,BI3,,,,bi_4,,BI4,,,,bi_5,,BI5,,,,bi_6,,BI6,,,,bi_7,,BI7,,,,bi,,BI0,,,,bi_1,,BI1,,,,bi_2,,BI2,,,,bi_3,,BI3,,,,bi_4,,BI4,,,,bi_5,,BI5,,,,bi_6,,BI6,,,,bi_7,,BI7,,,,bi,,BI0,,,,bi_1,,BI1,,,,bi_2,,BI2,,,,bi_3,,BI3,,,,bi_4,,BI4,,,,bi_5,,BI5,,,,bi_6,,BI6,,,,bi_7,,BI7,,,,bi,,BI0,,,,bi_1,,BI1,,,,bi_2,,BI2,,,,bi_3,,BI3,,,,bi_4,,BI4,,,,bi_5,,BI5,,,,bi_6,,BI6,,,,bi_7,,BI7,,,,bi,,BI0,,,,bi_1,,BI1,,,,bi_2,,BI2,,,,bi_3,,BI3,,,,bi_4,,BI4,,,,bi_5,,BI5,,,,bi_6,,BI6,,,,bi_7,,BI7,,,,bi,,BI0,,,,bi_1,,BI1,,,,bi_2,,BI2,,,,bi_3,,BI3,,,,bi_4,,BI4,,,,bi_5,,BI5,,,,bi_6,,BI6,,,,bi_7,,BI7,,,,bi,,BI0,,,,bi_1,,BI1,,,,bi_2,,BI2,,,,bi_3,,BI3,,,,bi_4,,BI4,,,,bi_5,,BI5,,,,bi_6,,BI6,,,,bi_7,,BI7,,,,bi,,BI0,,,,bi_1,,BI1,,,,bi_2,,BI2,,,,bi_3,,BI3,,,,bi_4,,BI4,,,,bi_5,,BI5,,,,bi_6,,BI6,,,,bi_7,,BI7,,,,bi,,BI0,,,,bi_1,,BI1,,,,bi_2,,BI2,,,,bi_3,,BI3,,,,bi_4,,BI4,,,,bi_5,,BI5,,,,bi_6,,BI6,,,,bi_7,,BI7,,,,bi,,BI0,,,,bi_1,,BI1,,,,bi_2,,BI2,,,,bi_3,,BI3,,,,bi_4,,BI4,,,,bi_5,,BI5,,,,bi_6,,BI6,,,,bi_7,,BI7,,,
r,15,,Tp_hzg2,Zeitprogramm Heizung 2,,,0622,03be004a;03be014a;03be024a;03be034a;03be044a;03be054a;03be064a;03be074a;03be084a;03be094a,uch,,UCH,,,,uch_1,,UCH,,,,uch_2,,UCH,,,,uch_3,,UCH,,,,uch_4,,UCH,,,,uch_5,,UCH,,,,uch_6,,UCH,,,,uch_7,,UCH,,,,uch_8,,UCH,,,,ign,,IGN:1,,,,bi,,BI0,,,,bi_1,,BI1,,,,bi_2,,BI2,,,,bi_3,,BI3,,,,bi_4,,BI4,,,,bi_5,,BI5,,,,bi_6,,BI6,,,,bi_7,,BI7,,,,bi,,BI0,,,,bi_1,,BI1,,,,bi_2,,BI2,,,,bi_3,,BI3,,,,bi_4,,BI4,,,,bi_5,,BI5,,,,bi_6,,BI6,,,,bi_7,,BI7,,,,bi,,BI0,,,,bi_1,,BI1,,,,bi_2,,BI2,,,,bi_3,,BI3,,,,bi_4,,BI4,,,,bi_5,,BI5,,,,bi_6,,BI6,,,,bi_7,,BI7,,,,bi,,BI0,,,,bi_1,,BI1,,,,bi_2,,BI2,,,,bi_3,,BI3,,,,bi_4,,BI4,,,,bi_5,,BI5,,,,bi_6,,BI6,,,,bi_7,,BI7,,,,bi,,BI0,,,,bi_1,,BI1,,,,bi_2,,BI2,,,,bi_3,,BI3,,,,bi_4,,BI4,,,,bi_5,,BI5,,,,bi_6,,BI6,,,,bi_7,,BI7,,,,bi,,BI0,,,,bi_1,,BI1,,,,bi_2,,BI2,,,,bi_3,,BI3,,,,bi_4,,BI4,,,,bi_5,,BI5,,,,bi_6,,BI6,,,,bi_7,,BI7,,,,bi,,BI0,,,,bi_1,,BI1,,,,bi_2,,BI2,,,,bi_3,,BI3,,,,bi_4,,BI4,,,,bi_5,,BI5,,,,bi_6,,BI6,,,,bi_7,,BI7,,,,bi,,BI0,,,,bi_1,,BI1,,,,bi_2,,BI2,,,,bi_3,,BI3,,,,bi_4,,BI4,,,,bi_5,,BI5,,,,bi_6,,BI6,,,,bi_7,,BI7,,,,bi,,BI0,,,,bi_1,,BI1,,,,bi_2,,BI2,,,,bi_3,,BI3,,,,bi_4,,BI4,,,,bi_5,,BI5,,,,bi_6,,BI6,,,,bi_7,,BI7,,,,bi,,BI0,,,,bi_1,,BI1,,,,bi_2,,BI2,,,,bi_3,,BI3,,,,bi_4,,BI4,,,,bi_5,,BI5,,,,bi_6,,BI6,,,,bi_7,,BI7,,,,bi,,BI0,,,,bi_1,,BI1,,,,bi_2,,BI2,,,,bi_3,,BI3,,,,bi_4,,BI4,,,,bi_5,,BI5,,,,bi_6,,BI6,,,,bi_7,,BI7,,,,bi,,BI0,,,,bi_1,,BI1,,,,bi_2,,BI2,,,,bi_3,,BI3,,,,bi_4,,BI4,,,,bi_5,,BI5,,,,bi_6,,BI6,,,,bi_7,,BI7,,,,bi,,BI0,,,,bi_1,,BI1,,,,bi_2,,BI2,,,,bi_3,,BI3,,,,bi_4,,BI4,,,,bi_5,,BI5,,,,bi_6,,BI6,,,,bi_7,,BI7,,,,bi,,BI0,,,,bi_1,,BI1,,,,bi_2,,BI2,,,,bi_3,,BI3,,,,bi_4,,BI4,,,,bi_5,,BI5,,,,bi_6,,BI6,,,,bi_7,,BI7,,,,bi,,BI0,,,,bi_1,,BI1,,,,bi_2,,BI2,,,,bi_3,,BI3,,,,bi_4,,BI4,,,,bi_5,,BI5,,,,bi_6,,BI6,,,,bi_7,,BI7,,,,bi,,BI0,,,,bi_1,,BI1,,,,bi_2,,BI2,,,,bi_3,,BI3,,,,bi_4,,BI4,,,,bi_5,,BI5,,,,bi_6,,BI6,,,,bi_7,,BI7,,,,bi,,BI0,,,,bi_1,,BI1,,,,bi_2,,BI2,,,,bi_3,,BI3,,,,bi_4,,BI4,,,,bi_5,,BI5,,,,bi_6,,BI6,,,,bi_7,,BI7,,,,bi,,BI0,,,,bi_1,,BI1,,,,bi_2,,BI2,,,,bi_3,,BI3,,,,bi_4,,BI4,,,,bi_5,,BI5,,,,bi_6,,BI6,,,,bi_7,,BI7,,,,bi,,BI0,,,,bi_1,,BI1,,,,bi_2,,BI2,,,,bi_3,,BI3,,,,bi_4,,BI4,,,,bi_5,,BI5,,,,bi_6,,BI6,,,,bi_7,,BI7,,,,bi,,BI0,,,,bi_1,,BI1,,,,bi_2,,BI2,,,,bi_3,,BI3,,,,bi_4,,BI4,,,,bi_5,,BI5,,,,bi_6,,BI6,,,,bi_7,,BI7,,,,bi,,BI0,,,,bi_1,,BI1,,,,bi_2,,BI2,,,,bi_3,,BI3,,,,bi_4,,BI4,,,,bi_5,,BI5,,,,bi_6,,BI6,,,,bi_7,,BI7,,,,bi,,BI0,,,,bi_1,,BI1,,,,bi_2,,BI2,,,,bi_3,,BI3,,,,bi_4,,BI4,,,,bi_5,,BI5,,,,bi_6,,BI6,,,,bi_7,,BI7,,,,bi,,BI0,,,,bi_1,,BI1,,,,bi_2,,BI2,,,,bi_3,,BI3,,,,bi_4,,BI4,,,,bi_5,,BI5,,,,bi_6,,BI6,,,,bi_7,,BI7,,,,bi,,BI0,,,,bi_1,,BI1,,,,bi_2,,BI2,,,,bi_3,,BI3,,,,bi_4,,BI4,,,,bi_5,,BI5,,,,bi_6,,BI6,,,,bi_7,,BI7,,,,bi,,BI0,,,,bi_1,,BI1,,,,bi_2,,BI2,,,,bi_3,,BI3,,,,bi_4,,BI4,,,,bi_5,,BI5,,,,bi_6,,BI6,,,,bi_7,,BI7,,,,bi,,BI0,,,,bi_1,,BI1,,,,bi_2,,BI2,,,,bi_3,,BI3,,,,bi_4,,BI4,,,,bi_5,,BI5,,,,bi_6,,BI6,,,,bi_7,,BI7,,,,bi,,BI0,,,,bi_1,,BI1,,,,bi_2,,BI2,,,,bi_3,,BI3,,,,bi_4,,BI4,,,,bi_5,,BI5,,,,bi_6,,BI6,,,,bi_7,,BI7,,,,bi,,BI0,,,,bi_1,,BI1,,,,bi_2,,BI2,,,,bi_3,,BI3,,,,bi_4,,BI4,,,,bi_5,,BI5,,,,bi_6,,BI6,,,,bi_7,,BI7,,,,bi,,BI0,,,,bi_1,,BI1,,,,bi_2,,BI2,,,,bi_3,,BI3,,,,bi_4,,BI4,,,,bi_5,,BI5,,,,bi_6,,BI6,,,,bi_7,,BI7,,,,bi,,BI0,,,,bi_1,,BI1,,,,bi_2,,BI2,,,,bi_3,,BI3,,,,bi_4,,BI4,,,,bi_5,,BI5,,,,bi_6,,BI6,,,,bi_7,,BI7,,,,bi,,BI0,,,,bi_1,,BI1,,,,bi_2,,BI2,,,,bi_3,,BI3,,,,bi_4,,BI4,,,,bi_5,,BI5,,,,bi_6,,BI6,,,,bi_7,,BI7,,,,bi,,BI0,,,,bi_1,,BI1,,,,bi_2,,BI2,,,,bi_3,,BI3,,,,bi_4,,BI4,,,,bi_5,,BI5,,,,bi_6,,BI6,,,,bi_7,,BI7,,,,bi,,BI0,,,,bi_1,,BI1,,,,bi_2,,BI2,,,,bi_3,,BI3,,,,bi_4,,BI4,,,,bi_5,,BI5,,,,bi_6,,BI6,,,,bi_7,,BI7,,,,bi,,BI0,,,,bi_1,,BI1,,,,bi_2,,BI2,,,,bi_3,,BI3,,,,bi_4,,BI4,,,,bi_5,,BI5,,,,bi_6,,BI6,,,,bi_7,,BI7,,,,bi,,BI0,,,,bi_1,,BI1,,,,bi_2,,BI2,,,,bi_3,,BI3,,,,bi_4,,BI4,,,,bi_5,,BI5,,,,bi_6,,BI6,,,,bi_7,,BI7,,,,bi,,BI0,,,,bi_1,,BI1,,,,bi_2,,BI2,,,,bi_3,,BI3,,,,bi_4,,BI4,,,,bi_5,,BI5,,,,bi_6,,BI6,,,,bi_7,,BI7,,,,bi,,BI0,,,,bi_1,,BI1,,,,bi_2,,BI2,,,,bi_3,,BI3,,,,bi_4,,BI4,,,,bi_5,,BI5,,,,bi_6,,BI6,,,,bi_7,,BI7,,,,bi,,BI0,,,,bi_1,,BI1,,,,bi_2,,BI2,,,,bi_3,,BI3,,,,bi_4,,BI4,,,,bi_5,,BI5,,,,bi_6,,BI6,,,,bi_7,,BI7,,,,bi,,BI0,,,,bi_1,,BI1,,,,bi_2,,BI2,,,,bi_3,,BI3,,,,bi_4,,BI4,,,,bi_5,,BI5,,,,bi_6,,BI6,,,,bi_7,,BI7,,,,bi,,BI0,,,,bi_1,,BI1,,,,bi_2,,BI2,,,,bi_3,,BI3,,,,bi_4,,BI4,,,,bi_5,,BI5,,,,bi_6,,BI6,,,,bi_7,,BI7,,,,bi,,BI0,,,,bi_1,,BI1,,,,bi_2,,BI2,,,,bi_3,,BI3,,,,bi_4,,BI4,,,,bi_5,,BI5,,,,bi_6,,BI6,,,,bi_7,,BI7,,,,bi,,BI0,,,,bi_1,,BI1,,,,bi_2,,BI2,,,,bi_3,,BI3,,,,bi_4,,BI4,,,,bi_5,,BI5,,,,bi_6,,BI6,,,,bi_7,,BI7,,,,bi,,BI0,,,,bi_1,,BI1,,,,bi_2,,BI2,,,,bi_3,,BI3,,,,bi_4,,BI4,,,,bi_5,,BI5,,,,bi_6,,BI6,,,,bi_7,,BI7,,,,bi,,BI0,,,,bi_1,,BI1,,,,bi_2,,BI2,,,,bi_3,,BI3,,,,bi_4,,BI4,,,,bi_5,,BI5,,,,bi_6,,BI6,,,,bi_7,,BI7,,,,bi,,BI0,,,,bi_1,,BI1,,,,bi_2,,BI2,,,,bi_3,,BI3,,,,bi_4,,BI4,,,,bi_5,,BI5,,,,bi_6,,BI6,,,,bi_7,,BI7,,,,bi,,BI0,,,,bi_1,,BI1,,,,bi_2,,BI2,,,,bi_3,,BI3,,,,bi_4,,BI4,,,,bi_5,,BI5,,,,bi_6,,BI6,,,,bi_7,,BI7,,,,bi,,BI0,,,,bi_1,,BI1,,,,bi_2,,BI2,,,,bi_3,,BI3,,,,bi_4,,BI4,,,,bi_5,,BI5,,,,bi_6,,BI6,,,,bi_7,,BI7,,,,bi,,BI0,,,,bi_1,,BI1,,,,bi_2,,BI2,,,,bi_3,,BI3,,,,bi_4,,BI4,,,,bi_5,,BI5,,,,bi_6,,BI6,,,,bi_7,,BI7,,,,bi,,BI0,,,,bi_1,,BI1,,,,bi_2,,BI2,,,,bi_3,,BI3,,,,bi_4,,BI4,,,,bi_5,,BI5,,,,bi_6,,BI6,,,,bi_7,,BI7,,,,bi,,BI0,,,,bi_1,,BI1,,,,bi_2,,BI2,,,,bi_3,,BI3,,,,bi_4,,BI4,,,,bi_5,,BI5,,,,bi_6,,BI6,,,,bi_7,,BI7,,,,bi,,BI0,,,,bi_1,,BI1,,,,bi_2,,BI2,,,,bi_3,,BI3,,,,bi_4,,BI4,,,,bi_5,,BI5,,,,bi_6,,BI6,,,,bi_7,,BI7,,,,bi,,BI0,,,,bi_1,,BI1,,,,bi_2,,BI2,,,,bi_3,,BI3,,,,bi_4,,BI4,,,,bi_5,,BI5,,,,bi_6,,BI6,,,,bi_7,,BI7,,,,bi,,BI0,,,,bi_1,,BI1,,,,bi_2,,BI2,,,,bi_3,,BI3,,,,bi_4,,BI4,,,,bi_5,,BI5,,,,bi_6,,BI6,,,,bi_7,,BI7,,,,bi,,BI0,,,,bi_1,,BI1,,,,bi_2,,BI2,,,,bi_3,,BI3,,,,bi_4,,BI4,,,,bi_5,,BI5,,,,bi_6,,BI6,,,,bi_7,,BI7,,,,bi,,BI0,,,,bi_1,,BI1,,,,bi_2,,BI2,,,,bi_3,,BI3,,,,bi_4,,BI4,,,,bi_5,,BI5,,,,bi_6,,BI6,,,,bi_7,,BI7,,,,bi,,BI0,,,,bi_1,,BI1,,,,bi_2,,BI2,,,,bi_3,,BI3,,,,bi_4,,BI4,,,,bi_5,,BI5,,,,bi_6,,BI6,,,,bi_7,,BI7,,,,bi,,BI0,,,,bi_1,,BI1,,,,bi_2,,BI2,,,,bi_3,,BI3,,,,bi_4,,BI4,,,,bi_5,,BI5,,,,bi_6,,BI6,,,,bi_7,,BI7,,,,bi,,BI0,,,,bi_1,,BI1,,,,bi_2,,BI2,,,,bi_3,,BI3,,,,bi_4,,BI4,,,,bi_5,,BI5,,,,bi_6,,BI6,,,,bi_7,,BI7,,,,bi,,BI0,,,,bi_1,,BI1,,,,bi_2,,BI2,,,,bi_3,,BI3,,,,bi_4,,BI4,,,,bi_5,,BI5,,,,bi_6,,BI6,,,,bi_7,,BI7,,,,bi,,BI0,,,,bi_1,,BI1,,,,bi_2,,BI2,,,,bi_3,,BI3,,,,bi_4,,BI4,,,,bi_5,,BI5,,,,bi_6,,BI6,,,,bi_7,,BI7,,,,bi,,BI0,,,,bi_1,,BI1,,,,bi_2,,BI2,,,,bi_3,,BI3,,,,bi_4,,BI4,,,,bi_5,,BI5,,,,bi_6,,BI6,,,,bi_7,,BI7,,,,bi,,BI0,,,,bi_1,,BI1,,,,bi_2,,BI2,,,,bi_3,,BI3,,,,bi_4,,BI4,,,,bi_5,,BI5,,,,bi_6,,BI6,,,,bi_7,,BI7,,,,bi,,BI0,,,,bi_1,,BI1,,,,bi_2,,BI2,,,,bi_3,,BI3,,,,bi_4,,BI4,,,,bi_5,,BI5,,,,bi_6,,BI6,,,,bi_7,,BI7,,,,bi,,BI0,,,,bi_1,,BI1,,,,bi_2,,BI2,,,,bi_3,,BI3,,,,bi_4,,BI4,,,,bi_5,,BI5,,,,bi_6,,BI6,,,,bi_7,,BI7,,,,bi,,BI0,,,,bi_1,,BI1,,,,bi_2,,BI2,,,,bi_3,,BI3,,,,bi_4,,BI4,,,,bi_5,,BI5,,,,bi_6,,BI6,,,,bi_7,,BI7,,,,bi,,BI0,,,,bi_1,,BI1,,,,bi_2,,BI2,,,,bi_3,,BI3,,,,bi_4,,BI4,,,,bi_5,,BI5,,,,bi_6,,BI6,,,,bi_7,,BI7,,,,bi,,BI0,,,,bi_1,,BI1,,,,bi_2,,BI2,,,,bi_3,,BI3,,,,bi_4,,BI4,,,,bi_5,,BI5,,,,bi_6,,BI6,,,,bi_7,,BI7,,,,bi,,BI0,,,,bi_1,,BI1,,,,bi_2,,BI2,,,,bi_3,,BI3,,,,bi_4,,BI4,,,,bi_5,,BI5,,,,bi_6,,BI6,,,,bi_7,,BI7,,,,bi,,BI0,,,,bi_1,,BI1,,,,bi_2,,BI2,,,,bi_3,,BI3,,,,bi_4,,BI4,,,,bi_5,,BI5,,,,bi_6,,BI6,,,,bi_7,,BI7,,,,bi,,BI0,,,,bi_1,,BI1,,,,bi_2,,BI2,,,,bi_3,,BI3,,,,bi_4,,BI4,,,,bi_5,,BI5,,,,bi_6,,BI6,,,,bi_7,,BI7,,,,bi,,BI0,,,,bi_1,,BI1,,,,bi_2,,BI2,,,,bi_3,,BI3,,,,bi_4,,BI4,,,,bi_5,,BI5,,,,bi_6,,BI6,,,,bi_7,,BI7,,,,bi,,BI0,,,,bi_1,,BI1,,,,bi_2,,BI2,,,,bi_3,,BI3,,,,bi_4,,BI4,,,,bi_5,,BI5,,,,bi_6,,BI6,,,,bi_7,,BI7,,,,bi,,BI0,,,,bi_1,,BI1,,,,bi_2,,BI2,,,,bi_3,,BI3,,,,bi_4,,BI4,,,,bi_5,,BI5,,,,bi_6,,BI6,,,,bi_7,,BI7,,,,bi,,BI0,,,,bi_1,,BI1,,,,bi_2,,BI2,,,,bi_3,,BI3,,,,bi_4,,BI4,,,,bi_5,,BI5,,,,bi_6,,BI6,,,,bi_7,,BI7,,,,bi,,BI0,,,,bi_1,,BI1,,,,bi_2,,BI2,,,,bi_3,,BI3,,,,bi_4,,BI4,,,,bi_5,,BI5,,,,bi_6,,BI6,,,,bi_7,,BI7,,,,bi,,BI0,,,,bi_1,,BI1,,,,bi_2,,BI2,,,,bi_3,,BI3,,,,bi_4,,BI4,,,,bi_5,,BI5,,,,bi_6,,BI6,,,,bi_7,,BI7,,,,bi,,BI0,,,,bi_1,,BI1,,,,bi_2,,BI2,,,,bi_3,,BI3,,,,bi_4,,BI4,,,,bi_5,,BI5,,,,bi_6,,BI6,,,,bi_7,,BI7,,,,bi,,BI0,,,,bi_1,,BI1,,,,bi_2,,BI2,,,,bi_3,,BI3,,,,bi_4,,BI4,,,,bi_5,,BI5,,,,bi_6,,BI6,,,,bi_7,,BI7,,,,bi,,BI0,,,,bi_1,,BI1,,,,bi_2,,BI2,,,,bi_3,,BI3,,,,bi_4,,BI4,,,,bi_5,,BI5,,,,bi_6,,BI6,,,,bi_7,,BI7,,,,bi,,BI0,,,,bi_1,,BI1,,,,bi_2,,BI2,,,,bi_3,,BI3,,,,bi_4,,BI4,,,,bi_5,,BI5,,,,bi_6,,BI6,,,,bi_7,,BI7,,,,bi,,BI0,,,,bi_1,,BI1,,,,bi_2,,BI2,,,,bi_3,,BI3,,,,bi_4,,BI4,,,,bi_5,,BI5,,,,bi_6,,BI6,,,,bi_7,,BI7,,,,bi,,BI0,,,,bi_1,,BI1,,,,bi_2,,BI2,,,,bi_3,,BI3,,,,bi_4,,BI4,,,,bi_5,,BI5,,,,bi_6,,BI6,,,,bi_7,,BI7,,,,bi,,BI0,,,,bi_1,,BI1,,,,bi_2,,BI2,,,,bi_3,,BI3,,,,bi_4,,BI4,,,,bi_5,,BI5,,,,bi_6,,BI6,,,,bi_7,,BI7,,,,bi,,BI0,,,,bi_1,,BI1,,,,bi_2,,BI2,,,,bi_3,,BI3,,,,bi_4,,BI4,,,,bi_5,,BI5,,,,bi_6,,BI6,,,,bi_7,,BI7,,,
r,15,,Tp_hzg3,Zeitprogramm Heizung 3,,,0622,03bf004a;03bf014a;03bf024a;03bf034a;03bf044a;03bf054a;03bf064a;03bf074a;03bf084a;03bf094a,uch,,UCH,,,,uch_1,,UCH,,,,uch_2,,UCH,,,,uch_3,,UCH,,,,uch_4,,UCH,,,,uch_5,,UCH,,,,uch_6,,UCH,,,,uch_7,,UCH,,,,uch_8,,UCH,,,,ign,,IGN:1,,,,bi,,BI0,,,,bi_1,,BI1,,,,bi_2,,BI2,,,,bi_3,,BI3,,,,bi_4,,BI4,,,,bi_5,,BI5,,,,bi_6,,BI6,,,,bi_7,,BI7,,,,bi,,BI0,,,,bi_1,,BI1,,,,bi_2,,BI2,,,,bi_3,,BI3,,,,bi_4,,BI4,,,,bi_5,,BI5,,,,bi_6,,BI6,,,,bi_7,,BI7,,,,bi,,BI0,,,,bi_1,,BI1,,,,bi_2,,BI2,,,,bi_3,,BI3,,,,bi_4,,BI4,,,,bi_5,,BI5,,,,bi_6,,BI6,,,,bi_7,,BI7,,,,bi,,BI0,,,,bi_1,,BI1,,,,bi_2,,BI2,,,,bi_3,,BI3,,,,bi_4,,BI4,,,,bi_5,,BI5,,,,bi_6,,BI6,,,,bi_7,,BI7,,,,bi,,BI0,,,,bi_1,,BI1,,,,bi_2,,BI2,,,,bi_3,,BI3,,,,bi_4,,BI4,,,,bi_5,,BI5,,,,bi_6,,BI6,,,,bi_7,,BI7,,,,bi,,BI0,,,,bi_1,,BI1,,,,bi_2,,BI2,,,,bi_3,,BI3,,,,bi_4,,BI4,,,,bi_5,,BI5,,,,bi_6,,BI6,,,,bi_7,,BI7,,,,bi,,BI0,,,,bi_1,,BI1,,,,bi_2,,BI2,,,,bi_3,,BI3,,,,bi_4,,BI4,,,,bi_5,,BI5,,,,bi_6,,BI6,,,,bi_7,,BI7,,,,bi,,BI0,,,,bi_1,,BI1,,,,bi_2,,BI2,,,,bi_3,,BI3,,,,bi_4,,BI4,,,,bi_5,,BI5,,,,bi_6,,BI6,,,,bi_7,,BI7,,,,bi,,BI0,,,,bi_1,,BI1,,,,bi_2,,BI2,,,,bi_3,,BI3,,,,bi_4,,BI4,,,,bi_5,,BI5,,,,bi_6,,BI6,,,,bi_7,,BI7,,,,bi,,BI0,,,,bi_1,,BI1,,,,bi_2,,BI2,,,,bi_3,,BI3,,,,bi_4,,BI4,,,,bi_5,,BI5,,,,bi_6,,BI6,,,,bi_7,,BI7,,,,bi,,BI0,,,,bi_1,,BI1,,,,bi_2,,BI2,,,,bi_3,,BI3,,,,bi_4,,BI4,,,,bi_5,,BI5,,,,bi_6,,BI6,,,,bi_7,,BI7,,,,bi,,BI0,,,,bi_1,,BI1,,,,bi_2,,BI2,,,,bi_3,,BI3,,,,bi_4,,BI4,,,,bi_5,,BI5,,,,bi_6,,BI6,,,,bi_7,,BI7,,,,bi,,BI0,,,,bi_1,,BI1,,,,bi_2,,BI2,,,,bi_3,,BI3,,,,bi_4,,BI4,,,,bi_5,,BI5,,,,bi_6,,BI6,,,,bi_7,,BI7,,,,bi,,BI0,,,,bi_1,,BI1,,,,bi_2,,BI2,,,,bi_3,,BI3,,,,bi_4,,BI4,,,,bi_5,,BI5,,,,bi_6,,BI6,,,,bi_7,,BI7,,,,bi,,BI0,,,,bi_1,,BI1,,,,bi_2,,BI2,,,,bi_3,,BI3,,,,bi_4,,BI4,,,,bi_5,,BI5,,,,bi_6,,BI6,,,,bi_7,,BI7,,,,bi,,BI0,,,,bi_1,,BI1,,,,bi_2,,BI2,,,,bi_3,,BI3,,,,bi_4,,BI4,,,,bi_5,,BI5,,,,bi_6,,BI6,,,,bi_7,,BI7,,,,bi,,BI0,,,,bi_1,,BI1,,,,bi_2,,BI2,,,,bi_3,,BI3,,,,bi_4,,BI4,,,,bi_5,,BI5,,,,bi_6,,BI6,,,,bi_7,,BI7,,,,bi,,BI0,,,,bi_1,,BI1,,,,bi_2,,BI2,,,,bi_3,,BI3,,,,bi_4,,BI4,,,,bi_5,,BI5,,,,bi_6,,BI6,,,,bi_7,,BI7,,,,bi,,BI0,,,,bi_1,,BI1,,,,bi_2,,BI2,,,,bi_3,,BI3,,,,bi_4,,BI4,,,,bi_5,,BI5,,,,bi_6,,BI6,,,,bi_7,,BI7,,,,bi,,BI0,,,,bi_1,,BI1,,,,bi_2,,BI2,,,,bi_3,,BI3,,,,bi_4,,BI4,,,,bi_5,,BI5,,,,bi_6,,BI6,,,,bi_7,,BI7,,,,bi,,BI0,,,,bi_1,,BI1,,,,bi_2,,BI2,,,,bi_3,,BI3,,,,bi_4,,BI4,,,,bi_5,,BI5,,,,bi_6,,BI6,,,,bi_7,,BI7,,,,bi,,BI0,,,,bi_1,,BI1,,,,bi_2,,BI2,,,,bi_3,,BI3,,,,bi_4,,BI4,,,,bi_5,,BI5,,,,bi_6,,BI6,,,,bi_7,,BI7,,,,bi,,BI0,,,,bi_1,,BI1,,,,bi_2,,BI2,,,,bi_3,,BI3,,,,bi_4,,BI4,,,,bi_5,,BI5,,,,bi_6,,BI6,,,,bi_7,,BI7,,,,bi,,BI0,,,,bi_1,,BI1,,,,bi_2,,BI2,,,,bi_3,,BI3,,,,bi_4,,BI4,,,,bi_5,,BI5,,,,bi_6,,BI6,,,,bi_7,,BI7,,,,bi,,BI0,,,,bi_1,,BI1,,,,bi_2,,BI2,,,,bi_3,,BI3,,,,bi_4,,BI4,,,,bi_5,,BI5,,,,bi_6,,BI6,,,,bi_7,,BI7,,,,bi,,BI0,,,,bi_1,,BI1,,,,bi_2,,BI2,,,,bi_3,,BI3,,,,bi_4,,BI4,,,,bi_5,,BI5,,,,bi_6,,BI6,,,,bi_7,,BI7,,,,bi,,BI0,,,,bi_1,,BI1,,,,bi_2,,BI2,,,,bi_3,,BI3,,,,bi_4,,BI4,,,,bi_5,,BI5,,,,bi_6,,BI6,,,,bi_7,,BI7,,,,bi,,BI0,,,,bi_1,,BI1,,,,bi_2,,BI2,,,,bi_3,,BI3,,,,bi_4,,BI4,,,,bi_5,,BI5,,,,bi_6,,BI6,,,,bi_7,,BI7,,,,bi,,BI0,,,,bi_1,,BI1,,,,bi_2,,BI2,,,,bi_3,,BI3,,,,bi_4,,BI4,,,,bi_5,,BI5,,,,bi_6,,BI6,,,,bi_7,,BI7,,,,bi,,BI0,,,,bi_1,,BI1,,,,bi_2,,BI2,,,,bi_3,,BI3,,,,bi_4,,BI4,,,,bi_5,,BI5,,,,bi_6,,BI6,,,,bi_7,,BI7,,,,bi,,BI0,,,,bi_1,,BI1,,,,bi_2,,BI2,,,,bi_3,,BI3,,,,bi_4,,BI4,,,,bi_5,,BI5,,,,bi_6,,BI6,,,,bi_7,,BI7,,,,bi,,BI0,,,,bi_1,,BI1,,,,bi_2,,BI2,,,,bi_3,,BI3,,,,bi_4,,BI4,,,,bi_5,,BI5,,,,bi_6,,BI6,,,,bi_7,,BI7,,,,bi,,BI0,,,,bi_1,,BI1,,,,bi_2,,BI2,,,,bi_3,,BI3,,,,bi_4,,BI4,,,,bi_5,,BI5,,,,bi_6,,BI6,,,,bi_7,,BI7,,,,bi,,BI0,,,,bi_1,,BI1,,,,bi_2,,BI2,,,,bi_3,,BI3,,,,bi_4,,BI4,,,,bi_5,,BI5,,,,bi_6,,BI6,,,,bi_7,,BI7,,,,bi,,BI0,,,,bi_1,,BI1,,,,bi_2,,BI2,,,,bi_3,,BI3,,,,bi_4,,BI4,,,,bi_5,,BI5,,,,bi_6,,BI6,,,,bi_7,,BI7,,,,bi,,BI0,,,,bi_1,,BI1,,,,bi_2,,BI2,,,,bi_3,,BI3,,,,bi_4,,BI4,,,,bi_5,,BI5,,,,bi_6,,BI6,,,,bi_7,,BI7,,,,bi,,BI0,,,,bi_1,,BI1,,,,bi_2,,BI2,,,,bi_3,,BI3,,,,bi_4,,BI4,,,,bi_5,,BI5,,,,bi_6,,BI6,,,,bi_7,,BI7,,,,bi,,BI0,,,,bi_1,,BI1,,,,bi_2,,BI2,,,,bi_3,,BI3,,,,bi_4,,BI4,,,,bi_5,,BI5,,,,bi_6,,BI6,,,,bi_7,,BI7,,,,bi,,BI0,,,,bi_1,,BI1,,,,bi_2,,BI2,,,,bi_3,,BI3,,,,bi_4,,BI4,,,,bi_5,,BI5,,,,bi_6,,BI6,,,,bi_7,,BI7,,,,bi,,BI0,,,,bi_1,,BI1,,,,bi_2,,BI2,,,,bi_3,,BI3,,,,bi_4,,BI4,,,,bi_5,,BI5,,,,bi_6,,BI6,,,,bi_7,,BI7,,,,bi,,BI0,,,,bi_1,,BI1,,,,bi_2,,BI2,,,,bi_3,,BI3,,,,bi_4,,BI4,,,,bi_5,,BI5,,,,bi_6,,BI6,,,,bi_7,,BI7,,,,bi,,BI0,,,,bi_1,,BI1,,,,bi_2,,BI2,,,,bi_3,,BI3,,,,bi_4,,BI4,,,,bi_5,,BI5,,,,bi_6,,BI6,,,,bi_7,,BI7,,,,bi,,BI0,,,,bi_1,,BI1,,,,bi_2,,BI2,,,,bi_3,,BI3,,,,bi_4,,BI4,,,,bi_5,,BI5,,,,bi_6,,BI6,,,,bi_7,,BI7,,,,bi,,BI0,,,,bi_1,,BI1,,,,bi_2,,BI2,,,,bi_3,,BI3,,,,bi_4,,BI4,,,,bi_5,,BI5,,,,bi_6,,BI6,,,,bi_7,,BI7,,,,bi,,BI0,,,,bi_1,,BI1,,,,bi_2,,BI2,,,,bi_3,,BI3,,,,bi_4,,BI4,,,,bi_5,,BI5,,,,bi_6,,BI6,,,,bi_7,,BI7,,,,bi,,BI0,,,,bi_1,,BI1,,,,bi_2,,BI2,,,,bi_3,,BI3,,,,bi_4,,BI4,,,,bi_5,,BI5,,,,bi_6,,BI6,,,,bi_7,,BI7,,,,bi,,BI0,,,,bi_1,,BI1,,,,bi_2,,BI2,,,,bi_3,,BI3,,,,bi_4,,BI4,,,,bi_5,,BI5,,,,bi_6,,BI6,,,,bi_7,,BI7,,,,bi,,BI0,,,,bi_1,,BI1,,,,bi_2,,BI2,,,,bi_3,,BI3,,,,bi_4,,BI4,,,,bi_5,,BI5,,,,bi_6,,BI6,,,,bi_7,,BI7,,,,bi,,BI0,,,,bi_1,,BI1,,,,bi_2,,BI2,,,,bi_3,,BI3,,,,bi_4,,BI4,,,,bi_5,,BI5,,,,bi_6,,BI6,,,,bi_7,,BI7,,,,bi,,BI0,,,,bi_1,,BI1,,,,bi_2,,BI2,,,,bi_3,,BI3,,,,bi_4,,BI4,,,,bi_5,,BI5,,,,bi_6,,BI6,,,,bi_7,,BI7,,,,bi,,BI0,,,,bi_1,,BI1,,,,bi_2,,BI2,,,,bi_3,,BI3,,,,bi_4,,BI4,,,,bi_5,,BI5,,,,bi_6,,BI6,,,,bi_7,,BI7,,,,bi,,BI0,,,,bi_1,,BI1,,,,bi_2,,BI2,,,,bi_3,,BI3,,,,bi_4,,BI4,,,,bi_5,,BI5,,,,bi_6,,BI6,,,,bi_7,,BI7,,,,bi,,BI0,,,,bi_1,,BI1,,,,bi_2,,BI2,,,,bi_3,,BI3,,,,bi_4,,BI4,,,,bi_5,,BI5,,,,bi_6,,BI6,,,,bi_7,,BI7,,,,bi,,BI0,,,,bi_1,,BI1,,,,bi_2,,BI2,,,,bi_3,,BI3,,,,bi_4,,BI4,,,,bi_5,,BI5,,,,bi_6,,BI6,,,,bi_7,,BI7,,,,bi,,BI0,,,,bi_1,,BI1,,,,bi_2,,BI2,,,,bi_3,,BI3,,,,bi_4,,BI4,,,,bi_5,,BI5,,,,bi_6,,BI6,,,,bi_7,,BI7,,,,bi,,BI0,,,,bi_1,,BI1,,,,bi_2,,BI2,,,,bi_3,,BI3,,,,bi_4,,BI4,,,,bi_5,,BI5,,,,bi_6,,BI6,,,,bi_7,,BI7,,,,bi,,BI0,,,,bi_1,,BI1,,,,bi_2,,BI2,,,,bi_3,,BI3,,,,bi_4,,BI4,,,,bi_5,,BI5,,,,bi_6,,BI6,,,,bi_7,,BI7,,,,bi,,BI0,,,,bi_1,,BI1,,,,bi_2,,BI2,,,,bi_3,,BI3,,,,bi_4,,BI4,,,,bi_5,,BI5,,,,bi_6,,BI6,,,,bi_7,,BI7,,,,bi,,BI0,,,,bi_1,,BI1,,,,bi_2,,BI2,,,,bi_3,,BI3,,,,bi_4,,BI4,,,,bi_5,,BI5,,,,bi_6,,BI6,,,,bi_7,,BI7,,,,bi,,BI0,,,,bi_1,,BI1,,,,bi_2,,BI2,,,,bi_3,,BI3,,,,bi_4,,BI4,,,,bi_5,,BI5,,,,bi_6,,BI6,,,,bi_7,,BI7,,,,bi,,BI0,,,,bi_1,,BI1,,,,bi_2,,BI2,,,,bi_3,,BI3,,,,bi_4,,BI4,,,,bi_5,,BI5,,,,bi_6,,BI6,,,,bi_7,,BI7,,,,bi,,BI0,,,,bi_1,,BI1,,,,bi_2,,BI2,,,,bi_3,,BI3,,,,bi_4,,BI4,,,,bi_5,,BI5,,,,bi_6,,BI6,,,,bi_7,,BI7,,,,bi,,BI0,,,,bi_1,,BI1,,,,bi_2,,BI2,,,,bi_3,,BI3,,,,bi_4,,BI4,,,,bi_5,,BI5,,,,bi_6,,BI6,,,,bi_7,,BI7,,,,bi,,BI0,,,,bi_1,,BI1,,,,bi_2,,BI2,,,,bi_3,,BI3,,,,bi_4,,BI4,,,,bi_5,,BI5,,,,bi_6,,BI6,,,,bi_7,,BI7,,,,bi,,BI0,,,,bi_1,,BI1,,,,bi_2,,BI2,,,,bi_3,,BI3,,,,bi_4,,BI4,,,,bi_5,,BI5,,,,bi_6,,BI6,,,,bi_7,,BI7,,,,bi,,BI0,,,,bi_1,,BI1,,,,bi_2,,BI2,,,,bi_3,,BI3,,,,bi_4,,BI4,,,,bi_5,,BI5,,,,bi_6,,BI6,,,,bi_7,,BI7,,,,bi,,BI0,,,,bi_1,,BI1,,,,bi_2,,BI2,,,,bi_3,,BI3,,,,bi_4,,BI4,,,,bi_5,,BI5,,,,bi_6,,BI6,,,,bi_7,,BI7,,,,bi,,BI0,,,,bi_1,,BI1,,,,bi_2,,BI2,,,,bi_3,,BI3,,,,bi_4,,BI4,,,,bi_5,,BI5,,,,bi_6,,BI6,,,,bi_7,,BI7,,,,bi,,BI0,,,,bi_1,,BI1,,,,bi_2,,BI2,,,,bi_3,,BI3,,,,bi_4,,BI4,,,,bi_5,,BI5,,,,bi_6,,BI6,,,,bi_7,,BI7,,,,bi,,BI0,,,,bi_1,,BI1,,,,bi_2,,BI2,,,,bi_3,,BI3,,,,bi_4,,BI4,,,,bi_5,,BI5,,,,bi_6,,BI6,,,,bi_7,,BI7,,,,bi,,BI0,,,,bi_1,,BI1,,,,bi_2,,BI2,,,,bi_3,,BI3,,,,bi_4,,BI4,,,,bi_5,,BI5,,,,bi_6,,BI6,,,,bi_7,,BI7,,,,bi,,BI0,,,,bi_1,,BI1,,,,bi_2,,BI2,,,,bi_3,,BI3,,,,bi_4,,BI4,,,,bi_5,,BI5,,,,bi_6,,BI6,,,,bi_7,,BI7,,,,bi,,BI0,,,,bi_1,,BI1,,,,bi_2,,BI2,,,,bi_3,,BI3,,,,bi_4,,BI4,,,,bi_5,,BI5,,,,bi_6,,BI6,,,,bi_7,,BI7,,,,bi,,BI0,,,,bi_1,,BI1,,,,bi_2,,BI2,,,,bi_3,,BI3,,,,bi_4,,BI4,,,,bi_5,,BI5,,,,bi_6,,BI6,,,,bi_7,,BI7,,,,bi,,BI0,,,,bi_1,,BI1,,,,bi_2,,BI2,,,,bi_3,,BI3,,,,bi_4,,BI4,,,,bi_5,,BI5,,,,bi_6,,BI6,,,,bi_7,,BI7,,,,bi,,BI0,,,,bi_1,,BI1,,,,bi_2,,BI2,,,,bi_3,,BI3,,,,bi_4,,BI4,,,,bi_5,,BI5,,,,bi_6,,BI6,,,,bi_7,,BI7,,,,bi,,BI0,,,,bi_1,,BI1,,,,bi_2,,BI2,,,,bi_3,,BI3,,,,bi_4,,BI4,,,,bi_5,,BI5,,,,bi_6,,BI6,,,,bi_7,,BI7,,,,bi,,BI0,,,,bi_1,,BI1,,,,bi_2,,BI2,,,,bi_3,,BI3,,,,bi_4,,BI4,,,,bi_5,,BI5,,,,bi_6,,BI6,,,,bi_7,,BI7,,,,bi,,BI0,,,,bi_1,,BI1,,,,bi_2,,BI2,,,,bi_3,,BI3,,,,bi_4,,BI4,,,,bi_5,,BI5,,,,bi_6,,BI6,,,,bi_7,,BI7,,,,bi,,BI0,,,,bi_1,,BI1,,,,bi_2,,BI2,,,,bi_3,,BI3,,,,bi_4,,BI4,,,,bi_5,,BI5,,,,bi_6,,BI6,,,,bi_7,,BI7,,,,bi,,BI0,,,,bi_1,,BI1,,,,bi_2,,BI2,,,,bi_3,,BI3,,,,bi_4,,BI4,,,,bi_5,,BI5,,,,bi_6,,BI6,,,,bi_7,,BI7,,,,bi,,BI0,,,,bi_1,,BI1,,,,bi_2,,BI2,,,,bi_3,,BI3,,,,bi_4,,BI4,,,,bi_5,,BI5,,,,bi_6,,BI6,,,,bi_7,,BI7,,,,bi,,BI0,,,,bi_1,,BI1,,,,bi_2,,BI2,,,,bi_3,,BI3,,,,bi_4,,BI4,,,,bi_5,,BI5,,,,bi_6,,BI6,,,,bi_7,,BI7,,,,bi,,BI0,,,,bi_1,,BI1,,,,bi_2,,BI2,,,,bi_3,,BI3,,,,bi_4,,BI4,,,,bi_5,,BI5,,,,bi_6,,BI6,,,,bi_7,,BI7,,,
r,15,,HK_At,Aussentemperatur 00-000,,,0621,7780000a,tem_p,,TEM_P,,,,type,,UCH,0=none;2=on_off;4=Zeit;9=selection;13=Temperatur;64=Dauer;77=TemperaturSchwelle;141=TemperaturSoll;192=range,,Datentyp,unit,,UCH,0=none;2=_C;4=K;8=__0;10=h;12=min;16=kW;42=hh_mm,,Einheit,max,,SIN,10,°C,Maximum,min,,SIN,10,°C,Minimum,temp,,SIN,10,°C,HK Aussentemperatur
r,15,,Raumtemp_soll,Raumtemperatur Sollwert 01-001,,,0621,7781000a,tem_p,,TEM_P,,,,type,,UCH,0=none;2=on_off;4=Zeit;9=selection;13=Temperatur;64=Dauer;77=TemperaturSchwelle;141=TemperaturSoll;192=range,,Datentyp,unit,,UCH,0=none;2=_C;4=K;8=__0;10=h;12=min;16=kW;42=hh_mm,,Einheit,max,,SIN,10,°C,Maximum,min,,SIN,10,°C,Minimum,temp,,SIN,10,°C,Berechneter Sollwert für die Raumtemperatur
r,15,,HK_Vl_temp_ist,Heizkreis Vorlauftemperatur Ist 00-002,,,0621,7782000a,tem_p,,TEM_P,,,,type,,UCH,0=none;2=on_off;4=Zeit;9=selection;13=Temperatur;64=Dauer;77=TemperaturSchwelle;141=TemperaturSoll;192=range,,Datentyp,unit,,UCH,0=none;2=_C;4=K;8=__0;10=h;12=min;16=kW;42=hh_mm,,Einheit,max,,SIN,10,°C,Maximum,min,,SIN,10,°C,Minimum,temp,,SIN,10,°C,Vorlauftemperatur eines Heizkreises
r,15,,HK_Vl_temp_soll,Heizkreis Vorlauftemperatur Sollwert 01-002,,,0621,7783000a,tem_p,,TEM_P,,,,type,,UCH,0=none;2=on_off;4=Zeit;9=selection;13=Temperatur;64=Dauer;77=TemperaturSchwelle;141=TemperaturSoll;192=range,,Datentyp,unit,,UCH,0=none;2=_C;4=K;8=__0;10=h;12=min;16=kW;42=hh_mm,,Einheit,max,,SIN,10,°C,Maximum,min,,SIN,10,°C,Minimum,temp,,SIN,10,°C,Berechneter Sollwert für die Heizkreis Vorlauftemperatur
r,15,,At_mittel,Aussentemperatur Mittelwert 02-020,,,0621,7784000a,tem_p,,TEM_P,,,,type,,UCH,0=none;2=on_off;4=Zeit;9=selection;13=Temperatur;64=Dauer;77=TemperaturSchwelle;141=TemperaturSoll;192=range,,Datentyp,unit,,UCH,0=none;2=_C;4=K;8=__0;10=h;12=min;16=kW;42=hh_mm,,Einheit,max,,SIN,10,°C,Maximum,min,,SIN,10,°C,Minimum,temp,,SIN,10,°C,Berechneter Aussentemperatur Mittelwert
r,15,,HK_Status,Status Heizkreisregelung 02-051,,,0621,7785000a,tem_p,,TEM_P,,,,type,,UCH,0=none;2=on_off;4=Zeit;9=selection;13=Temperatur;64=Dauer;77=TemperaturSchwelle;141=TemperaturSoll;192=range,,Datentyp,unit,,UCH,0=none;2=_C;4=K;8=__0;10=h;12=min;16=kW;42=hh_mm,,Einheit,max,,SIN,,,Maximum,min,,SIN,,,Minimum,status,,UIN,0=Abgeschaltet;1=Normal_Heizbetrieb;3=Spar_Heizbetrieb;4=Frostschutzbetrieb;5=Zwangsabnahme;6=Zwangsdrosselung;7=Ferienbetrieb;8=Partybetrieb;9=Normal_Kuehlbetrieb;11=Spar_Kuehlbetrieb;12=Stoerung;13=Handbetrieb;14=Schutz_Kuehlbetrieb;15=Partybetrieb_Kuehlen;16=Austrocknung_Aufheizphase;17=Austrocknung_Stationaerphase;18=Austrocknung_Abkuehlphase;19=Austrocknung_Endphase,,Zustand Heizkreisregelung
[parameter_level_status='User_Level']r,15,,Temp_raumschutz,Raumschutztemperatur 03-000,,,0621,6380000a,tem_p,,TEM_P,,,,type,,UCH,0=none;2=on_off;4=Zeit;9=selection;13=Temperatur;64=Dauer;77=TemperaturSchwelle;141=TemperaturSoll;192=range,,Datentyp,unit,,UCH,0=none;2=_C;4=K;8=__0;10=h;12=min;16=kW;42=hh_mm,,Einheit,max,,SIN,10,°C,Maximum,min,,SIN,10,°C,Minimum,temp,,SIN,10,°C,Temperatur (Teiler 10)
[parameter_level_status='User_Level']w,15,,Set_Temp_raumschutz,Raumschutztemperatur 03-000,,10,0623,6380000a,temp,,SIN,10,°C,Temperatur (Teiler 10)
[parameter_level_status='User_Level']r,15,,Temp_vl_auslegung,Auslegungs Vorlauftemperatur 03-013,,,0621,6381000a,tem_p,,TEM_P,,,,type,,UCH,0=none;2=on_off;4=Zeit;9=selection;13=Temperatur;64=Dauer;77=TemperaturSchwelle;141=TemperaturSoll;192=range,,Datentyp,unit,,UCH,0=none;2=_C;4=K;8=__0;10=h;12=min;16=kW;42=hh_mm,,Einheit,max,,SIN,2,°C,Maximum,min,,SIN,2,°C,Minimum,temp,,SIN,2,°C,Temperatur (Teiler 2)
[parameter_level_status='User_Level']w,15,,Set_Temp_vl_auslegung,Auslegungs Vorlauftemperatur 03-013,,10,0623,6381000a,temp,,SIN,2,°C,Temperatur (Teiler 2)
[parameter_level_status='User_Level']r,15,,Temp_heizgrenze_normal,Heizgrenze Normalbetrieb 03-021,,,0621,6382000a,tem_p,,TEM_P,,,,type,,UCH,0=none;2=on_off;4=Zeit;9=selection;13=Temperatur;64=Dauer;77=TemperaturSchwelle;141=TemperaturSoll;192=range,,Datentyp,unit,,UCH,0=none;2=_C;4=K;8=__0;10=h;12=min;16=kW;42=hh_mm,,Einheit,max,,SIN,10,°C,Maximum,min,,SIN,10,°C,Minimum,temp,,SIN,10,°C,Temperatur (Teiler 10)
[parameter_level_status='User_Level']w,15,,Set_Temp_heizgrenze_normal,Heizgrenze Normalbetrieb 03-021,,10,0623,6382000a,temp,,SIN,10,°C,Temperatur (Teiler 10)
[parameter_level_status='User_Level']r,15,,HK_Betriebswahl,Betriebswahl Heizung 03-050,,,0621,6383000a,tem_p,,TEM_P,,,,type,,UCH,0=none;2=on_off;4=Zeit;9=selection;13=Temperatur;64=Dauer;77=TemperaturSchwelle;141=TemperaturSoll;192=range,,Datentyp,unit,,UCH,0=none;2=_C;4=K;8=__0;10=h;12=min;16=kW;42=hh_mm,,Einheit,max,,SIN,,,Maximum,min,,SIN,,,Minimum,status,,UIN,1=Automatikbetrieb_1;2=Automatikbetrieb_2;3=Automatikbetrieb_3;4=Normalbetrieb;5=Sparbetrieb;6=Standbybetrieb_WW_frei;7=Handbetrieb_Heizen,,Status
[parameter_level_status='User_Level']w,15,,Set_HK_Betriebswahl,Betriebswahl Heizung 03-050,,10,0623,6383000a,status,,UIN,1=Automatikbetrieb_1;2=Automatikbetrieb_2;3=Automatikbetrieb_3;4=Normalbetrieb;5=Sparbetrieb;6=Standbybetrieb_WW_frei;7=Handbetrieb_Heizen,,Status
[parameter_level_status='User_Level']r,15,,Temp_raum_normal,Normal Raumtemperatur Heizbetrieb 03-051,,,0621,6384000a,tem_p,,TEM_P,,,,type,,UCH,0=none;2=on_off;4=Zeit;9=selection;13=Temperatur;64=Dauer;77=TemperaturSchwelle;141=TemperaturSoll;192=range,,Datentyp,unit,,UCH,0=none;2=_C;4=K;8=__0;10=h;12=min;16=kW;42=hh_mm,,Einheit,max,,SIN,10,°C,Maximum,min,,SIN,10,°C,Minimum,temp,,SIN,10,°C,Temperatur (Teiler 10)
[parameter_level_status='User_Level']w,15,,Set_Temp_raum_normal,Normal Raumtemperatur Heizbetrieb 03-051,,10,0623,6384000a,temp,,SIN,10,°C,Temperatur (Teiler 10)
[parameter_level_status='User_Level']r,15,,Temp_raum_spar,Spar Raumtemperatur Heizbetrieb 03-053,,,0621,6385000a,tem_p,,TEM_P,,,,type,,UCH,0=none;2=on_off;4=Zeit;9=selection;13=Temperatur;64=Dauer;77=TemperaturSchwelle;141=TemperaturSoll;192=range,,Datentyp,unit,,UCH,0=none;2=_C;4=K;8=__0;10=h;12=min;16=kW;42=hh_mm,,Einheit,max,,SIN,10,°C,Maximum,min,,SIN,10,°C,Minimum,temp,,SIN,10,°C,Temperatur (Teiler 10)
[parameter_level_status='User_Level']w,15,,Set_Temp_raum_spar,Spar Raumtemperatur Heizbetrieb 03-053,,10,0623,6385000a,temp,,SIN,10,°C,Temperatur (Teiler 10)
[parameter_level_status='User_Level']r,15,,Temp_behaglichkeit,Behaglichkeit 03-058,,,0621,6386000a,tem_p,,TEM_P,,,,type,,UCH,0=none;2=on_off;4=Zeit;9=selection;13=Temperatur;64=Dauer;77=TemperaturSchwelle;141=TemperaturSoll;192=range,,Datentyp,unit,,UCH,0=none;2=_C;4=K;8=__0;10=h;12=min;16=kW;42=hh_mm,,Einheit,max,,SIN,10,°C,Maximum,min,,SIN,10,°C,Minimum,temp,,SIN,10,°C,Temperatur (Teiler 10)
[parameter_level_status='User_Level']w,15,,Set_Temp_behaglichkeit,Behaglichkeit 03-058,,10,0623,6386000a,temp,,SIN,10,°C,Temperatur (Teiler 10)
[parameter_level_status='User_Level']r,15,,Temp_soll_handbetrieb,Solltemperatur Handbetrieb 07-009,,,0621,6780000a,tem_p,,TEM_P,,,,type,,UCH,0=none;2=on_off;4=Zeit;9=selection;13=Temperatur;64=Dauer;77=TemperaturSchwelle;141=TemperaturSoll;192=range,,Datentyp,unit,,UCH,0=none;2=_C;4=K;8=__0;10=h;12=min;16=kW;42=hh_mm,,Einheit,max,,SIN,10,°C,Maximum,min,,SIN,10,°C,Minimum,temp,,SIN,10,°C,Temperatur (Teiler 10)
[parameter_level_status='User_Level']w,15,,Set_Temp_soll_handbetrieb,Solltemperatur Handbetrieb 07-009,,10,0623,6780000a,temp,,SIN,10,°C,Temperatur (Teiler 10)
[parameter_level_status='User_Level']r,15,,HK_Applikationstyp,Applikationstyp Heizkreis 07-076,,,0621,6781000a,tem_p,,TEM_P,,,,type,,UCH,0=none;2=on_off;4=Zeit;9=selection;13=Temperatur;64=Dauer;77=TemperaturSchwelle;141=TemperaturSoll;192=range,,Datentyp,unit,,UCH,0=none;2=_C;4=K;8=__0;10=h;12=min;16=kW;42=hh_mm,,Einheit,max,,SIN,,,Maximum,min,,SIN,,,Minimum,status,,UIN,0=nicht_aktiv1;2=Pumpenkreis_mit_Kuehlung;3=Mischerkreis_ohne_Kuehlung;4=Mischerkreis_mit_Kuehlung,,Status
[parameter_level_status='User_Level']w,15,,Set_HK_Applikationstyp,Applikationstyp Heizkreis 07-076,,10,0623,6781000a,status,,UIN,0=nicht_aktiv1;2=Pumpenkreis_mit_Kuehlung;3=Mischerkreis_ohne_Kuehlung;4=Mischerkreis_mit_Kuehlung,,Status
[parameter_level_status='Expert_Level']r,15,,Temp_raumschutz,Raumschutztemperatur 03-000,,,0621,6380000a,tem_p,,TEM_P,,,,type,,UCH,0=none;2=on_off;4=Zeit;9=selection;13=Temperatur;64=Dauer;77=TemperaturSchwelle;141=TemperaturSoll;192=range,,Datentyp,unit,,UCH,0=none;2=_C;4=K;8=__0;10=h;12=min;16=kW;42=hh_mm,,Einheit,max,,SIN,10,°C,Maximum,min,,SIN,10,°C,Minimum,temp,,SIN,10,°C,Temperatur (Teiler 10)
[parameter_level_status='Expert_Level']w,15,,Set_Temp_raumschutz,Raumschutztemperatur 03-000,,10,0623,6380000a,temp,,SIN,10,°C,Temperatur (Teiler 10)
[parameter_level_status='Expert_Level']r,15,,Temp_vl_fusspunkt,Fusspunkt Vorlauftemperatur Heizbetrieb 03-001,,,0621,6381000a,tem_p,,TEM_P,,,,type,,UCH,0=none;2=on_off;4=Zeit;9=selection;13=Temperatur;64=Dauer;77=TemperaturSchwelle;141=TemperaturSoll;192=range,,Datentyp,unit,,UCH,0=none;2=_C;4=K;8=__0;10=h;12=min;16=kW;42=hh_mm,,Einheit,max,,SIN,10,°C,Maximum,min,,SIN,10,°C,Minimum,temp,,SIN,10,°C,Temperatur (Teiler 10)
[parameter_level_status='Expert_Level']w,15,,Set_Temp_vl_fusspunkt,Fusspunkt Vorlauftemperatur Heizbetrieb 03-001,,10,0623,6381000a,temp,,SIN,10,°C,Temperatur (Teiler 10)
[parameter_level_status='Expert_Level']r,15,,Heizgrenze_spar,Heizgrenze Sparbetrieb 03-002,,,0621,6382000a,tem_p,,TEM_P,,,,type,,UCH,0=none;2=on_off;4=Zeit;9=selection;13=Temperatur;64=Dauer;77=TemperaturSchwelle;141=TemperaturSoll;192=range,,Datentyp,unit,,UCH,0=none;2=_C;4=K;8=__0;10=h;12=min;16=kW;42=hh_mm,,Einheit,max,,SIN,10,°C,Maximum,min,,SIN,10,°C,Minimum,temp,,SIN,10,°C,Temperatur (Teiler 10)
[parameter_level_status='Expert_Level']w,15,,Set_Heizgrenze_spar,Heizgrenze Sparbetrieb 03-002,,10,0623,6382000a,temp,,SIN,10,°C,Temperatur (Teiler 10)
[parameter_level_status='Expert_Level']r,15,,Startopt_vorhaltezeit,Startoptimierung Vorhaltezeit 03-006,,,0621,6383000a,tem_p,,TEM_P,,,,type,,UCH,0=none;2=on_off;4=Zeit;9=selection;13=Temperatur;64=Dauer;77=TemperaturSchwelle;141=TemperaturSoll;192=range,,Datentyp,unit,,UCH,0=none;2=_C;4=K;8=__0;10=h;12=min;16=kW;42=hh_mm,,Einheit,max,,SIN,,,Maximum,min,,SIN,,,Minimum,time,,UIN,10,min,
[parameter_level_status='Expert_Level']w,15,,Set_Startopt_vorhaltezeit,Startoptimierung Vorhaltezeit 03-006,,10,0623,6383000a,time,,UIN,10,min,
[parameter_level_status='Expert_Level']r,15,,Temp_raum_kompensation,Raumtemperatur Kompensation 03-007,,,0621,6384000a,tem_p,,TEM_P,,,,type,,UCH,0=none;2=on_off;4=Zeit;9=selection;13=Temperatur;64=Dauer;77=TemperaturSchwelle;141=TemperaturSoll;192=range,,Datentyp,unit,,UCH,0=none;2=_C;4=K;8=__0;10=h;12=min;16=kW;42=hh_mm,,Einheit,max,,SIN,,,Maximum,min,,SIN,,,Minimum,status,,UIN,10,,
[parameter_level_status='Expert_Level']w,15,,Set_Temp_raum_kompensation,Raumtemperatur Kompensation 03-007,,10,0623,6384000a,status,,UIN,10,,
[parameter_level_status='Expert_Level']r,15,,Temp_aussen_auslegung,Auslegungs Aussentemperatur Heizbetrieb 03-012,,,0621,6385000a,tem_p,,TEM_P,,,,type,,UCH,0=none;2=on_off;4=Zeit;9=selection;13=Temperatur;64=Dauer;77=TemperaturSchwelle;141=TemperaturSoll;192=range,,Datentyp,unit,,UCH,0=none;2=_C;4=K;8=__0;10=h;12=min;16=kW;42=hh_mm,,Einheit,sch,,SCH,,,,ign,,IGN:1,,,,sch,,SCH,,,,ign,,IGN:1,,,,sch,,SCH,,,,ign,,IGN:1,,,
[parameter_level_status='Expert_Level']w,15,,Set_Temp_aussen_auslegung,Auslegungs Aussentemperatur Heizbetrieb 03-012,,10,0623,6385000a,sch,,SCH,,,,ign,,IGN:1,,,
[parameter_level_status='Expert_Level']r,15,,Temp_vl_auslegung,Auslegungs Vorlauftemperatur 03-013,,,0621,6386000a,tem_p,,TEM_P,,,,type,,UCH,0=none;2=on_off;4=Zeit;9=selection;13=Temperatur;64=Dauer;77=TemperaturSchwelle;141=TemperaturSoll;192=range,,Datentyp,unit,,UCH,0=none;2=_C;4=K;8=__0;10=h;12=min;16=kW;42=hh_mm,,Einheit,max,,SIN,2,°C,Maximum,min,,SIN,2,°C,Minimum,temp,,SIN,2,°C,Temperatur (Teiler 2)
[parameter_level_status='Expert_Level']w,15,,Set_Temp_vl_auslegung,Auslegungs Vorlauftemperatur 03-013,,10,0623,6386000a,temp,,SIN,2,°C,Temperatur (Teiler 2)
[parameter_level_status='Expert_Level']r,15,,Konst_at_mittelwert,Zeitkonstante für Aussentemperatur Mittelwertberechnung 03-020,,,0621,6387000a,tem_p,,TEM_P,,,,type,,UCH,0=none;2=on_off;4=Zeit;9=selection;13=Temperatur;64=Dauer;77=TemperaturSchwelle;141=TemperaturSoll;192=range,,Datentyp,unit,,UCH,0=none;2=_C;4=K;8=__0;10=h;12=min;16=kW;42=hh_mm,,Einheit,max,,SIN,,,Maximum,min,,SIN,,,Minimum,time,,UIN,,h,
[parameter_level_status='Expert_Level']w,15,,Set_Konst_at_mittelwert,Zeitkonstante für Aussentemperatur Mittelwertberechnung 03-020,,10,0623,6387000a,time,,UIN,,h,
[parameter_level_status='Expert_Level']r,15,,Temp_heizgrenze_normal,Heizgrenze Normalbetrieb 03-021,,,0621,6388000a,tem_p,,TEM_P,,,,type,,UCH,0=none;2=on_off;4=Zeit;9=selection;13=Temperatur;64=Dauer;77=TemperaturSchwelle;141=TemperaturSoll;192=range,,Datentyp,unit,,UCH,0=none;2=_C;4=K;8=__0;10=h;12=min;16=kW;42=hh_mm,,Einheit,max,,SIN,10,°C,Maximum,min,,SIN,10,°C,Minimum,temp,,SIN,10,°C,Temperatur (Teiler 10)
[parameter_level_status='Expert_Level']w,15,,Set_Temp_heizgrenze_normal,Heizgrenze Normalbetrieb 03-021,,10,0623,6388000a,temp,,SIN,10,°C,Temperatur (Teiler 10)
[parameter_level_status='Expert_Level']r,15,,Temp_aussen_frostgrenze,Frostgrenze Aussentemperatur 03-023,,,0621,6389000a,tem_p,,TEM_P,,,,type,,UCH,0=none;2=on_off;4=Zeit;9=selection;13=Temperatur;64=Dauer;77=TemperaturSchwelle;141=TemperaturSoll;192=range,,Datentyp,unit,,UCH,0=none;2=_C;4=K;8=__0;10=h;12=min;16=kW;42=hh_mm,,Einheit,max,,SIN,10,°C,Maximum,min,,SIN,10,°C,Minimum,temp,,SIN,10,°C,Temperatur (Teiler 10)
[parameter_level_status='Expert_Level']w,15,,Set_Temp_aussen_frostgrenze,Frostgrenze Aussentemperatur 03-023,,10,0623,6389000a,temp,,SIN,10,°C,Temperatur (Teiler 10)
[parameter_level_status='Expert_Level']r,15,,Zeitkonstante,Zeitkonstante für R 03-024,,,0621,638a000a,tem_p,,TEM_P,,,,type,,UCH,0=none;2=on_off;4=Zeit;9=selection;13=Temperatur;64=Dauer;77=TemperaturSchwelle;141=TemperaturSoll;192=range,,Datentyp,unit,,UCH,0=none;2=_C;4=K;8=__0;10=h;12=min;16=kW;42=hh_mm,,Einheit,max,,SIN,,,Maximum,min,,SIN,,,Minimum,time,,UIN,,,
[parameter_level_status='Expert_Level']w,15,,Set_Zeitkonstante,Zeitkonstante für R 03-024,,10,0623,638a000a,time,,UIN,,,
[parameter_level_status='Expert_Level']r,15,,Abweichung_heizen_ein,Abweichung forciert Heizen 03-025,,,0621,638b000a,tem_p,,TEM_P,,,,type,,UCH,0=none;2=on_off;4=Zeit;9=selection;13=Temperatur;64=Dauer;77=TemperaturSchwelle;141=TemperaturSoll;192=range,,Datentyp,unit,,UCH,0=none;2=_C;4=K;8=__0;10=h;12=min;16=kW;42=hh_mm,,Einheit,max,,SIN,10,°C,Maximum,min,,SIN,10,°C,Minimum,temp,,SIN,10,°C,Temperatur (Teiler 10)
[parameter_level_status='Expert_Level']w,15,,Set_Abweichung_heizen_ein,Abweichung forciert Heizen 03-025,,10,0623,638b000a,temp,,SIN,10,°C,Temperatur (Teiler 10)
[parameter_level_status='Expert_Level']r,15,,Abweichung_heizen_aus,Abweichung Heizen aus 03-026,,,0621,638c000a,tem_p,,TEM_P,,,,type,,UCH,0=none;2=on_off;4=Zeit;9=selection;13=Temperatur;64=Dauer;77=TemperaturSchwelle;141=TemperaturSoll;192=range,,Datentyp,unit,,UCH,0=none;2=_C;4=K;8=__0;10=h;12=min;16=kW;42=hh_mm,,Einheit,max,,SIN,10,°C,Maximum,min,,SIN,10,°C,Minimum,temp,,SIN,10,°C,Temperatur (Teiler 10)
[parameter_level_status='Expert_Level']w,15,,Set_Abweichung_heizen_aus,Abweichung Heizen aus 03-026,,10,0623,638c000a,temp,,SIN,10,°C,Temperatur (Teiler 10)
[parameter_level_status='Expert_Level']r,15,,Nachstellzeit_raumregler,Nachstellzeit Raumregler 03-030,,,0621,638d000a,tem_p,,TEM_P,,,,type,,UCH,0=none;2=on_off;4=Zeit;9=selection;13=Temperatur;64=Dauer;77=TemperaturSchwelle;141=TemperaturSoll;192=range,,Datentyp,unit,,UCH,0=none;2=_C;4=K;8=__0;10=h;12=min;16=kW;42=hh_mm,,Einheit,max,,SIN,,,Maximum,min,,SIN,,,Minimum,time,,UIN,10,,
[parameter_level_status='Expert_Level']w,15,,Set_Nachstellzeit_raumregler,Nachstellzeit Raumregler 03-030,,10,0623,638d000a,time,,UIN,10,,
[parameter_level_status='Expert_Level']r,15,,HK_Betriebswahl,Betriebswahl Heizung 03-050,,,0621,638e000a,tem_p,,TEM_P,,,,type,,UCH,0=none;2=on_off;4=Zeit;9=selection;13=Temperatur;64=Dauer;77=TemperaturSchwelle;141=TemperaturSoll;192=range,,Datentyp,unit,,UCH,0=none;2=_C;4=K;8=__0;10=h;12=min;16=kW;42=hh_mm,,Einheit,max,,SIN,,,Maximum,min,,SIN,,,Minimum,status,,UIN,1=Automatikbetrieb_1;2=Automatikbetrieb_2;3=Automatikbetrieb_3;4=Normalbetrieb;5=Sparbetrieb;6=Standbybetrieb_WW_frei;7=Handbetrieb_Heizen,,Status
[parameter_level_status='Expert_Level']w,15,,Set_HK_Betriebswahl,Betriebswahl Heizung 03-050,,10,0623,638e000a,status,,UIN,1=Automatikbetrieb_1;2=Automatikbetrieb_2;3=Automatikbetrieb_3;4=Normalbetrieb;5=Sparbetrieb;6=Standbybetrieb_WW_frei;7=Handbetrieb_Heizen,,Status
[parameter_level_status='Expert_Level']r,15,,Temp_raum_normal,Normal Raumtemperatur Heizbetrieb 03-051,,,0621,638f000a,tem_p,,TEM_P,,,,type,,UCH,0=none;2=on_off;4=Zeit;9=selection;13=Temperatur;64=Dauer;77=TemperaturSchwelle;141=TemperaturSoll;192=range,,Datentyp,unit,,UCH,0=none;2=_C;4=K;8=__0;10=h;12=min;16=kW;42=hh_mm,,Einheit,max,,SIN,10,°C,Maximum,min,,SIN,10,°C,Minimum,temp,,SIN,10,°C,Temperatur (Teiler 10)
[parameter_level_status='Expert_Level']w,15,,Set_Temp_raum_normal,Normal Raumtemperatur Heizbetrieb 03-051,,10,0623,638f000a,temp,,SIN,10,°C,Temperatur (Teiler 10)
[parameter_level_status='Expert_Level']r,15,,Temp_raum_spar,Spar Raumtemperatur Heizbetrieb 03-053,,,0621,6390000a,tem_p,,TEM_P,,,,type,,UCH,0=none;2=on_off;4=Zeit;9=selection;13=Temperatur;64=Dauer;77=TemperaturSchwelle;141=TemperaturSoll;192=range,,Datentyp,unit,,UCH,0=none;2=_C;4=K;8=__0;10=h;12=min;16=kW;42=hh_mm,,Einheit,max,,SIN,10,°C,Maximum,min,,SIN,10,°C,Minimum,temp,,SIN,10,°C,Temperatur (Teiler 10)
[parameter_level_status='Expert_Level']w,15,,Set_Temp_raum_spar,Spar Raumtemperatur Heizbetrieb 03-053,,10,0623,6390000a,temp,,SIN,10,°C,Temperatur (Teiler 10)
[parameter_level_status='Expert_Level']r,15,,Temp_behaglichkeit,Behaglichkeit 03-058,,,0621,6391000a,tem_p,,TEM_P,,,,type,,UCH,0=none;2=on_off;4=Zeit;9=selection;13=Temperatur;64=Dauer;77=TemperaturSchwelle;141=TemperaturSoll;192=range,,Datentyp,unit,,UCH,0=none;2=_C;4=K;8=__0;10=h;12=min;16=kW;42=hh_mm,,Einheit,max,,SIN,10,°C,Maximum,min,,SIN,10,°C,Minimum,temp,,SIN,10,°C,Temperatur (Teiler 10)
[parameter_level_status='Expert_Level']w,15,,Set_Temp_behaglichkeit,Behaglichkeit 03-058,,10,0623,6391000a,temp,,SIN,10,°C,Temperatur (Teiler 10)
[parameter_level_status='Expert_Level']r,15,,Fernbedienung,Fernbedienung vorh 03-091,,,0621,6392000a,tem_p,,TEM_P,,,,type,,UCH,0=none;2=on_off;4=Zeit;9=selection;13=Temperatur;64=Dauer;77=TemperaturSchwelle;141=TemperaturSoll;192=range,,Datentyp,unit,,UCH,0=none;2=_C;4=K;8=__0;10=h;12=min;16=kW;42=hh_mm,,Einheit,max,,SIN,,,Maximum,min,,SIN,,,Minimum,status,,UIN,,,Status
[parameter_level_status='Expert_Level']w,15,,Set_Fernbedienung,Fernbedienung vorh 03-091,,10,0623,6392000a,status,,UIN,,,Status
[parameter_level_status='Expert_Level']r,15,,HK_Zone_ferien,Ferien Zonenzuordnung 03-092,,,0621,6393000a,tem_p,,TEM_P,,,,type,,UCH,0=none;2=on_off;4=Zeit;9=selection;13=Temperatur;64=Dauer;77=TemperaturSchwelle;141=TemperaturSoll;192=range,,Datentyp,unit,,UCH,0=none;2=_C;4=K;8=__0;10=h;12=min;16=kW;42=hh_mm,,Einheit,max,,SIN,,,Maximum,min,,SIN,,,Minimum,status,,UIN,,,Nutzung des lokalen Ferienprogramms oder das eines bestehenden Heizkreises
[parameter_level_status='Expert_Level']w,15,,Set_HK_Zone_ferien,Ferien Zonenzuordnung 03-092,,10,0623,6393000a,status,,UIN,,,Nutzung des lokalen Ferienprogramms oder das eines bestehenden Heizkreises
[parameter_level_status='Expert_Level']r,15,,HK_Zone_timer,Timer Zonenzuordnung 03-093,,,0621,6394000a,tem_p,,TEM_P,,,,type,,UCH,0=none;2=on_off;4=Zeit;9=selection;13=Temperatur;64=Dauer;77=TemperaturSchwelle;141=TemperaturSoll;192=range,,Datentyp,unit,,UCH,0=none;2=_C;4=K;8=__0;10=h;12=min;16=kW;42=hh_mm,,Einheit,max,,SIN,,,Maximum,min,,SIN,,,Minimum,status,,UIN,,,Nutzung der lokalen Timerfunktionen oder die eines bestehenden Heizkreises
[parameter_level_status='Expert_Level']w,15,,Set_HK_Zone_timer,Timer Zonenzuordnung 03-093,,10,0623,6394000a,status,,UIN,,,Nutzung der lokalen Timerfunktionen oder die eines bestehenden Heizkreises
[parameter_level_status='Expert_Level']r,15,,HK_Zone_betriebswahl,Betriebswahl Zonenzuordnung 03-094,,,0621,6395000a,tem_p,,TEM_P,,,,type,,UCH,0=none;2=on_off;4=Zeit;9=selection;13=Temperatur;64=Dauer;77=TemperaturSchwelle;141=TemperaturSoll;192=range,,Datentyp,unit,,UCH,0=none;2=_C;4=K;8=__0;10=h;12=min;16=kW;42=hh_mm,,Einheit,max,,SIN,,,Maximum,min,,SIN,,,Minimum,status,,UIN,,,Nutzung der lokalen Betriebswahl oder die eines bestehenden Heizkreises
[parameter_level_status='Expert_Level']w,15,,Set_HK_Zone_betriebswahl,Betriebswahl Zonenzuordnung 03-094,,10,0623,6395000a,status,,UIN,,,Nutzung der lokalen Betriebswahl oder die eines bestehenden Heizkreises
[parameter_level_status='Expert_Level']r,15,,HK_Zone_zeitprogramm,Zeitprogramm Zonenzuordnung 03-095,,,0621,6396000a,tem_p,,TEM_P,,,,type,,UCH,0=none;2=on_off;4=Zeit;9=selection;13=Temperatur;64=Dauer;77=TemperaturSchwelle;141=TemperaturSoll;192=range,,Datentyp,unit,,UCH,0=none;2=_C;4=K;8=__0;10=h;12=min;16=kW;42=hh_mm,,Einheit,max,,SIN,,,Maximum,min,,SIN,,,Minimum,status,,UIN,,,Nutzung des lokalen Zeitprogramms oder das eines bestehenden Heizkreises
[parameter_level_status='Expert_Level']w,15,,Set_HK_Zone_zeitprogramm,Zeitprogramm Zonenzuordnung 03-095,,10,0623,6396000a,status,,UIN,,,Nutzung des lokalen Zeitprogramms oder das eines bestehenden Heizkreises
[parameter_level_status='Expert_Level']r,15,,Zone_temperatur,Temperatur Zonenzuordnung 03-096,,,0621,6397000a,tem_p,,TEM_P,,,,type,,UCH,0=none;2=on_off;4=Zeit;9=selection;13=Temperatur;64=Dauer;77=TemperaturSchwelle;141=TemperaturSoll;192=range,,Datentyp,unit,,UCH,0=none;2=_C;4=K;8=__0;10=h;12=min;16=kW;42=hh_mm,,Einheit,max,,SIN,,,Maximum,min,,SIN,,,Minimum,status,,UIN,,,Status
[parameter_level_status='Expert_Level']w,15,,Set_Zone_temperatur,Temperatur Zonenzuordnung 03-096,,10,0623,6397000a,status,,UIN,,,Status
[parameter_level_status='Expert_Level']r,15,,Temp_anlage_min,Minimale Anlagetemperatur 03-110,,,0621,6398000a,tem_p,,TEM_P,,,,type,,UCH,0=none;2=on_off;4=Zeit;9=selection;13=Temperatur;64=Dauer;77=TemperaturSchwelle;141=TemperaturSoll;192=range,,Datentyp,unit,,UCH,0=none;2=_C;4=K;8=__0;10=h;12=min;16=kW;42=hh_mm,,Einheit,max,,SIN,10,°C,Maximum,min,,SIN,10,°C,Minimum,temp,,SIN,10,°C,Temperatur (Teiler 10)
[parameter_level_status='Expert_Level']w,15,,Set_Temp_anlage_min,Minimale Anlagetemperatur 03-110,,10,0623,6398000a,temp,,SIN,10,°C,Temperatur (Teiler 10)
[parameter_level_status='Expert_Level']r,15,,HK_Abschaltdifferenz,Abschaltdifferenz Anlagetemperatur 03-111,,,0621,6399000a,tem_p,,TEM_P,,,,type,,UCH,0=none;2=on_off;4=Zeit;9=selection;13=Temperatur;64=Dauer;77=TemperaturSchwelle;141=TemperaturSoll;192=range,,Datentyp,unit,,UCH,0=none;2=_C;4=K;8=__0;10=h;12=min;16=kW;42=hh_mm,,Einheit,max,,SIN,10,°C,Maximum,min,,SIN,10,°C,Minimum,temp,,SIN,10,°C,Temperatur (Teiler 10)
[parameter_level_status='Expert_Level']w,15,,Set_HK_Abschaltdifferenz,Abschaltdifferenz Anlagetemperatur 03-111,,10,0623,6399000a,temp,,SIN,10,°C,Temperatur (Teiler 10)
[parameter_level_status='Expert_Level']r,15,,Proportionalbereich_mischer,Proportionalbereich Mischerregelung 07-000,,,0621,6780000a,tem_p,,TEM_P,,,,type,,UCH,0=none;2=on_off;4=Zeit;9=selection;13=Temperatur;64=Dauer;77=TemperaturSchwelle;141=TemperaturSoll;192=range,,Datentyp,unit,,UCH,0=none;2=_C;4=K;8=__0;10=h;12=min;16=kW;42=hh_mm,,Einheit,max,,SIN,10,°C,Maximum,min,,SIN,10,°C,Minimum,temp,,SIN,10,°C,Temperatur (Teiler 10)
[parameter_level_status='Expert_Level']w,15,,Set_Proportionalbereich_mischer,Proportionalbereich Mischerregelung 07-000,,10,0623,6780000a,temp,,SIN,10,°C,Temperatur (Teiler 10)
[parameter_level_status='Expert_Level']r,15,,We_vl_soll_ueberhoehung,Wärmeerzeuger Überhöhung Vorlaufsollwert 07-001,,,0621,6781000a,tem_p,,TEM_P,,,,type,,UCH,0=none;2=on_off;4=Zeit;9=selection;13=Temperatur;64=Dauer;77=TemperaturSchwelle;141=TemperaturSoll;192=range,,Datentyp,unit,,UCH,0=none;2=_C;4=K;8=__0;10=h;12=min;16=kW;42=hh_mm,,Einheit,max,,SIN,10,°C,Maximum,min,,SIN,10,°C,Minimum,temp,,SIN,10,°C,Temperatur (Teiler 10)
[parameter_level_status='Expert_Level']w,15,,Set_We_vl_soll_ueberhoehung,Wärmeerzeuger Überhöhung Vorlaufsollwert 07-001,,10,0623,6781000a,temp,,SIN,10,°C,Temperatur (Teiler 10)
[parameter_level_status='Expert_Level']r,15,,Temp_vl_min,Minimale Vorlauftemperatur 07-002,,,0621,6782000a,tem_p,,TEM_P,,,,type,,UCH,0=none;2=on_off;4=Zeit;9=selection;13=Temperatur;64=Dauer;77=TemperaturSchwelle;141=TemperaturSoll;192=range,,Datentyp,unit,,UCH,0=none;2=_C;4=K;8=__0;10=h;12=min;16=kW;42=hh_mm,,Einheit,max,,SIN,10,°C,Maximum,min,,SIN,10,°C,Minimum,temp,,SIN,10,°C,Temperatur (Teiler 10)
[parameter_level_status='Expert_Level']w,15,,Set_Temp_vl_min,Minimale Vorlauftemperatur 07-002,,10,0623,6782000a,temp,,SIN,10,°C,Temperatur (Teiler 10)
[parameter_level_status='Expert_Level']r,15,,HK_Nachlauf_pumpe,Pumpennachlauf Heizkreis 07-003,,,0621,6783000a,tem_p,,TEM_P,,,,type,,UCH,0=none;2=on_off;4=Zeit;9=selection;13=Temperatur;64=Dauer;77=TemperaturSchwelle;141=TemperaturSoll;192=range,,Datentyp,unit,,UCH,0=none;2=_C;4=K;8=__0;10=h;12=min;16=kW;42=hh_mm,,Einheit,max,,SIN,10,°C,Maximum,min,,SIN,10,°C,Minimum,time,,UIN,10,min,
[parameter_level_status='Expert_Level']w,15,,Set_HK_Nachlauf_pumpe,Pumpennachlauf Heizkreis 07-003,,10,0623,6783000a,time,,UIN,10,min,
[parameter_level_status='Expert_Level']r,15,,Heizkreistyp,Heizkreistyp 07-005,,,0621,6784000a,tem_p,,TEM_P,,,,type,,UCH,0=none;2=on_off;4=Zeit;9=selection;13=Temperatur;64=Dauer;77=TemperaturSchwelle;141=TemperaturSoll;192=range,,Datentyp,unit,,UCH,0=none;2=_C;4=K;8=__0;10=h;12=min;16=kW;42=hh_mm,,Einheit,max,,SIN,,,Maximum,min,,SIN,,,Minimum,status,,UIN,0=_3_Punkt_Mischer;1=_2_Punkt_Mischer;2=Pumpkreis;3=kein_Heizkreis,,Status
[parameter_level_status='Expert_Level']w,15,,Set_Heizkreistyp,Heizkreistyp 07-005,,10,0623,6784000a,status,,UIN,0=_3_Punkt_Mischer;1=_2_Punkt_Mischer;2=Pumpkreis;3=kein_Heizkreis,,Status
[parameter_level_status='Expert_Level']r,15,,Temp_vl_max,Vorlauf Maximaltemperatur 07-008,,,0621,6785000a,tem_p,,TEM_P,,,,type,,UCH,0=none;2=on_off;4=Zeit;9=selection;13=Temperatur;64=Dauer;77=TemperaturSchwelle;141=TemperaturSoll;192=range,,Datentyp,unit,,UCH,0=none;2=_C;4=K;8=__0;10=h;12=min;16=kW;42=hh_mm,,Einheit,max,,SIN,10,°C,Maximum,min,,SIN,10,°C,Minimum,temp,,SIN,10,°C,Temperatur (Teiler 10)
[parameter_level_status='Expert_Level']w,15,,Set_Temp_vl_max,Vorlauf Maximaltemperatur 07-008,,10,0623,6785000a,temp,,SIN,10,°C,Temperatur (Teiler 10)
[parameter_level_status='Expert_Level']r,15,,Temp_soll_handbetrieb,Solltemperatur Handbetrieb 07-009,,,0621,6786000a,tem_p,,TEM_P,,,,type,,UCH,0=none;2=on_off;4=Zeit;9=selection;13=Temperatur;64=Dauer;77=TemperaturSchwelle;141=TemperaturSoll;192=range,,Datentyp,unit,,UCH,0=none;2=_C;4=K;8=__0;10=h;12=min;16=kW;42=hh_mm,,Einheit,max,,SIN,10,°C,Maximum,min,,SIN,10,°C,Minimum,temp,,SIN,10,°C,Temperatur (Teiler 10)
[parameter_level_status='Expert_Level']w,15,,Set_Temp_soll_handbetrieb,Solltemperatur Handbetrieb 07-009,,10,0623,6786000a,temp,,SIN,10,°C,Temperatur (Teiler 10)
[parameter_level_status='Expert_Level']r,15,,Ueberhoehung_hk_niedertarif,Heizkreisüberhöhung Niedertarif 07-031,,,0621,6787000a,tem_p,,TEM_P,,,,type,,UCH,0=none;2=on_off;4=Zeit;9=selection;13=Temperatur;64=Dauer;77=TemperaturSchwelle;141=TemperaturSoll;192=range,,Datentyp,unit,,UCH,0=none;2=_C;4=K;8=__0;10=h;12=min;16=kW;42=hh_mm,,Einheit,max,,SIN,2,°C,Maximum,min,,SIN,2,°C,Minimum,temp,,SIN,2,°C,Temperatur (Teiler 2)
[parameter_level_status='Expert_Level']w,15,,Set_Ueberhoehung_hk_niedertarif,Heizkreisüberhöhung Niedertarif 07-031,,10,0623,6787000a,temp,,SIN,2,°C,Temperatur (Teiler 2)
[parameter_level_status='Expert_Level']r,15,,HK_Energiezwangzahl,Energiezwangzahl 07-034,,,0621,6788000a,tem_p,,TEM_P,,,,type,,UCH,0=none;2=on_off;4=Zeit;9=selection;13=Temperatur;64=Dauer;77=TemperaturSchwelle;141=TemperaturSoll;192=range,,Datentyp,unit,,UCH,0=none;2=_C;4=K;8=__0;10=h;12=min;16=kW;42=hh_mm,,Einheit,max,,SIN,,,Maximum,min,,SIN,,,Minimum,status,,UIN,0=kein;1=negativ;2=positiv;3=beide,,Status
[parameter_level_status='Expert_Level']w,15,,Set_HK_Energiezwangzahl,Energiezwangzahl 07-034,,10,0623,6788000a,status,,UIN,0=kein;1=negativ;2=positiv;3=beide,,Status
[parameter_level_status='Expert_Level']r,15,,Mischer_neutralzone,Mischer Neutralzone 07-041,,,0621,6789000a,tem_p,,TEM_P,,,,type,,UCH,0=none;2=on_off;4=Zeit;9=selection;13=Temperatur;64=Dauer;77=TemperaturSchwelle;141=TemperaturSoll;192=range,,Datentyp,unit,,UCH,0=none;2=_C;4=K;8=__0;10=h;12=min;16=kW;42=hh_mm,,Einheit,max,,SIN,10,°C,Maximum,min,,SIN,10,°C,Minimum,temp,,UIN,10,K,
[parameter_level_status='Expert_Level']w,15,,Set_Mischer_neutralzone,Mischer Neutralzone 07-041,,10,0623,6789000a,temp,,UIN,10,K,
[parameter_level_status='Expert_Level']r,15,,HK_Applikationstyp,Applikationstyp Heizkreis 07-076,,,0621,678a000a,tem_p,,TEM_P,,,,type,,UCH,0=none;2=on_off;4=Zeit;9=selection;13=Temperatur;64=Dauer;77=TemperaturSchwelle;141=TemperaturSoll;192=range,,Datentyp,unit,,UCH,0=none;2=_C;4=K;8=__0;10=h;12=min;16=kW;42=hh_mm,,Einheit,max,,SIN,,,Maximum,min,,SIN,,,Minimum,status,,UIN,0=nicht_aktiv1;2=Pumpenkreis_mit_Kuehlung;3=Mischerkreis_ohne_Kuehlung;4=Mischerkreis_mit_Kuehlung,,Status
[parameter_level_status='Expert_Level']w,15,,Set_HK_Applikationstyp,Applikationstyp Heizkreis 07-076,,10,0623,678a000a,status,,UIN,0=nicht_aktiv1;2=Pumpenkreis_mit_Kuehlung;3=Mischerkreis_ohne_Kuehlung;4=Mischerkreis_mit_Kuehlung,,Status
r,15,,Hk_pumpe,Heizkreispumpe 01-020,,,0621,7580000a,tem_p,,TEM_P,,,,type,,UCH,0=none;2=on_off;4=Zeit;9=selection;13=Temperatur;64=Dauer;77=TemperaturSchwelle;141=TemperaturSoll;192=range,,Datentyp,unit,,UCH,0=none;2=_C;4=K;8=__0;10=h;12=min;16=kW;42=hh_mm,,Einheit,max,,SIN,,,Maximum,min,,SIN,,,Minimum,status,,UIN,,,Stellgröße für eine Heizkreispumpe
r,15,,Hk_mischer,Mischer 01-021,,,0621,7581000a,tem_p,,TEM_P,,,,type,,UCH,0=none;2=on_off;4=Zeit;9=selection;13=Temperatur;64=Dauer;77=TemperaturSchwelle;141=TemperaturSoll;192=range,,Datentyp,unit,,UCH,0=none;2=_C;4=K;8=__0;10=h;12=min;16=kW;42=hh_mm,,Einheit,range,,SCH,,,Range,ign,,IGN:1,,,,range,,SCH,,,Range,ign,,IGN:1,,,,status,,SCH,,%,Stellgröße für ein Heizkreis Mischventil
r,15,,Leistung_heizung_ping,Heizleistung Heizbetrieb 02-040,,,0621,02a80050,tem_p,,TEM_P,,,,type,,UCH,0=none;2=on_off;4=Zeit;9=selection;13=Temperatur;64=Dauer;77=TemperaturSchwelle;141=TemperaturSoll;192=range,,Datentyp,unit,,UCH,0=none;2=_C;4=K;8=__0;10=h;12=min;16=kW;42=hh_mm,,Einheit,max,,SIN,10,,Maximum (Teiler 10),min,,SIN,10,,Minimum (Teiler 10),temp,,SIN,10,kW,Berechnete Gesamtheizleistung
r,15,,Leistung_ww_ping,Heizleistung Warmwasser 02-041,,,0621,02a90050,tem_p,,TEM_P,,,,type,,UCH,0=none;2=on_off;4=Zeit;9=selection;13=Temperatur;64=Dauer;77=TemperaturSchwelle;141=TemperaturSoll;192=range,,Datentyp,unit,,UCH,0=none;2=_C;4=K;8=__0;10=h;12=min;16=kW;42=hh_mm,,Einheit,max,,SIN,10,,Maximum (Teiler 10),min,,SIN,10,,Minimum (Teiler 10),temp,,SIN,10,kW,Berechnete Gesamt Warmwasser Ladeleistung
r,15,,WM_Status_ping,Status Wärmemanager 02-054,,,0621,02b60050,tem_p,,TEM_P,,,,type,,UCH,0=none;2=on_off;4=Zeit;9=selection;13=Temperatur;64=Dauer;77=TemperaturSchwelle;141=TemperaturSoll;192=range,,Datentyp,unit,,UCH,0=none;2=_C;4=K;8=__0;10=h;12=min;16=kW;42=hh_mm,,Einheit,max,,SIN,,,Maximum,min,,SIN,,,Minimum,status,,UIN,0=Abgeschaltet;1=Heizen;2=Kuehlen;16=Stoerung,,Zustand Wärmemanagerfunktion
r,15,,WW_Time,Uhrzeit 02-072,,,0621,02c80050,tem_p,,TEM_P,,,,type,,UCH,0=none;2=on_off;4=Zeit;9=selection;13=Temperatur;64=Dauer;77=TemperaturSchwelle;141=TemperaturSoll;192=range,,Datentyp,unit,,UCH,0=none;2=_C;4=K;8=__0;10=h;12=min;16=kW;42=hh_mm,,Einheit,max,,MIN,,,Maximum,min,,MIN,,,Minimum,time,,MIN,,,Uhrzeit
r,15,,WW_Wd,Wochentag 02-073,,,0621,02c90050,tem_p,,TEM_P,,,,type,,UCH,0=none;2=on_off;4=Zeit;9=selection;13=Temperatur;64=Dauer;77=TemperaturSchwelle;141=TemperaturSoll;192=range,,Datentyp,unit,,UCH,0=none;2=_C;4=K;8=__0;10=h;12=min;16=kW;42=hh_mm,,Einheit,wd,,BDY,,,Weekday,ign,,IGN:1,,,,wd,,BDY,,,Weekday,ign,,IGN:1,,,,day,,BDY,,,Wochentag
r,15,,WM_Anlage_temp_ping,Anlagetemperatur 00-107 (00-096),,,0621,000e0050,tem_p,,TEM_P,,,,type,,UCH,0=none;2=on_off;4=Zeit;9=selection;13=Temperatur;64=Dauer;77=TemperaturSchwelle;141=TemperaturSoll;192=range,,Datentyp,unit,,UCH,0=none;2=_C;4=K;8=__0;10=h;12=min;16=kW;42=hh_mm,,Einheit,max,,SIN,10,°C,Maximum,min,,SIN,10,°C,Minimum,temp,,SIN,10,°C,Anlagen Vorlauftemperatur für Heizbetrieb (Verteiler)
r,15,,Puffer_temp_oben,Puffertemperatur oben 00-015,,,0621,7a800010,tem_p,,TEM_P,,,,type,,UCH,0=none;2=on_off;4=Zeit;9=selection;13=Temperatur;64=Dauer;77=TemperaturSchwelle;141=TemperaturSoll;192=range,,Datentyp,unit,,UCH,0=none;2=_C;4=K;8=__0;10=h;12=min;16=kW;42=hh_mm,,Einheit,max,,SIN,10,°C,Maximum,min,,SIN,10,°C,Minimum,temp,,SIN,10,°C,Obere Heizungspuffer Temperatur (Einschalttemperatur)
r,15,,Anlage_solltemp_ww,Anlage Sollwert Warmwasserbetrieb 01-097,,,0621,7a810010,tem_p,,TEM_P,,,,type,,UCH,0=none;2=on_off;4=Zeit;9=selection;13=Temperatur;64=Dauer;77=TemperaturSchwelle;141=TemperaturSoll;192=range,,Datentyp,unit,,UCH,0=none;2=_C;4=K;8=__0;10=h;12=min;16=kW;42=hh_mm,,Einheit,max,,SIN,,°C,Maximum,min,,SIN,,°C,Minimum,temp,,SIN,,°C,Berechneter Sollwert für die Anlagenvorlauftemperatur Warmwasser Ladebetrieb
r,15,,WM_Anlage_temp,Anlagetemperatur 00-107,,,0621,7a820010,tem_p,,TEM_P,,,,type,,UCH,0=none;2=on_off;4=Zeit;9=selection;13=Temperatur;64=Dauer;77=TemperaturSchwelle;141=TemperaturSoll;192=range,,Datentyp,unit,,UCH,0=none;2=_C;4=K;8=__0;10=h;12=min;16=kW;42=hh_mm,,Einheit,max,,SIN,10,°C,Maximum,min,,SIN,10,°C,Minimum,temp,,SIN,10,°C,Anlagen Vorlauftemperatur für Heizbetrieb (Verteiler)
r,15,,Anlage_solltemp_heizung,Anlagetemperatur Sollwert 01-107,,,0621,7a830010,tem_p,,TEM_P,,,,type,,UCH,0=none;2=on_off;4=Zeit;9=selection;13=Temperatur;64=Dauer;77=TemperaturSchwelle;141=TemperaturSoll;192=range,,Datentyp,unit,,UCH,0=none;2=_C;4=K;8=__0;10=h;12=min;16=kW;42=hh_mm,,Einheit,max,,SIN,10,°C,Maximum,min,,SIN,10,°C,Minimum,temp,,SIN,10,°C,Berechneter Sollwert für die Anlagenvorlauftemperatur Heizbetrieb
r,15,,Leistung_heizung,Heizleistung Heizbetrieb 02-040,,,0621,7a840010,tem_p,,TEM_P,,,,type,,UCH,0=none;2=on_off;4=Zeit;9=selection;13=Temperatur;64=Dauer;77=TemperaturSchwelle;141=TemperaturSoll;192=range,,Datentyp,unit,,UCH,0=none;2=_C;4=K;8=__0;10=h;12=min;16=kW;42=hh_mm,,Einheit,max,,SIN,10,,Maximum (Teiler 10),min,,SIN,10,,Minimum (Teiler 10),temp,,SIN,10,kW,Berechnete Gesamtheizleistung
r,15,,Leistung_ww,Heizleistung Warmwasser 02-041,,,0621,7a850010,tem_p,,TEM_P,,,,type,,UCH,0=none;2=on_off;4=Zeit;9=selection;13=Temperatur;64=Dauer;77=TemperaturSchwelle;141=TemperaturSoll;192=range,,Datentyp,unit,,UCH,0=none;2=_C;4=K;8=__0;10=h;12=min;16=kW;42=hh_mm,,Einheit,max,,SIN,10,,Maximum (Teiler 10),min,,SIN,10,,Minimum (Teiler 10),temp,,SIN,10,kW,Berechnete Gesamt Warmwasser Ladeleistung
r,15,,WM_Status,Status Wärmemanager 02-054,,,0621,7a860010,tem_p,,TEM_P,,,,type,,UCH,0=none;2=on_off;4=Zeit;9=selection;13=Temperatur;64=Dauer;77=TemperaturSchwelle;141=TemperaturSoll;192=range,,Datentyp,unit,,UCH,0=none;2=_C;4=K;8=__0;10=h;12=min;16=kW;42=hh_mm,,Einheit,max,,SIN,,,Maximum,min,,SIN,,,Minimum,status,,UIN,0=Abgeschaltet;1=Heizen;2=Kuehlen;16=Stoerung,,Zustand Wärmemanagerfunktion
[parameter_level_status='User_Level']r,15,,WM_Betriebswahl,Betriebswahl Wärmemanager 06-015,,,0621,66800000,tem_p,,TEM_P,,,,type,,UCH,0=none;2=on_off;4=Zeit;9=selection;13=Temperatur;64=Dauer;77=TemperaturSchwelle;141=TemperaturSoll;192=range,,Datentyp,unit,,UCH,0=none;2=_C;4=K;8=__0;10=h;12=min;16=kW;42=hh_mm,,Einheit,max,,SIN,,,Maximum,min,,SIN,,,Minimum,status,,UIN,1=Automatik;4=Handbetrieb_Heizen;5=Handbetrieb_Kuehlen,,Status
[parameter_level_status='User_Level']w,15,,Set_WM_Betriebswahl,Betriebswahl Wärmemanager 06-015,,10,0623,66800000,status,,UIN,1=Automatik;4=Handbetrieb_Heizen;5=Handbetrieb_Kuehlen,,Status
[parameter_level_status='User_Level']r,15,,WM_Hand_temp_soll,Solltemperatur Handbetrieb 06-016,,,0621,66800010,tem_p,,TEM_P,,,,type,,UCH,0=none;2=on_off;4=Zeit;9=selection;13=Temperatur;64=Dauer;77=TemperaturSchwelle;141=TemperaturSoll;192=range,,Datentyp,unit,,UCH,0=none;2=_C;4=K;8=__0;10=h;12=min;16=kW;42=hh_mm,,Einheit,max,,SIN,,,Maximum,min,,SIN,,,Minimum,temp,,SIN,10,°C,Sollwert für die Wärmeerzeuger Vorlauftemperatur im Handbetrieb.
[parameter_level_status='User_Level']w,15,,Set_WM_Hand_temp_soll,Solltemperatur Handbetrieb 06-016,,10,0623,66800010,temp,,SIN,10,°C,Sollwert für die Wärmeerzeuger Vorlauftemperatur im Handbetrieb.
[parameter_level_status='User_Level']r,15,,WM_Applikationstyp,Applikationstyp Wärmemanager 06-076,,,0621,66800020,tem_p,,TEM_P,,,,type,,UCH,0=none;2=on_off;4=Zeit;9=selection;13=Temperatur;64=Dauer;77=TemperaturSchwelle;141=TemperaturSoll;192=range,,Datentyp,unit,,UCH,0=none;2=_C;4=K;8=__0;10=h;12=min;16=kW;42=hh_mm,,Einheit,max,,SIN,,,Maximum,min,,SIN,,,Minimum,status,,UIN,0=kein_Pufferspeicher;1=Puffer_ohne_WW;2=Puffer_mit_WW;3=Reversibler_Puffer;4=Puffer_mit_WW_Kuehlpuffer,,Damit kann ein vordefinierter Parametersatz für die Wärmepumpenfunktion geladen werden
[parameter_level_status='User_Level']w,15,,Set_WM_Applikationstyp,Applikationstyp Wärmemanager 06-076,,10,0623,66800020,status,,UIN,0=kein_Pufferspeicher;1=Puffer_ohne_WW;2=Puffer_mit_WW;3=Reversibler_Puffer;4=Puffer_mit_WW_Kuehlpuffer,,Damit kann ein vordefinierter Parametersatz für die Wärmepumpenfunktion geladen werden
[parameter_level_status='Expert_Level']r,15,,Max_ww_ladeleistung,Maximale Warmwasser Ladeleistung System 06-000,,,0621,66800010,tem_p,,TEM_P,,,,type,,UCH,0=none;2=on_off;4=Zeit;9=selection;13=Temperatur;64=Dauer;77=TemperaturSchwelle;141=TemperaturSoll;192=range,,Datentyp,unit,,UCH,0=none;2=_C;4=K;8=__0;10=h;12=min;16=kW;42=hh_mm,,Einheit,max,,SIN,10,,Maximum (Teiler 10),min,,SIN,10,,Minimum (Teiler 10),temp,,SIN,10,kW,
[parameter_level_status='Expert_Level']w,15,,Set_Max_ww_ladeleistung,Maximale Warmwasser Ladeleistung System 06-000,,10,0623,66800010,temp,,SIN,10,kW,
[parameter_level_status='Expert_Level']r,15,,Max_heizleistung,Maximale Heizleistung System 06-001,,,0621,66810010,tem_p,,TEM_P,,,,type,,UCH,0=none;2=on_off;4=Zeit;9=selection;13=Temperatur;64=Dauer;77=TemperaturSchwelle;141=TemperaturSoll;192=range,,Datentyp,unit,,UCH,0=none;2=_C;4=K;8=__0;10=h;12=min;16=kW;42=hh_mm,,Einheit,max,,SIN,10,,Maximum (Teiler 10),min,,SIN,10,,Minimum (Teiler 10),temp,,SIN,10,kW,
[parameter_level_status='Expert_Level']w,15,,Set_Max_heizleistung,Maximale Heizleistung System 06-001,,10,0623,66810010,temp,,SIN,10,kW,
[parameter_level_status='Expert_Level']r,15,,Max_kuehlleistung,Maximale Kühlleistung System 06-002,,,0621,66820010,tem_p,,TEM_P,,,,type,,UCH,0=none;2=on_off;4=Zeit;9=selection;13=Temperatur;64=Dauer;77=TemperaturSchwelle;141=TemperaturSoll;192=range,,Datentyp,unit,,UCH,0=none;2=_C;4=K;8=__0;10=h;12=min;16=kW;42=hh_mm,,Einheit,max,,SIN,10,,Maximum (Teiler 10),min,,SIN,10,,Minimum (Teiler 10),temp,,SIN,10,kW,
[parameter_level_status='Expert_Level']w,15,,Set_Max_kuehlleistung,Maximale Kühlleistung System 06-002,,10,0623,66820010,temp,,SIN,10,kW,
[parameter_level_status='Expert_Level']r,15,,Pufferfunktion,Pufferfunktion 06-003,,,0621,66830010,tem_p,,TEM_P,,,,type,,UCH,0=none;2=on_off;4=Zeit;9=selection;13=Temperatur;64=Dauer;77=TemperaturSchwelle;141=TemperaturSoll;192=range,,Datentyp,unit,,UCH,0=none;2=_C;4=K;8=__0;10=h;12=min;16=kW;42=hh_mm,,Einheit,max,,SIN,,,Maximum,min,,SIN,,,Minimum,status,,UIN,0=kein_Puffer;1=Heizungspuffer;2=Kombipuffer,,Status
[parameter_level_status='Expert_Level']w,15,,Set_Pufferfunktion,Pufferfunktion 06-003,,10,0623,66830010,status,,UIN,0=kein_Puffer;1=Heizungspuffer;2=Kombipuffer,,Status
[parameter_level_status='Expert_Level']r,15,,Ueberhoehung_we_sollwert,Überhöhung Wärmeerzeuger Sollwert 06-004,,,0621,66840010,tem_p,,TEM_P,,,,type,,UCH,0=none;2=on_off;4=Zeit;9=selection;13=Temperatur;64=Dauer;77=TemperaturSchwelle;141=TemperaturSoll;192=range,,Datentyp,unit,,UCH,0=none;2=_C;4=K;8=__0;10=h;12=min;16=kW;42=hh_mm,,Einheit,max,,SIN,10,°C,Maximum,min,,SIN,10,°C,Minimum,temp,,SIN,10,°C,Temperatur (Teiler 10)
[parameter_level_status='Expert_Level']w,15,,Set_Ueberhoehung_we_sollwert,Überhöhung Wärmeerzeuger Sollwert 06-004,,10,0623,66840010,temp,,SIN,10,°C,Temperatur (Teiler 10)
[parameter_level_status='Expert_Level']r,15,,Sollwertoffset_fuehler_puffer_mitte,Sollwertoffset Anschaltfühler Puffer mitte 06-005,,,0621,66850010,tem_p,,TEM_P,,,,type,,UCH,0=none;2=on_off;4=Zeit;9=selection;13=Temperatur;64=Dauer;77=TemperaturSchwelle;141=TemperaturSoll;192=range,,Datentyp,unit,,UCH,0=none;2=_C;4=K;8=__0;10=h;12=min;16=kW;42=hh_mm,,Einheit,max,,SIN,10,°C,Maximum,min,,SIN,10,°C,Minimum,temp,,SIN,10,°C,Temperatur (Teiler 10)
[parameter_level_status='Expert_Level']w,15,,Set_Sollwertoffset_fuehler_puffer_mitte,Sollwertoffset Anschaltfühler Puffer mitte 06-005,,10,0623,66850010,temp,,SIN,10,°C,Temperatur (Teiler 10)
[parameter_level_status='Expert_Level']r,15,,Temp_puffer_min,Puffer Minimaltemperatur 06-006,,,0621,66860010,tem_p,,TEM_P,,,,type,,UCH,0=none;2=on_off;4=Zeit;9=selection;13=Temperatur;64=Dauer;77=TemperaturSchwelle;141=TemperaturSoll;192=range,,Datentyp,unit,,UCH,0=none;2=_C;4=K;8=__0;10=h;12=min;16=kW;42=hh_mm,,Einheit,max,,SIN,10,°C,Maximum,min,,SIN,10,°C,Minimum,temp,,SIN,10,°C,Temperatur (Teiler 10)
[parameter_level_status='Expert_Level']w,15,,Set_Temp_puffer_min,Puffer Minimaltemperatur 06-006,,10,0623,66860010,temp,,SIN,10,°C,Temperatur (Teiler 10)
[parameter_level_status='Expert_Level']r,15,,Proportionalbereich_wm,Proportionalbereich Wärmemanager 06-010,,,0621,66870010,tem_p,,TEM_P,,,,type,,UCH,0=none;2=on_off;4=Zeit;9=selection;13=Temperatur;64=Dauer;77=TemperaturSchwelle;141=TemperaturSoll;192=range,,Datentyp,unit,,UCH,0=none;2=_C;4=K;8=__0;10=h;12=min;16=kW;42=hh_mm,,Einheit,max,,SIN,10,,Maximum (Teiler 10),min,,SIN,10,,Minimum (Teiler 10),temp,,SIN,10,K,
[parameter_level_status='Expert_Level']w,15,,Set_Proportionalbereich_wm,Proportionalbereich Wärmemanager 06-010,,10,0623,66870010,temp,,SIN,10,K,
[parameter_level_status='Expert_Level']r,15,,Nachstellzeit_wm,Nachstellzeit Wärmemanager 06-011,,,0621,66880010,tem_p,,TEM_P,,,,type,,UCH,0=none;2=on_off;4=Zeit;9=selection;13=Temperatur;64=Dauer;77=TemperaturSchwelle;141=TemperaturSoll;192=range,,Datentyp,unit,,UCH,0=none;2=_C;4=K;8=__0;10=h;12=min;16=kW;42=hh_mm,,Einheit,max,,SIN,10,,Maximum (Teiler 10),min,,SIN,10,,Minimum (Teiler 10),time,,SIN,10,min,
[parameter_level_status='Expert_Level']w,15,,Set_Nachstellzeit_wm,Nachstellzeit Wärmemanager 06-011,,10,0623,66880010,time,,SIN,10,min,
[parameter_level_status='Expert_Level']r,15,,Vorhaltezeit_wm,Vorhaltezeit Wärmemanager 06-012,,,0621,66890010,tem_p,,TEM_P,,,,type,,UCH,0=none;2=on_off;4=Zeit;9=selection;13=Temperatur;64=Dauer;77=TemperaturSchwelle;141=TemperaturSoll;192=range,,Datentyp,unit,,UCH,0=none;2=_C;4=K;8=__0;10=h;12=min;16=kW;42=hh_mm,,Einheit,max,,SIN,10,,Maximum (Teiler 10),min,,SIN,10,,Minimum (Teiler 10),time,,SIN,10,min,
[parameter_level_status='Expert_Level']w,15,,Set_Vorhaltezeit_wm,Vorhaltezeit Wärmemanager 06-012,,10,0623,66890010,time,,SIN,10,min,
[parameter_level_status='Expert_Level']r,15,,Reduktion_anlagevl_sollwert_stoerung,Reduktion Anlagevorlauf Sollwert bei Störung 06-013,,,0621,668a0010,tem_p,,TEM_P,,,,type,,UCH,0=none;2=on_off;4=Zeit;9=selection;13=Temperatur;64=Dauer;77=TemperaturSchwelle;141=TemperaturSoll;192=range,,Datentyp,unit,,UCH,0=none;2=_C;4=K;8=__0;10=h;12=min;16=kW;42=hh_mm,,Einheit,max,,SIN,10,,Maximum (Teiler 10),min,,SIN,10,,Minimum (Teiler 10),temp,,SIN,10,K,
[parameter_level_status='Expert_Level']w,15,,Set_Reduktion_anlagevl_sollwert_stoerung,Reduktion Anlagevorlauf Sollwert bei Störung 06-013,,10,0623,668a0010,temp,,SIN,10,K,
[parameter_level_status='Expert_Level']r,15,,WM_Betriebswahl,Betriebswahl Wärmemanager 06-015,,,0621,668b0010,tem_p,,TEM_P,,,,type,,UCH,0=none;2=on_off;4=Zeit;9=selection;13=Temperatur;64=Dauer;77=TemperaturSchwelle;141=TemperaturSoll;192=range,,Datentyp,unit,,UCH,0=none;2=_C;4=K;8=__0;10=h;12=min;16=kW;42=hh_mm,,Einheit,max,,SIN,,,Maximum,min,,SIN,,,Minimum,status,,UIN,1=Automatik;4=Handbetrieb_Heizen;5=Handbetrieb_Kuehlen,,Status
[parameter_level_status='Expert_Level']w,15,,Set_WM_Betriebswahl,Betriebswahl Wärmemanager 06-015,,10,0623,668b0010,status,,UIN,1=Automatik;4=Handbetrieb_Heizen;5=Handbetrieb_Kuehlen,,Status
[parameter_level_status='Expert_Level']r,15,,WM_Hand_temp_soll,Solltemperatur Handbetrieb 06-016,,,0621,668c0010,tem_p,,TEM_P,,,,type,,UCH,0=none;2=on_off;4=Zeit;9=selection;13=Temperatur;64=Dauer;77=TemperaturSchwelle;141=TemperaturSoll;192=range,,Datentyp,unit,,UCH,0=none;2=_C;4=K;8=__0;10=h;12=min;16=kW;42=hh_mm,,Einheit,max,,SIN,,,Maximum,min,,SIN,,,Minimum,temp,,SIN,10,°C,Temperatur (Teiler 10)
[parameter_level_status='Expert_Level']w,15,,Set_WM_Hand_temp_soll,Solltemperatur Handbetrieb 06-016,,10,0623,668c0010,temp,,SIN,10,°C,Temperatur (Teiler 10)
[parameter_level_status='Expert_Level']r,15,,Max_sollwertsteigung_hz,Maximale Sollwertsteigung Heizbetrieb 06-017,,,0621,668d0010,tem_p,,TEM_P,,,,type,,UCH,0=none;2=on_off;4=Zeit;9=selection;13=Temperatur;64=Dauer;77=TemperaturSchwelle;141=TemperaturSoll;192=range,,Datentyp,unit,,UCH,0=none;2=_C;4=K;8=__0;10=h;12=min;16=kW;42=hh_mm,,Einheit,max,,SIN,10,,Maximum (Teiler 10),min,,SIN,10,,Minimum (Teiler 10),value,,SIN,10,K/min,
[parameter_level_status='Expert_Level']w,15,,Set_Max_sollwertsteigung_hz,Maximale Sollwertsteigung Heizbetrieb 06-017,,10,0623,668d0010,value,,SIN,10,K/min,
[parameter_level_status='Expert_Level']r,15,,Max_sollwertsteigung_ww,Maximale Sollwertsteigung Warmwasserbetrieb 06-018,,,0621,668e0010,tem_p,,TEM_P,,,,type,,UCH,0=none;2=on_off;4=Zeit;9=selection;13=Temperatur;64=Dauer;77=TemperaturSchwelle;141=TemperaturSoll;192=range,,Datentyp,unit,,UCH,0=none;2=_C;4=K;8=__0;10=h;12=min;16=kW;42=hh_mm,,Einheit,max,,SIN,10,,Maximum (Teiler 10),min,,SIN,10,,Minimum (Teiler 10),value,,SIN,10,K/min,
[parameter_level_status='Expert_Level']w,15,,Set_Max_sollwertsteigung_ww,Maximale Sollwertsteigung Warmwasserbetrieb 06-018,,10,0623,668e0010,value,,SIN,10,K/min,
[parameter_level_status='Expert_Level']r,15,,Sequenzwechselzeit,Sequenzwechselzeit 06-020,,,0621,668f0010,tem_p,,TEM_P,,,,type,,UCH,0=none;2=on_off;4=Zeit;9=selection;13=Temperatur;64=Dauer;77=TemperaturSchwelle;141=TemperaturSoll;192=range,,Datentyp,unit,,UCH,0=none;2=_C;4=K;8=__0;10=h;12=min;16=kW;42=hh_mm,,Einheit,max,,SIN,,,Maximum,min,,SIN,,,Minimum,status,,UIN,0=kein_Wechsel;1=Nach_1_Woche;2=Nach_2_Wochen;3=Nach_3_Wochen;4=Nach_4_Wochen;5=Nach_5_Wochen;6=Nach_6_Wochen;7=Nach_7_Wochen;8=sonstiger_Sequenzwechsel,,Status
[parameter_level_status='Expert_Level']w,15,,Set_Sequenzwechselzeit,Sequenzwechselzeit 06-020,,10,0623,668f0010,status,,UIN,0=kein_Wechsel;1=Nach_1_Woche;2=Nach_2_Wochen;3=Nach_3_Wochen;4=Nach_4_Wochen;5=Nach_5_Wochen;6=Nach_6_Wochen;7=Nach_7_Wochen;8=sonstiger_Sequenzwechsel,,Status
[parameter_level_status='Expert_Level']r,15,,Temp_puffer_soll_ez,Puffer Solltemperatur für Energiezwang 06-025,,,0621,66900010,tem_p,,TEM_P,,,,type,,UCH,0=none;2=on_off;4=Zeit;9=selection;13=Temperatur;64=Dauer;77=TemperaturSchwelle;141=TemperaturSoll;192=range,,Datentyp,unit,,UCH,0=none;2=_C;4=K;8=__0;10=h;12=min;16=kW;42=hh_mm,,Einheit,max,,SIN,10,°C,Maximum,min,,SIN,10,°C,Minimum,temp,,SIN,10,°C,Temperatur (Teiler 10)
[parameter_level_status='Expert_Level']w,15,,Set_Temp_puffer_soll_ez,Puffer Solltemperatur für Energiezwang 06-025,,10,0623,66900010,temp,,SIN,10,°C,Temperatur (Teiler 10)
[parameter_level_status='Expert_Level']r,15,,Temp_puffer_max,Puffer Maximaltemperatur 06-026,,,0621,66910010,tem_p,,TEM_P,,,,type,,UCH,0=none;2=on_off;4=Zeit;9=selection;13=Temperatur;64=Dauer;77=TemperaturSchwelle;141=TemperaturSoll;192=range,,Datentyp,unit,,UCH,0=none;2=_C;4=K;8=__0;10=h;12=min;16=kW;42=hh_mm,,Einheit,max,,SIN,10,°C,Maximum,min,,SIN,10,°C,Minimum,temp,,SIN,10,°C,Temperatur (Teiler 10)
[parameter_level_status='Expert_Level']w,15,,Set_Temp_puffer_max,Puffer Maximaltemperatur 06-026,,10,0623,66910010,temp,,SIN,10,°C,Temperatur (Teiler 10)
[parameter_level_status='Expert_Level']r,15,,Temp_puffer_soll_sonder,Puffer Solltemperatur bei Sonderfreigabe 06-027,,,0621,66920010,tem_p,,TEM_P,,,,type,,UCH,0=none;2=on_off;4=Zeit;9=selection;13=Temperatur;64=Dauer;77=TemperaturSchwelle;141=TemperaturSoll;192=range,,Datentyp,unit,,UCH,0=none;2=_C;4=K;8=__0;10=h;12=min;16=kW;42=hh_mm,,Einheit,max,,SIN,10,°C,Maximum,min,,SIN,10,°C,Minimum,temp,,SIN,10,°C,Temperatur (Teiler 10)
[parameter_level_status='Expert_Level']w,15,,Set_Temp_puffer_soll_sonder,Puffer Solltemperatur bei Sonderfreigabe 06-027,,10,0623,66920010,temp,,SIN,10,°C,Temperatur (Teiler 10)
[parameter_level_status='Expert_Level']r,15,,Nachlaufzeit_sonder,Nachlaufzeit Sonderfreigabe 06-028,,,0621,66930010,tem_p,,TEM_P,,,,type,,UCH,0=none;2=on_off;4=Zeit;9=selection;13=Temperatur;64=Dauer;77=TemperaturSchwelle;141=TemperaturSoll;192=range,,Datentyp,unit,,UCH,0=none;2=_C;4=K;8=__0;10=h;12=min;16=kW;42=hh_mm,,Einheit,max,,SIN,,,Maximum,min,,SIN,,,Minimum,time,,SIN,,h,
[parameter_level_status='Expert_Level']w,15,,Set_Nachlaufzeit_sonder,Nachlaufzeit Sonderfreigabe 06-028,,10,0623,66930010,time,,SIN,,h,
[parameter_level_status='Expert_Level']r,15,,WM_Applikationstyp,Applikationstyp Wärmemanager 06-076,,,0621,66940010,tem_p,,TEM_P,,,,type,,UCH,0=none;2=on_off;4=Zeit;9=selection;13=Temperatur;64=Dauer;77=TemperaturSchwelle;141=TemperaturSoll;192=range,,Datentyp,unit,,UCH,0=none;2=_C;4=K;8=__0;10=h;12=min;16=kW;42=hh_mm,,Einheit,max,,SIN,,,Maximum,min,,SIN,,,Minimum,status,,UIN,0=kein_Pufferspeicher;1=Puffer_ohne_WW;2=Puffer_mit_WW;3=Reversibler_Puffer;4=Puffer_mit_WW_Kuehlpuffer,,Status
[parameter_level_status='Expert_Level']w,15,,Set_WM_Applikationstyp,Applikationstyp Wärmemanager 06-076,,10,0623,66940010,status,,UIN,0=kein_Pufferspeicher;1=Puffer_ohne_WW;2=Puffer_mit_WW;3=Reversibler_Puffer;4=Puffer_mit_WW_Kuehlpuffer,,Status
[parameter_level_status='Expert_Level']r,15,,Temp_max_ww_solar,Warmwasser Maximaltemperatur Solarladung 08-059,,,0621,66950010,tem_p,,TEM_P,,,,type,,UCH,0=none;2=on_off;4=Zeit;9=selection;13=Temperatur;64=Dauer;77=TemperaturSchwelle;141=TemperaturSoll;192=range,,Datentyp,unit,,UCH,0=none;2=_C;4=K;8=__0;10=h;12=min;16=kW;42=hh_mm,,Einheit,max,,SIN,10,°C,Maximum,min,,SIN,10,°C,Minimum,temp,,SIN,10,°C,Temperatur (Teiler 10)
[parameter_level_status='Expert_Level']w,15,,Set_Temp_max_ww_solar,Warmwasser Maximaltemperatur Solarladung 08-059,,10,0623,66950010,temp,,SIN,10,°C,Temperatur (Teiler 10)
[parameter_level_status='Expert_Level']r,15,,Sollwertreduktion_solar,Sollwertreduktion bei Solar aktiv 08-072,,,0621,66960010,tem_p,,TEM_P,,,,type,,UCH,0=none;2=on_off;4=Zeit;9=selection;13=Temperatur;64=Dauer;77=TemperaturSchwelle;141=TemperaturSoll;192=range,,Datentyp,unit,,UCH,0=none;2=_C;4=K;8=__0;10=h;12=min;16=kW;42=hh_mm,,Einheit,max,,SIN,,,Maximum,min,,SIN,,,Minimum,temp,,SIN,,K,
[parameter_level_status='Expert_Level']w,15,,Set_Sollwertreduktion_solar,Sollwertreduktion bei Solar aktiv 08-072,,10,0623,66960010,temp,,SIN,,K,
[parameter_level_status='Expert_Level']r,15,,Solarleistung_sollwertreduktion,Solarleistung Sollwertreduktion 08-073,,,0621,66970010,tem_p,,TEM_P,,,,type,,UCH,0=none;2=on_off;4=Zeit;9=selection;13=Temperatur;64=Dauer;77=TemperaturSchwelle;141=TemperaturSoll;192=range,,Datentyp,unit,,UCH,0=none;2=_C;4=K;8=__0;10=h;12=min;16=kW;42=hh_mm,,Einheit,max,,SIN,10,,Maximum (Teiler 10),min,,SIN,10,,Minimum (Teiler 10),value,,SIN,10,kW,
[parameter_level_status='Expert_Level']w,15,,Set_Solarleistung_sollwertreduktion,Solarleistung Sollwertreduktion 08-073,,10,0623,66970010,value,,SIN,10,kW,
[parameter_level_status='Expert_Level']r,15,,Temp_min_ww_solar,Warmwasser Minimaltemperatur bei Solar aktiv 08-079,,,0621,66980010,tem_p,,TEM_P,,,,type,,UCH,0=none;2=on_off;4=Zeit;9=selection;13=Temperatur;64=Dauer;77=TemperaturSchwelle;141=TemperaturSoll;192=range,,Datentyp,unit,,UCH,0=none;2=_C;4=K;8=__0;10=h;12=min;16=kW;42=hh_mm,,Einheit,max,,SIN,10,°C,Maximum,min,,SIN,10,°C,Minimum,temp,,SIN,10,°C,Temperatur (Teiler 10)
[parameter_level_status='Expert_Level']w,15,,Set_Temp_min_ww_solar,Warmwasser Minimaltemperatur bei Solar aktiv 08-079,,10,0623,66980010,temp,,SIN,10,°C,Temperatur (Teiler 10)
[parameter_level_status='Expert_Level']r,15,,Umlenkventil_puffer,Umlenkventil Puffer 22-065,,,0621,7b800010,tem_p,,TEM_P,,,,type,,UCH,0=none;2=on_off;4=Zeit;9=selection;13=Temperatur;64=Dauer;77=TemperaturSchwelle;141=TemperaturSoll;192=range,,Datentyp,unit,,UCH,0=none;2=_C;4=K;8=__0;10=h;12=min;16=kW;42=hh_mm,,Einheit,max,,SIN,,,Maximum,min,,SIN,,,Minimum,status,,UIN,,,Stellgröße für eine Heizkreispumpe
r,15,,Date,Datum 02-070,,,0621,02c60040,tem_p,,TEM_P,,,,type,,UCH,0=none;2=on_off;4=Zeit;9=selection;13=Temperatur;64=Dauer;77=TemperaturSchwelle;141=TemperaturSoll;192=range,,Datentyp,unit,,UCH,0=none;2=_C;4=K;8=__0;10=h;12=min;16=kW;42=hh_mm,,Einheit,max,,SIN,,,Maximum,min,,SIN,,,Minimum,date,,DAY,,,Zustand Wärmemanagerfunktion
r,15,,GF_Time,Uhrzeit 02-072,,,0621,02c80040,tem_p,,TEM_P,,,,type,,UCH,0=none;2=on_off;4=Zeit;9=selection;13=Temperatur;64=Dauer;77=TemperaturSchwelle;141=TemperaturSoll;192=range,,Datentyp,unit,,UCH,0=none;2=_C;4=K;8=__0;10=h;12=min;16=kW;42=hh_mm,,Einheit,max,,MIN,,,Maximum,min,,MIN,,,Minimum,time,,MIN,,,Uhrzeit
r,15,,GF_Wd,Wochentag 02-073,,,0621,02c90040,tem_p,,TEM_P,,,,type,,UCH,0=none;2=on_off;4=Zeit;9=selection;13=Temperatur;64=Dauer;77=TemperaturSchwelle;141=TemperaturSoll;192=range,,Datentyp,unit,,UCH,0=none;2=_C;4=K;8=__0;10=h;12=min;16=kW;42=hh_mm,,Einheit,wd,,BDY,,,Weekday,ign,,IGN:1,,,,wd,,BDY,,,Weekday,ign,,IGN:1,,,,day,,BDY,,,Wochentag
r,15,,GF_At,Aussentemperatur 00-000,,,0621,78800000,tem_p,,TEM_P,,,,type,,UCH,0=none;2=on_off;4=Zeit;9=selection;13=Temperatur;64=Dauer;77=TemperaturSchwelle;141=TemperaturSoll;192=range,,Datentyp,unit,,UCH,0=none;2=_C;4=K;8=__0;10=h;12=min;16=kW;42=hh_mm,,Einheit,max,,SIN,10,°C,Maximum,min,,SIN,10,°C,Minimum,temp,,SIN,10,°C,Aussentemperatur
r,15,,GF_Ww_temp_ist,Warmwassertemperatur 00-004,,,0621,78810000,tem_p,,TEM_P,,,,type,,UCH,0=none;2=on_off;4=Zeit;9=selection;13=Temperatur;64=Dauer;77=TemperaturSchwelle;141=TemperaturSoll;192=range,,Datentyp,unit,,UCH,0=none;2=_C;4=K;8=__0;10=h;12=min;16=kW;42=hh_mm,,Einheit,max,,SIN,,,Maximum,min,,SIN,,,Minimum,temp,,SIN,10,°C,Obere Warmwasserspeichertemperatur
r,15,,WE_Vl_temp_ist_gf,Vorlauftemperatur Wärmeerzeuger 00-007,,,0621,78820000,tem_p,,TEM_P,,,,type,,UCH,0=none;2=on_off;4=Zeit;9=selection;13=Temperatur;64=Dauer;77=TemperaturSchwelle;141=TemperaturSoll;192=range,,Datentyp,unit,,UCH,0=none;2=_C;4=K;8=__0;10=h;12=min;16=kW;42=hh_mm,,Einheit,max,,SIN,10,°C,Maximum,min,,SIN,10,°C,Minimum,temp,,SIN,10,°C,Wärmeerzeuger Vorlauftemperatur
r,15,,WE_Rl_temp_ist_gf,Rücklauftemperatur Wärmeerzeuger 00-008,,,0621,78830000,tem_p,,TEM_P,,,,type,,UCH,0=none;2=on_off;4=Zeit;9=selection;13=Temperatur;64=Dauer;77=TemperaturSchwelle;141=TemperaturSoll;192=range,,Datentyp,unit,,UCH,0=none;2=_C;4=K;8=__0;10=h;12=min;16=kW;42=hh_mm,,Einheit,max,,SIN,10,°C,Maximum,min,,SIN,10,°C,Minimum,temp,,SIN,10,°C,Wärmeerzeuger Rücklauftemperatur
r,15,,WE_Wq_temp_out_gf,Wärmequelle Austrittstemperatur 00-070,,,0621,78840000,tem_p,,TEM_P,,,,type,,UCH,0=none;2=on_off;4=Zeit;9=selection;13=Temperatur;64=Dauer;77=TemperaturSchwelle;141=TemperaturSoll;192=range,,Datentyp,unit,,UCH,0=none;2=_C;4=K;8=__0;10=h;12=min;16=kW;42=hh_mm,,Einheit,max,,SIN,10,°C,Maximum,min,,SIN,10,°C,Minimum,temp,,SIN,10,°C,Wärmequellen Austrittstemperatur vom Verdampfer
r,15,,WE_Wq_temp_in_gf,Wärmequelle Eintrittstemperatur 00-071,,,0621,78850000,tem_p,,TEM_P,,,,type,,UCH,0=none;2=on_off;4=Zeit;9=selection;13=Temperatur;64=Dauer;77=TemperaturSchwelle;141=TemperaturSoll;192=range,,Datentyp,unit,,UCH,0=none;2=_C;4=K;8=__0;10=h;12=min;16=kW;42=hh_mm,,Einheit,max,,SIN,10,°C,Maximum,min,,SIN,10,°C,Minimum,temp,,SIN,10,°C,Wärmequellen Eintrittstemperatur zum Verdampfer
r,15,,Temp_hg_gf,Heissgastemperatur 00-072,,,0621,78860000,tem_p,,TEM_P,,,,type,,UCH,0=none;2=on_off;4=Zeit;9=selection;13=Temperatur;64=Dauer;77=TemperaturSchwelle;141=TemperaturSoll;192=range,,Datentyp,unit,,UCH,0=none;2=_C;4=K;8=__0;10=h;12=min;16=kW;42=hh_mm,,Einheit,max,,SIN,10,°C,Maximum,min,,SIN,10,°C,Minimum,temp,,SIN,10,°C,Heissgastemperatur im Kältekreis
r,15,,WE_Anlage_temp,Anlagetemperatur 00-107,,,0621,78870000,tem_p,,TEM_P,,,,type,,UCH,0=none;2=on_off;4=Zeit;9=selection;13=Temperatur;64=Dauer;77=TemperaturSchwelle;141=TemperaturSoll;192=range,,Datentyp,unit,,UCH,0=none;2=_C;4=K;8=__0;10=h;12=min;16=kW;42=hh_mm,,Einheit,max,,SIN,10,°C,Maximum,min,,SIN,10,°C,Minimum,temp,,SIN,10,°C,Anlagen Vorlauftemperatur für Heizbetrieb (Verteiler)
r,15,,Anlage_solltemp_heizung_gf,Anlagetemperatur Sollwert 01-107,,,0621,78880000,tem_p,,TEM_P,,,,type,,UCH,0=none;2=on_off;4=Zeit;9=selection;13=Temperatur;64=Dauer;77=TemperaturSchwelle;141=TemperaturSoll;192=range,,Datentyp,unit,,UCH,0=none;2=_C;4=K;8=__0;10=h;12=min;16=kW;42=hh_mm,,Einheit,max,,SIN,10,°C,Maximum,min,,SIN,10,°C,Minimum,temp,,SIN,10,°C,Berechneter Sollwert für die Anlagenvorlauftemperatur Heizbetrieb
[parameter_level_status='User_Level']r,15,,Fuehler_speichern,Fühlerkonfiguration speichern 04-000,,,0621,64800000,tem_p,,TEM_P,,,,type,,UCH,0=none;2=on_off;4=Zeit;9=selection;13=Temperatur;64=Dauer;77=TemperaturSchwelle;141=TemperaturSoll;192=range,,Datentyp,unit,,UCH,0=none;2=_C;4=K;8=__0;10=h;12=min;16=kW;42=hh_mm,,Einheit,max,,SIN,,,Maximum,min,,SIN,,,Minimum,status,,UIN,,,Status
[parameter_level_status='User_Level']r,15,,Kommandos,Kommandos 04-045,,,0621,64810000,tem_p,,TEM_P,,,,type,,UCH,0=none;2=on_off;4=Zeit;9=selection;13=Temperatur;64=Dauer;77=TemperaturSchwelle;141=TemperaturSoll;192=range,,Datentyp,unit,,UCH,0=none;2=_C;4=K;8=__0;10=h;12=min;16=kW;42=hh_mm,,Einheit,max,,SIN,,,Maximum,min,,SIN,,,Minimum,status,,UIN,,,Status
[parameter_level_status='User_Level']r,15,,Modus_austrocknung,Austrocknungsprogramm Modus 04-060,,,0621,64820000,tem_p,,TEM_P,,,,type,,UCH,0=none;2=on_off;4=Zeit;9=selection;13=Temperatur;64=Dauer;77=TemperaturSchwelle;141=TemperaturSoll;192=range,,Datentyp,unit,,UCH,0=none;2=_C;4=K;8=__0;10=h;12=min;16=kW;42=hh_mm,,Einheit,max,,SIN,,,Maximum,min,,SIN,,,Minimum,status,,UIN,,,Status
[parameter_level_status='User_Level']r,15,,GF_Applikationstyp,Applikationstyp Globalfunktion 04-076,,,0621,64830000,tem_p,,TEM_P,,,,type,,UCH,0=none;2=on_off;4=Zeit;9=selection;13=Temperatur;64=Dauer;77=TemperaturSchwelle;141=TemperaturSoll;192=range,,Datentyp,unit,,UCH,0=none;2=_C;4=K;8=__0;10=h;12=min;16=kW;42=hh_mm,,Einheit,max,,SIN,,,Maximum,min,,SIN,,,Minimum,status,,UIN,,,Status
[parameter_level_status='User_Level']r,15,,Hydraulikapplikation,Hydraulikapplikation 04-077,,,0621,64840000,tem_p,,TEM_P,,,,type,,UCH,0=none;2=on_off;4=Zeit;9=selection;13=Temperatur;64=Dauer;77=TemperaturSchwelle;141=TemperaturSoll;192=range,,Datentyp,unit,,UCH,0=none;2=_C;4=K;8=__0;10=h;12=min;16=kW;42=hh_mm,,Einheit,max,,SIN,,,Maximum,min,,SIN,,,Minimum,status,,UIN,,,Status
[parameter_level_status='User_Level']r,15,,Version_sw,SW Version 04-092,,,0621,64850000,tem_p,,TEM_P,,,,type,,UCH,0=none;2=on_off;4=Zeit;9=selection;13=Temperatur;64=Dauer;77=TemperaturSchwelle;141=TemperaturSoll;192=range,,Datentyp,unit,,UCH,0=none;2=_C;4=K;8=__0;10=h;12=min;16=kW;42=hh_mm,,Einheit,max,,SIN,,,Maximum,min,,SIN,,,Minimum,value,,UIN,100,,
[parameter_level_status='User_Level']r,15,,Version_hw,HW Version 04-093,,,0621,64860000,tem_p,,TEM_P,,,,type,,UCH,0=none;2=on_off;4=Zeit;9=selection;13=Temperatur;64=Dauer;77=TemperaturSchwelle;141=TemperaturSoll;192=range,,Datentyp,unit,,UCH,0=none;2=_C;4=K;8=__0;10=h;12=min;16=kW;42=hh_mm,,Einheit,max,,SIN,,,Maximum,min,,SIN,,,Minimum,value,,UIN,100,,
[parameter_level_status='User_Level']r,15,,Idnr_sw,SW ID Nr. 04-094,,,0621,64870000,tem_p,,TEM_P,,,,type,,UCH,0=none;2=on_off;4=Zeit;9=selection;13=Temperatur;64=Dauer;77=TemperaturSchwelle;141=TemperaturSoll;192=range,,Datentyp,unit,,UCH,0=none;2=_C;4=K;8=__0;10=h;12=min;16=kW;42=hh_mm,,Einheit,max,,SIN,,,Maximum,min,,SIN,,,Minimum,value,,UIN,,,
[parameter_level_status='Expert_Level']r,15,,Fuehler_speichern,Fühlerkonfiguration speichern 04-000,,,0621,64800000,tem_p,,TEM_P,,,,type,,UCH,0=none;2=on_off;4=Zeit;9=selection;13=Temperatur;64=Dauer;77=TemperaturSchwelle;141=TemperaturSoll;192=range,,Datentyp,unit,,UCH,0=none;2=_C;4=K;8=__0;10=h;12=min;16=kW;42=hh_mm,,Einheit,max,,SIN,,,Maximum,min,,SIN,,,Minimum,status,,UIN,,,Status
[parameter_level_status='Expert_Level']r,15,,Zuordn_sollwert_in,Sollwerteingang Funktionszuordnung 04-002,,,0621,64810000,
[parameter_level_status='Expert_Level']r,15,,Unit_nr,eBus Unit Nummer 04-020,,,0621,64820000,
[parameter_level_status='Expert_Level']r,15,,Mfa1,Multifunktionsausgang MFA 1 04-030,,,0621,64830000,
[parameter_level_status='Expert_Level']r,15,,Mfa2,Multifunktionsausgang MFA 2 04-031,,,0621,64840000,
[parameter_level_status='Expert_Level']r,15,,Zuordn_sollwert_out,Sollwertausgang Funktionszuordnung 04-037,,,0621,64850000,
[parameter_level_status='Expert_Level']r,15,,Min_dc1,Minimalwert DC Ausgang 1 04-038,,,0621,64860000,
[parameter_level_status='Expert_Level']r,15,,Max_dc1,Maximalwert DC Ausgang 1 04-039,,,0621,64870000,
[parameter_level_status='Expert_Level']r,15,,Service_passwort,Service Passwort 04-040,,,0621,64880000,
[parameter_level_status='Expert_Level']r,15,,Kommandos,Kommandos 04-045,,,0621,64890000,tem_p,,TEM_P,,,,type,,UCH,0=none;2=on_off;4=Zeit;9=selection;13=Temperatur;64=Dauer;77=TemperaturSchwelle;141=TemperaturSoll;192=range,,Datentyp,unit,,UCH,0=none;2=_C;4=K;8=__0;10=h;12=min;16=kW;42=hh_mm,,Einheit,max,,SIN,,,Maximum,min,,SIN,,,Minimum,status,,UIN,,,Status
[parameter_level_status='Expert_Level']r,15,,Modus_austrocknung,Austrocknungsprogramm Modus 04-060,,,0621,648a0000,tem_p,,TEM_P,,,,type,,UCH,0=none;2=on_off;4=Zeit;9=selection;13=Temperatur;64=Dauer;77=TemperaturSchwelle;141=TemperaturSoll;192=range,,Datentyp,unit,,UCH,0=none;2=_C;4=K;8=__0;10=h;12=min;16=kW;42=hh_mm,,Einheit,max,,SIN,,,Maximum,min,,SIN,,,Minimum,status,,UIN,,,Status
[parameter_level_status='Expert_Level']r,15,,Vl_sw_steigung_aufheizen,Vorlaufsollwertsteigung Aufheizphase 04-061,,,0621,648b0000,
[parameter_level_status='Expert_Level']r,15,,Vl_sw_abfall_kuehlen,Vorlaufsollwertabfall Abkühlphase 04-062,,,0621,648c0000,
[parameter_level_status='Expert_Level']r,15,,Vl_sw_beharrung,Vorlaufsollwert Beharrungsphase 04-063,,,0621,648d0000,
[parameter_level_status='Expert_Level']r,15,,Dauer_beharrung,Dauer Beharrungsphase 04-064,,,0621,648e0000,
[parameter_level_status='Expert_Level']r,15,,GF_Applikationstyp,Applikationstyp Globalfunktion 04-076,,,0621,648f0000,tem_p,,TEM_P,,,,type,,UCH,0=none;2=on_off;4=Zeit;9=selection;13=Temperatur;64=Dauer;77=TemperaturSchwelle;141=TemperaturSoll;192=range,,Datentyp,unit,,UCH,0=none;2=_C;4=K;8=__0;10=h;12=min;16=kW;42=hh_mm,,Einheit,max,,SIN,,,Maximum,min,,SIN,,,Minimum,status,,UIN,,,Status
[parameter_level_status='Expert_Level']r,15,,Hydraulikapplikation,Hydraulikapplikation 04-077,,,0621,64900000,tem_p,,TEM_P,,,,type,,UCH,0=none;2=on_off;4=Zeit;9=selection;13=Temperatur;64=Dauer;77=TemperaturSchwelle;141=TemperaturSoll;192=range,,Datentyp,unit,,UCH,0=none;2=_C;4=K;8=__0;10=h;12=min;16=kW;42=hh_mm,,Einheit,max,,SIN,,,Maximum,min,,SIN,,,Minimum,status,,UIN,,,Status
[parameter_level_status='Expert_Level']r,15,,Version_sw,SW Version 04-092,,,0621,64910000,tem_p,,TEM_P,,,,type,,UCH,0=none;2=on_off;4=Zeit;9=selection;13=Temperatur;64=Dauer;77=TemperaturSchwelle;141=TemperaturSoll;192=range,,Datentyp,unit,,UCH,0=none;2=_C;4=K;8=__0;10=h;12=min;16=kW;42=hh_mm,,Einheit,max,,SIN,,,Maximum,min,,SIN,,,Minimum,value,,UIN,100,,
[parameter_level_status='Expert_Level']r,15,,Version_hw,HW Version 04-093,,,0621,64920000,tem_p,,TEM_P,,,,type,,UCH,0=none;2=on_off;4=Zeit;9=selection;13=Temperatur;64=Dauer;77=TemperaturSchwelle;141=TemperaturSoll;192=range,,Datentyp,unit,,UCH,0=none;2=_C;4=K;8=__0;10=h;12=min;16=kW;42=hh_mm,,Einheit,max,,SIN,,,Maximum,min,,SIN,,,Minimum,value,,UIN,100,,
[parameter_level_status='Expert_Level']r,15,,Idnr_sw,SW ID Nr. 04-094,,,0621,64930000,tem_p,,TEM_P,,,,type,,UCH,0=none;2=on_off;4=Zeit;9=selection;13=Temperatur;64=Dauer;77=TemperaturSchwelle;141=TemperaturSoll;192=range,,Datentyp,unit,,UCH,0=none;2=_C;4=K;8=__0;10=h;12=min;16=kW;42=hh_mm,,Einheit,max,,SIN,,,Maximum,min,,SIN,,,Minimum,value,,UIN,,,
[parameter_level_status='Expert_Level']r,15,,Zuordn_sollwert_out2,Sollwertausgang Funktionszuordnung 2 04-107,,,0621,64940000,
[parameter_level_status='Expert_Level']r,15,,Min_dc2,Minimalwert DC Ausgang 2 04-108,,,0621,64950000,
[parameter_level_status='Expert_Level']r,15,,Max_dc2,Maximalwert DC Ausgang 2 04-109,,,0621,64960000,
[parameter_level_status='Expert_Level']r,15,,Einheit_impuls,Einheit Impulseingang 17-000,,,0621,64970000,
[parameter_level_status='Expert_Level']r,15,,Impulsrate,Impulsrate 17-001,,,0621,64980000,
[parameter_level_status='User_Level']r,15,,Sammelstoerung,Sammelstörung 01-099,,,0621,74800000,tem_p,,TEM_P,,,,type,,UCH,0=none;2=on_off;4=Zeit;9=selection;13=Temperatur;64=Dauer;77=TemperaturSchwelle;141=TemperaturSoll;192=range,,Datentyp,unit,,UCH,0=none;2=_C;4=K;8=__0;10=h;12=min;16=kW;42=hh_mm,,Einheit,max,,SIN,,,Maximum,min,,SIN,,,Minimum,status,,UIN,,,Stellgröße für eine Heizkreispumpe
[parameter_level_status='Expert_Level']r,15,,Fernleitungspumpe,Fernleitungspumpe 01-063,,,0621,74800000,tem_p,,TEM_P,,,,type,,UCH,0=none;2=on_off;4=Zeit;9=selection;13=Temperatur;64=Dauer;77=TemperaturSchwelle;141=TemperaturSoll;192=range,,Datentyp,unit,,UCH,0=none;2=_C;4=K;8=__0;10=h;12=min;16=kW;42=hh_mm,,Einheit,max,,SIN,,,Maximum,min,,SIN,,,Minimum,status,,UIN,,,Stellgröße für eine Heizkreispumpe
[parameter_level_status='Expert_Level']r,15,,Sammelstoerung,Sammelstörung 01-099,,,0621,74810000,tem_p,,TEM_P,,,,type,,UCH,0=none;2=on_off;4=Zeit;9=selection;13=Temperatur;64=Dauer;77=TemperaturSchwelle;141=TemperaturSoll;192=range,,Datentyp,unit,,UCH,0=none;2=_C;4=K;8=__0;10=h;12=min;16=kW;42=hh_mm,,Einheit,max,,SIN,,,Maximum,min,,SIN,,,Minimum,status,,UIN,,,Stellgröße für eine Heizkreispumpe
